name,category,refined_material,quantity,size_cm,price,log_price
Green Aventurine Semi Precious Stone Bracelet,Accessories - Jewellery 002,Stone/Marble,1,20.6,295.0,5.69035945432406
Multi Semi Precious Stone Bracelet,Accessories - Jewellery 002,Stone/Marble,1,20.6,1150.0,7.048386408721883
Amethyst Stone Oval Faceted Bracelet,Accessories - Jewellery 002,Stone/Marble,1,20.6,890.0,6.792344427470809
Tiger Eye Adjustable Bracelet,Accessories - Jewellery 002,Other,1,20.6,295.0,5.69035945432406
Pyrite Stone Adjustable Bracelet,Accessories - Jewellery 002,Stone/Marble,1,20.6,295.0,5.69035945432406
Glass Beaded Handcuff in Peach Colour,Accessories - Jewellery 002,Glass,1,20.6,395.0,5.981414211254481
Metallic Handcuff in Multi Colour,Accessories - Jewellery 002,Other,1,20.6,390.0,5.968707559985366
Glass Beaded Sequins Necklace,Accessories - Jewellery 002,Glass,1,20.6,350.0,5.860786223465865
Vankatha Laptop Case,Accessories - Laptop Bags 002,Other,1,20.6,1490.0,7.307202314764738
Elephant Floral Laptop Case,Accessories - Laptop Bags 002,Other,1,20.6,1490.0,7.307202314764738
King Procession Laptop Case,Accessories - Laptop Bags 002,Other,1,20.6,1490.0,7.307202314764738
Ajrakh Laptop Case,Accessories - Laptop Bags 002,Other,1,20.6,1490.0,7.307202314764738
Apollo Bunder Laptop Case,Accessories - Laptop Bags 002,Other,1,20.6,1490.0,7.307202314764738
Vankatha Faux Leather Square Sling Bag,Accessories - Sling Bags 002,Other,1,20.6,1150.0,7.048386408721883
Ajrakh Sitara Box Sling Bag,Accessories - Sling Bags 002,Other,1,20.6,1150.0,7.048386408721883
Navy Floral Girl Sling Bag,Accessories - Sling Bags 002,Other,1,20.6,1150.0,7.048386408721883
Jungle Bliss Girl Sling Bag,Accessories - Sling Bags 002,Other,1,20.6,1150.0,7.048386408721883
Tropical Girl Sling Bag,Accessories - Sling Bags 002,Other,1,20.6,1150.0,7.048386408721883
Ajrakh Brown Box Sling Bag,Accessories - Sling Bags 002,Other,1,20.6,1150.0,7.048386408721883
Mughal Floral Box Sling Bag,Accessories - Sling Bags 002,Other,1,20.6,1150.0,7.048386408721883
Bani Thani Faux Leather Rectangle Sling Bag,Accessories - Sling Bags 002,Other,1,20.6,1150.0,7.048386408721883
Elephant Floral Faux Leather Rectangle Sling Bag,Accessories - Sling Bags 002,Other,1,20.6,1150.0,7.048386408721883
Mughal Floral Faux Leather Rectangle Sling Bag,Accessories - Sling Bags 002,Other,1,20.6,1150.0,7.048386408721883
Madhubani Sun Faux Leather Square Sling Bag,Accessories - Sling Bags 002,Other,1,20.6,1150.0,7.048386408721883
Ajrakh Sitara Mobile Sling Bag (Blue & Red),Accessories - Sling Bags 002,Other,1,20.6,1090.0,6.994849985833071
Warli Mobile Sling Bag (Brown),Accessories - Sling Bags 002,Other,1,20.6,1090.0,6.994849985833071
Suede Leather Passport Sling Bag with Embroidery (5 Zips) - Assorted colours/designs,Accessories - Sling Bags 002,Other,1,20.6,995.0,6.903747257584598
Banarasi Art Silk Brocade Sling Bag (Assorted Design),Accessories - Sling Bags 002,Silk,1,20.6,850.0,6.7464121285733745
Mushroo Quilted Bag,Accessories - Sling Bags 002,Other,1,20.6,750.0,6.621405651764134
Mashroo Bag with Leather Flap,Accessories - Sling Bags 002,Other,1,20.6,895.0,6.79794041297493
Kids Beaded Elephant Sling Bag (Pink Colour),Accessories - Sling Bags 002,Other,1,20.6,495.0,6.206575926724928
Black Beaded Mobile Sling Bag,Accessories - Sling Bags 002,Other,1,20.6,1295.0,7.16703787691222
Suede Leather Round Sling Bag (Assorted colours/designs),Accessories - Sling Bags 002,Other,1,20.6,1250.0,7.1316985104669115
Suede Leather Mobile Sling Bag,Accessories - Sling Bags 002,Other,1,20.6,995.0,6.903747257584598
Leather Passport Sling Bag with Embroidery (5 Zips) - Assorted colours/designs,Accessories - Sling Bags 002,Other,1,20.6,1200.0,7.0909098220799835
Elephant Floral Box Sling Bag,Accessories - Sling Bags 002,Other,1,20.6,1150.0,7.048386408721883
Madhubani Faux Leather Square Sling Bag,Accessories - Sling Bags 002,Other,1,20.6,1150.0,7.048386408721883
Ajrakh PU Leather Tote Bag,Accessories - Tote Bags 002,Other,1,20.6,1395.0,7.241366283322318
Vankatha PU Leather Tote Bag,Accessories - Tote Bags 002,Other,1,20.6,1395.0,7.241366283322318
Accessories - Tote Bags 002,Accessories - Tote Bags 002,Other,1,20.6,199.0,5.298317366548036
Floral Cotton Shopping Bag,Accessories - Tote Bags 002,Cotton,1,20.6,350.0,5.860786223465865
Bee Jute Cotton Bag & Pouch,Accessories - Tote Bags 002,Cotton,1,20.6,550.0,6.311734809152915
Eco Jute Shopping Bag 14 in x 15 in,Accessories - Tote Bags 002,Jute,1,35.56,290.0,5.673323267171493
Tropical Leaves Canvas Jute Bag & Pouch Combo,Accessories - Tote Bags 002,Jute,1,20.6,550.0,6.311734809152915
Mandala Stripe Jute Bag with Leather Handle 33 cm x 43 cm,Accessories - Tote Bags 002,Jute,1,33.0,495.0,6.206575926724928
Canvas Bag & Pouch Combo 40 cm x 32 cm,Accessories - Tote Bags 002,Other,1,40.0,850.0,6.7464121285733745
Madhubani Sun PU Leather Tote Bag,Accessories - Tote Bags 002,Other,1,20.6,1395.0,7.241366283322318
Mughal Floral PU Leather Tote Bag,Accessories - Tote Bags 002,Other,1,20.6,1395.0,7.241366283322318
Bani Thani PU Leather Tote Bag,Accessories - Tote Bags 002,Other,1,20.6,1395.0,7.241366283322318
Rose Beaded Handbag,Accessories - Tote Bags 002,Other,1,20.6,2095.0,7.647786045440933
Ajarkh Tote Bag with Kantha Work,Accessories - Tote Bags 002,Other,1,20.6,895.0,6.79794041297493
Elepahant Tote Bag with Pompoms,Accessories - Tote Bags 002,Other,1,20.6,995.0,6.903747257584598
Auto Printed Tote Bag,Accessories - Tote Bags 002,Other,1,20.6,180.0,5.198497031265826
Kerala Printed Tote Bag,Accessories - Tote Bags 002,Other,1,20.6,180.0,5.198497031265826
Yoga Printed Tote Bag,Accessories - Tote Bags 002,Other,1,20.6,180.0,5.198497031265826
Elephant Printed Tote Bag,Accessories - Tote Bags 002,Other,1,20.6,85.0,4.454347296253507
Vankatha Square Wallet,Accessories - Wallets 002,Other,1,20.6,750.0,6.621405651764134
Vankatha Wallet with Card Holder,Accessories - Wallets 002,Other,1,20.6,550.0,6.311734809152915
Ajrakh Sitara Blue-Red Visiting Card Holder,Accessories - Wallets 002,Other,1,20.6,450.0,6.111467339502679
Ajrakh Sitara Wallet with Card Holder,Accessories - Wallets 002,Other,1,20.6,550.0,6.311734809152915
Mughal Floral Wallet with Card Holder,Accessories - Wallets 002,Other,1,20.6,550.0,6.311734809152915
Ajrakh Sitara Wallet with Mobile Holder,Accessories - Wallets 002,Other,1,20.6,1000.0,6.90875477931522
Stroke Cosmetic Pouch (Green),Accessories - Wallets 002,Other,1,20.6,270.0,5.602118820879701
Stroke Canvas Travel Pouch (Green),Accessories - Wallets 002,Other,1,20.6,350.0,5.860786223465865
Tab Denim Pouch,Accessories - Wallets 002,Other,1,20.6,690.0,6.53813982376767
Printed Blue Canvas Cosmetic Pouch,Accessories - Wallets 002,Other,1,20.6,550.0,6.311734809152915
Madhubani Sun 2.0 Visiting Card Holder,Accessories - Wallets 002,Other,1,20.6,450.0,6.111467339502679
Ajrakh Brown Square Wallet,Accessories - Wallets 002,Other,1,20.6,750.0,6.621405651764134
Old Bombay Square Wallet,Accessories - Wallets 002,Other,1,20.6,750.0,6.621405651764134
Bani Thani Zipper Wallet,Accessories - Wallets 002,Other,1,20.6,1000.0,6.90875477931522
Elephant Floral Zipper Wallet,Accessories - Wallets 002,Other,1,20.6,1000.0,6.90875477931522
Happiness Canvas Utility Pouch,Accessories - Wallets 002,Other,1,20.6,175.0,5.170483995038151
Travel Time Canvas Utility Pouch,Accessories - Wallets 002,Other,1,20.6,175.0,5.170483995038151
Elephant Floral Wristlet,Accessories - Wallets 002,Other,1,20.6,450.0,6.111467339502679
Banarasi Art Silk Pouch (Assorted Design),Accessories - Wallets 002,Silk,1,20.6,195.0,5.278114659230517
Suede Leather Pouch with (3 Zips),Accessories - Wallets 002,Other,1,20.6,595.0,6.39024066706535
Suede Coin Pouch,Accessories - Wallets 002,Other,1,20.6,195.0,5.278114659230517
Shanti Niketan Leather Braided Coin Pouch in Elephant Design,Accessories - Wallets 002,Other,1,20.6,320.0,5.771441123130016
Shanti Niketan Leather Coin Purse with Embossed Design,Accessories - Wallets 002,Other,1,20.6,320.0,5.771441123130016
Butterfly Pouch (Green Colour),Accessories - Wallets 002,Other,1,20.6,495.0,6.206575926724928
Shanti Niketan Leather Coin Box with Animals Design,Accessories - Wallets 002,Other,1,20.6,150.0,5.017279836814924
Shanti Niketan Leather Tiny Coin Pouch,Accessories - Wallets 002,Other,1,20.6,125.0,4.836281906951478
Warli Brown Square Wallet,Accessories - Wallets 002,Other,1,20.6,750.0,6.621405651764134
Madhubani Square Wallet,Accessories - Wallets 002,Other,1,20.6,750.0,6.621405651764134
Madhubani Zipper Wallet (Yellow),Accessories - Wallets 002,Other,1,20.6,1000.0,6.90875477931522
Ajrakh Wallet with Mobile case (Maroon),Accessories - Wallets 002,Other,1,20.6,1000.0,6.90875477931522
Ajrakh Wallet with Mobile case (Brown),Accessories - Wallets 002,Other,1,20.6,1000.0,6.90875477931522
Elephant Printed Cotton Pouch,Accessories - Wallets 002,Cotton,1,20.6,120.0,4.795790545596741
Banarasi Brocade Pouch,Accessories - Wallets 002,Other,1,20.6,295.0,5.69035945432406
Coin Pouch with Brocade Border,Accessories - Wallets 002,Other,1,20.6,65.0,4.189654742026425
Splendid Emerald Wristlet,Accessories - Wallets 002,Other,1,20.6,395.0,5.981414211254481
Canvas Pouch with Beaded Elephant Design,Accessories - Wallets 002,Other,1,20.6,395.0,5.981414211254481
Lemongrass Scented Tealight Candles (Pack of 6),Accessories - Wellness 002,Other,6,20.6,75.0,4.330733340286331
Lavender Scented Tealight Candles (Pack of 6),Accessories - Wellness 002,Other,6,20.6,75.0,4.330733340286331
Candles in Luxe Box - 70 g each (S/4),Accessories - Wellness 002,Other,1,20.6,1740.0,7.462214939768189
Enchante Dil Se Saffron Glass Candle with Birds Design 130 g,Accessories - Wellness 002,Glass,1,20.6,900.0,6.803505257608338
Masala Chai Tea Bags in Wooden Box (25 pcs),Accessories - Wellness 002,Wood,25,20.6,599.0,6.396929655216146
"Tea India Selection Kangra Black, Assam Black, Darjeeling Black, Nilgiri Black 200 gm each (S/4)",Accessories - Wellness 002,Other,1,20.6,1799.0,7.495541943884256
Lavender Incense Sticks 40 pcs,Accessories - Wellness 002,Other,40,20.6,165.0,5.111987788356544
Coffee Roasted Beans in Wooden Box 100 gm,Accessories - Wellness 002,Wood,1,20.6,895.0,6.79794041297493
Alphonso Soap 150 gm,Accessories - Wellness 002,Other,1,20.6,395.0,5.981414211254481
Kesar Incense Candy Stick 10 pcs,Accessories - Wellness 002,Other,10,20.6,199.0,5.298317366548036
Indian Tradition Gift Set,Accessories - Wellness 002,Other,1,20.6,1099.0,7.003065458786462
"Brocade Tea Pouch 3 in 1 - Assam, Darjeeling & Nilgiri (3 x 50 g each)",Accessories - Wellness 002,Other,1,7.62,633.0,6.452048954437226
"Jute Pouch 6 in1 - Darjeeling, Assam, Nilgiri, Kangara, Dooars 6 x 50 g each",Accessories - Wellness 002,Jute,1,20.6,999.0,6.907755278982137
Flower Pressed Sandal Candle,Accessories - Wellness 002,Other,1,20.6,274.0,5.616771097666572
Brass Puja Accessories in Leather Box 5 in (S/3),Accessories - Wellness 002,Brass,1,12.7,1400.0,7.244941546337007
Soft Stone Incense Stick Holder with Chess Design 10 in,Accessories - Wellness 002,Stone/Marble,1,25.4,1495.0,7.310550158534422
Soft Stone Candle Stand with Undercut Work in Egg Shape 4.5 in,Accessories - Wellness 002,Stone/Marble,1,11.43,992.0,6.900730664045173
Flower pressed Candles Set of 5,Accessories - Wellness 002,Other,5,20.6,592.0,6.385194398997726
Incense Stick Sandal of 50 pcs,Accessories - Wellness 002,Other,50,20.6,230.0,5.442417710521793
Incense Stick Mini Pallete of 18 Fragrance,Accessories - Wellness 002,Other,1,20.6,360.0,5.8888779583328805
Tie & Pocket Square Gift Set in Assorted Design S/2,Accessories - Wraps 002,Other,1,20.6,1299.0,7.170119543449628
Gift Wrapping Paper 54 cm x 74 cm,Accessories - Wraps 002,Other,1,54.0,99.0,4.605170185988092
Gift Wrapping Papers 20 in x 30 in (Assorted),Accessories - Wraps 002,Other,1,50.8,75.0,4.330733340286331
Men's Cotton Muffler (Assorted),Accessories - Wraps 002,Cotton,1,20.6,1290.0,7.1631723908466425
Patterns of India Stole (Assorted),Accessories - Wraps 002,Other,1,20.6,995.0,6.903747257584598
Indian Ethnic Silk Modal Stole (Assorted),Accessories - Wraps 002,Silk,1,20.6,1500.0,7.313886831633462
Stole Indian Treasure Silk Blend,Accessories - Wraps 002,Silk,1,20.6,1250.0,7.1316985104669115
Him and Her Stole (Set of 2),Accessories - Wraps 002,Other,2,20.6,1300.0,7.170888478512505
Printed Stole (Assorted Designs),Accessories - Wraps 002,Other,1,20.6,595.0,6.39024066706535
Printed Scarf (Assorted Designs) 44 x 44 in,Accessories - Wraps 002,Other,1,111.76,595.0,6.39024066706535
Stole in Varanasi Silk (Assorted Design),Accessories - Wraps 002,Silk,1,20.6,600.0,6.398594934535208
Ajrakh Faux Leather Rectangle Sling Bag (Maroon),Ajrakh,Other,1,20.6,1150.0,7.048386408721883
Superfine Brass Ashoka Stambh 4in,Artefacts - Decor - Ashoka Pillars 003,Brass,1,10.16,1900.0,7.550135342488429
Brass Ashok Stambh 5 in,Artefacts - Decor - Ashoka Pillars 003,Brass,1,12.7,1800.0,7.496097345175956
Brass Ashok Stambh 3 in,Artefacts - Decor - Ashoka Pillars 003,Brass,1,7.62,850.0,6.7464121285733745
Kadam Wood Ashoka Pillar 6 in,Artefacts - Decor - Ashoka Pillars 003,Wood,1,15.24,295.0,5.69035945432406
Wood Ashoka Pillar with Flag,Artefacts - Decor - Ashoka Pillars 003,Wood,1,20.6,750.0,6.621405651764134
Kadam Wood Ashoka Pillar,Artefacts - Decor - Ashoka Pillars 003,Wood,1,20.6,595.0,6.39024066706535
Kadam Wood Handcarved Ashoka Pillar 8 in,Artefacts - Decor - Ashoka Pillars 003,Wood,1,20.32,395.0,5.981414211254481
Kadam Wood Handcrafted 2 Tone Ashoka Pillar with Flag,Artefacts - Decor - Ashoka Pillars 003,Wood,1,20.6,1395.0,7.241366283322318
Brass Singing Bowl with Leather Stick 6 in (Assorted Colours),Artefacts - Decor - Singing Bowl 003,Brass,1,15.24,2100.0,7.650168700845001
Brass Urli 7 in,Artefacts - Decor - Urli 003,Brass,1,17.78,1900.0,7.550135342488429
Brass Urli Antique Finish 4 in,Artefacts - Decor - Urli 003,Brass,1,10.16,750.0,6.621405651764134
Brass Antique Finish Urli 5 in,Artefacts - Decor - Urli 003,Brass,1,12.7,995.0,6.903747257584598
Camel Bone Surahi with Lid in Assorted Color 12 in,Artefacts - Idols & Figurines - Bone 003,Bone,1,30.48,5100.0,8.537191877922927
Camel Bone Ball with Miniature Painitng 6 in,Artefacts - Idols & Figurines - Bone 003,Bone,1,15.24,7900.0,8.974744612722734
Camel Bone Box in Mix Painting Design 6 in x 4 in (Assorted),Artefacts - Idols & Figurines - Bone 003,Bone,1,15.24,10500.0,9.259225769705994
Camel Bone Pot & Lid with Stonework 18 in,Artefacts - Idols & Figurines - Bone 003,Stone/Marble,1,45.72,28000.0,10.239995502805316
Camel Bone Paper Cutter with Jali Design 8 in,Artefacts - Idols & Figurines - Bone 003,Bone,1,20.32,745.0,6.61472560020376
Camel Bone Tachariya Chess Box 8 in,Artefacts - Idols & Figurines - Bone 003,Bone,1,20.32,3400.0,8.131824785007195
Camel Bone Box with Stonework 8 in x 8 in,Artefacts - Idols & Figurines - Bone 003,Stone/Marble,1,20.32,7300.0,8.895766604056085
Camel Bone Octagonal Box with Miniature Painting 3.5 x 4 in,Artefacts - Idols & Figurines - Bone 003,Bone,1,10.16,2000.0,7.601402334583733
Camel Bone Dome Box with Miniature Painting 8 x 5 in,Artefacts - Idols & Figurines - Bone 003,Bone,1,12.7,9300.0,9.137877200242468
Camel Bone Box with Miniature Animal Painting 4 x 8 in,Artefacts - Idols & Figurines - Bone 003,Bone,1,20.32,6900.0,8.839421607620602
Camel Bone Box Miniature Procession Painting 7 x 8 in,Artefacts - Idols & Figurines - Bone 003,Bone,1,20.32,16500.0,9.711176264112805
Camel Bone Box with Miniature Musical Instruments Painting 4 x 8 in,Artefacts - Idols & Figurines - Bone 003,Bone,1,20.32,6900.0,8.839421607620602
Brass Modern Ganesha 3 in,Artefacts - Idols & Figurines - Brass 003,Brass,1,7.62,895.0,6.79794041297493
Brass Engraved Ganesha on Lotus 4 in,Artefacts - Idols & Figurines - Brass 003,Brass,1,10.16,2200.0,7.696667081526462
Brass Ganesha on Swing with Deepak 9 in,Artefacts - Idols & Figurines - Brass 003,Brass,1,22.86,5400.0,8.594339400592892
Brass Engraved Ganesha on Aasan 3 in,Artefacts - Idols & Figurines - Brass 003,Brass,1,7.62,1400.0,7.244941546337007
Brass Engraved Small Ganesha on Square Base 3 in,Artefacts - Idols & Figurines - Brass 003,Brass,1,7.62,1400.0,7.244941546337007
Brass Engraved Ganesha Small 2.5 in,Artefacts - Idols & Figurines - Brass 003,Brass,1,6.35,695.0,6.54534966033442
Brass Sitting Ganesha with Stonework 6 in,Artefacts - Idols & Figurines - Brass 003,Brass,1,15.24,4600.0,8.434028950155469
Superfine Brass Blessing Buddha with Base 6in,Artefacts - Idols & Figurines - Brass 003,Brass,1,15.24,6300.0,8.748463629942055
Superfine Brass Sitting Lakshmi with Round Base 2.5in,Artefacts - Idols & Figurines - Brass 003,Brass,1,6.35,1700.0,7.438971592395862
Superfine Brass Sitting Ganesh with Round Base 2.5in,Artefacts - Idols & Figurines - Brass 003,Brass,1,6.35,1700.0,7.438971592395862
Superfine Brass Baba Saheb Dr. Bhimrao Ambedkar Bust 4in,Artefacts - Idols & Figurines - Brass 003,Brass,1,10.16,2600.0,7.8636512654486515
Superfine Brass Sittng Saibaba with Base 5in,Artefacts - Idols & Figurines - Brass 003,Brass,1,12.7,2800.0,7.937731775260109
Superfine Brass Saibaba Sitting on Base 6in,Artefacts - Idols & Figurines - Brass 003,Brass,1,15.24,3700.0,8.216358332386156
Superfine Brass Lakshmi on Lotus 10in,Artefacts - Idols & Figurines - Brass 003,Brass,1,25.4,18000.0,9.798182590890704
Superfine Brass Mandala Carved Nandi with Base 2in,Artefacts - Idols & Figurines - Brass 003,Brass,1,5.08,900.0,6.803505257608338
Superfine Brass Hanuman Charan 2.25in,Artefacts - Idols & Figurines - Brass 003,Brass,1,5.715,1500.0,7.313886831633462
Superfine Brass Mandala Carved with Shivling 4in,Artefacts - Idols & Figurines - Brass 003,Brass,1,10.16,2400.0,7.783640596221253
Superfine Brass Standing Hanuman on Base 12in,Artefacts - Idols & Figurines - Brass 003,Brass,1,30.48,9900.0,9.200391041122515
Baster Dokra Peacock Boat 10in × 6in,Artefacts - Idols & Figurines - Brass 003,Other,1,25.4,9500.0,9.15915233520675
Superfine Brass Shiva Family Sitting on Rectangle Base 5in,Artefacts - Idols & Figurines - Brass 003,Brass,1,12.7,6500.0,8.77971129020447
Brass Sitting Saraswati with Arch on Square Base 17in,Artefacts - Idols & Figurines - Brass 003,Brass,1,43.18,33000.0,10.404293143019792
Superfine Brass Panchmukhi Sitting Hanuman 7in,Artefacts - Idols & Figurines - Brass 003,Brass,1,17.78,12000.0,9.392745258631441
Superfine Brass Sitting Swami Samarth 4in,Artefacts - Idols & Figurines - Brass 003,Brass,1,10.16,3000.0,8.006700845440367
Superfine Brass Vishnu and Lakshmi On Sheshnag 5in,Artefacts - Idols & Figurines - Brass 003,Brass,1,12.7,6500.0,8.77971129020447
Brass Trishul with Round Base 14in,Artefacts - Idols & Figurines - Brass 003,Brass,1,35.56,6500.0,8.77971129020447
Brass Durga Mahishasur Vadh 13.5in,Artefacts - Idols & Figurines - Brass 003,Brass,1,34.29,24000.0,10.085850775128717
Brass Bullock Cart 11in x 4.5in,Artefacts - Idols & Figurines - Brass 003,Brass,1,27.94,12000.0,9.392745258631441
Superfine Brass Cow Bell Ganesh 5.5in,Artefacts - Idols & Figurines - Brass 003,Brass,1,13.97,1300.0,7.170888478512505
Brass Vintage Jeep 3in,Artefacts - Idols & Figurines - Brass 003,Brass,1,7.62,5900.0,8.682877107057168
Brass Up Trunk Elephant with Peacock Carving 4.5in,Artefacts - Idols & Figurines - Brass 003,Brass,1,11.43,5500.0,8.612685172875459
Brass plain Auto 4.5in,Artefacts - Idols & Figurines - Brass 003,Brass,1,11.43,3400.0,8.131824785007195
Superfine Brass Standing Krishna on Base 11.5in,Artefacts - Idols & Figurines - Brass 003,Brass,1,29.21,14000.0,9.546884034617925
Superfine Brass Sitting Ganesh on Lotus 7.5in,Artefacts - Idols & Figurines - Brass 003,Brass,1,19.05,12000.0,9.392745258631441
Superfine Brass Sitting Saraswati on Base 6in,Artefacts - Idols & Figurines - Brass 003,Brass,1,15.24,9000.0,9.105090961257085
Superfine Brass Sitting Durga with Wood Base 6in,Artefacts - Idols & Figurines - Brass 003,Brass,1,15.24,4900.0,8.497194544909547
Superfine Brass Sitting Durga with Wood Base 9in,Artefacts - Idols & Figurines - Brass 003,Brass,1,22.86,15000.0,9.61587214452889
Superfine Brass Sitting Saibaba with Base 5in,Artefacts - Idols & Figurines - Brass 003,Brass,1,12.7,3900.0,8.268988209506656
Superfine Brass Sitting Panchamukhi Hanuman with Round Base 7in,Artefacts - Idols & Figurines - Brass 003,Brass,1,17.78,12000.0,9.392745258631441
Superfine Standing Brass Hanuman with Base 12in,Artefacts - Idols & Figurines - Brass 003,Brass,1,30.48,9900.0,9.200391041122515
Superfine Brass Kamdhenu 5in,Artefacts - Idols & Figurines - Brass 003,Brass,1,12.7,3700.0,8.216358332386156
Superfine Brass Durga on Lion 12in,Artefacts - Idols & Figurines - Brass 003,Brass,1,30.48,18000.0,9.798182590890704
Superfine Brass Durga on Lion 8in,Artefacts - Idols & Figurines - Brass 003,Brass,1,20.32,12000.0,9.392745258631441
Superfine Brass Lakshmi on Lotus 8in,Artefacts - Idols & Figurines - Brass 003,Brass,1,20.32,12000.0,9.392745258631441
Superfine Brass Saraswati on Lotus 10in,Artefacts - Idols & Figurines - Brass 003,Brass,1,25.4,18000.0,9.798182590890704
Superfine Brass Vishnu Carved Shankh 4in,Artefacts - Idols & Figurines - Brass 003,Brass,1,10.16,6500.0,8.77971129020447
Brass Meditating Buddha 13in,Artefacts - Idols & Figurines - Brass 003,Brass,1,33.02,15000.0,9.61587214452889
Brass Blessing Buddha 13in,Artefacts - Idols & Figurines - Brass 003,Brass,1,33.02,15000.0,9.61587214452889
Brass Ashtavinayak Ganesh on Base with Ring Stonework 11in,Artefacts - Idols & Figurines - Brass 003,Brass,1,27.94,21000.0,9.952325334619427
Brass Cow & Calf with Ring Stonework 5in x 4in,Artefacts - Idols & Figurines - Brass 003,Brass,1,12.7,3200.0,8.071218539969863
Brass Office Set with Antique Finish 5 in (S/4),Artefacts - Idols & Figurines - Brass 003,Brass,1,12.7,4000.0,8.294299608857235
Brass Bowl with Resin Base in Box 6 in x 45 in,Artefacts - Idols & Figurines - Brass 003,Brass,1,15.24,2900.0,7.972810784121404
"Brass Telescope, Compass & Magnifer Gift Set (S/3)",Artefacts - Idols & Figurines - Brass 003,Brass,1,20.6,1400.0,7.244941546337007
Brass Dancing Natraj 16 in,Artefacts - Idols & Figurines - Brass 003,Brass,1,40.64,15500.0,9.648659816955295
Brass Ganesha Sitting in Arch 4.5 in,Artefacts - Idols & Figurines - Brass 003,Brass,1,11.43,2300.0,7.741099090035366
Brass Sitting Laxmi on Octagon with Arch 10.75 in,Artefacts - Idols & Figurines - Brass 003,Brass,1,27.305,10500.0,9.259225769705994
Brass Ram Darbar in Arch and Umbrella 12 in,Artefacts - Idols & Figurines - Brass 003,Brass,1,30.48,21500.0,9.975854724662028
Brass Peacock with Stonework 11.5 in x 7 in,Artefacts - Idols & Figurines - Brass 003,Brass,1,29.21,8800.0,9.082620630373812
Brass Sitting Ganesha with Stonework 2.5 in,Artefacts - Idols & Figurines - Brass 003,Brass,1,6.35,895.0,6.79794041297493
Brass Ganesha Standing on Round Base 2.75 in,Artefacts - Idols & Figurines - Brass 003,Brass,1,6.985,650.0,6.478509642208569
Brass Modern Ganesha 1 in,Artefacts - Idols & Figurines - Brass 003,Brass,1,2.54,250.0,5.5254529391317835
Brass Peacock Stambh in 2 Tone Finish 20 in,Artefacts - Idols & Figurines - Brass 003,Brass,1,50.8,27000.0,10.203629181337648
Brass Ram Darbar Set 4.5 in,Artefacts - Idols & Figurines - Brass 003,Brass,1,11.43,3000.0,8.006700845440367
Brass Radha Krishna with Cow 12.5 in,Artefacts - Idols & Figurines - Brass 003,Brass,1,31.75,18000.0,9.798182590890704
Brass Laxmi Sitting in Arch 4.5 in,Artefacts - Idols & Figurines - Brass 003,Brass,1,11.43,2300.0,7.741099090035366
Brass Balaji with Black & Gold Finish 18 in,Artefacts - Idols & Figurines - Brass 003,Brass,1,45.72,22500.0,10.021315031649332
Brass Asthlaxmi with Wooden Round Stand 12 in,Artefacts - Idols & Figurines - Brass 003,Brass,1,30.48,11000.0,9.305741456739435
Brass Ram Darbar (Set of 4) 12.5 in,Artefacts - Idols & Figurines - Brass 003,Brass,4,31.75,29500.0,10.292179440058462
Brass Ram Darbar in Pure Brass Finish (Set of 4) 9.5 in,Artefacts - Idols & Figurines - Brass 003,Brass,4,24.13,14000.0,9.546884034617925
Brass Ambari Elephant in Black & Gold Finish 13 in,Artefacts - Idols & Figurines - Brass 003,Brass,1,33.02,21000.0,9.952325334619427
Brass Hanuman Bust on Chowki 14.5 in,Artefacts - Idols & Figurines - Brass 003,Brass,1,36.83,19500.0,9.87822102528824
Brass Times Ganesha 2 in,Artefacts - Idols & Figurines - Brass 003,Brass,1,5.08,450.0,6.111467339502679
Brass Ganesha with Pagadi 2.75 in,Artefacts - Idols & Figurines - Brass 003,Brass,1,6.985,850.0,6.7464121285733745
Brass Ganesha Sitting on Oval Base 2.5 in,Artefacts - Idols & Figurines - Brass 003,Brass,1,6.35,1300.0,7.170888478512505
Brass Shiva Family 5 in,Artefacts - Idols & Figurines - Brass 003,Brass,1,12.7,2400.0,7.783640596221253
Brass Shankh,Artefacts - Idols & Figurines - Brass 003,Brass,1,20.6,4900.0,8.497194544909547
Brass Sitting Buddha with Stonework 6 in,Artefacts - Idols & Figurines - Brass 003,Brass,1,15.24,3500.0,8.160803920954665
Brass Ganesha Laxmi on Wooden Base,Artefacts - Idols & Figurines - Brass 003,Brass,1,20.6,1450.0,7.280008252884188
Brass Blessing Buddha 3 in,Artefacts - Idols & Figurines - Brass 003,Brass,1,7.62,895.0,6.79794041297493
Brass Buddha Blessing with Base 8 in,Artefacts - Idols & Figurines - Brass 003,Brass,1,20.32,5000.0,8.517393171418904
Brass Elephant with Stonework 2.5 in,Artefacts - Idols & Figurines - Brass 003,Brass,1,6.35,950.0,6.85751406254539
Brass Ganesha Laxmi Saraswati on Chowki,Artefacts - Idols & Figurines - Brass 003,Brass,1,20.6,3000.0,8.006700845440367
Brass Nandi 2 in,Artefacts - Idols & Figurines - Brass 003,Brass,1,5.08,600.0,6.398594934535208
Brass Baby Dancing Ganesha 5 in,Artefacts - Idols & Figurines - Brass 003,Brass,1,12.7,3700.0,8.216358332386156
Brass Ganesha with Big Ears 4.5 in,Artefacts - Idols & Figurines - Brass 003,Brass,1,11.43,2100.0,7.650168700845001
Brass Ram Darbar,Artefacts - Idols & Figurines - Brass 003,Brass,1,20.6,2000.0,7.601402334583733
Brass Sitting Laxmi,Artefacts - Idols & Figurines - Brass 003,Brass,1,20.6,4000.0,8.294299608857235
Brass Deer Set - 9 in,Artefacts - Idols & Figurines - Brass 003,Brass,1,22.86,5800.0,8.665785595466064
Brass Ganesha Two Tone Finish 13 in,Artefacts - Idols & Figurines - Brass 003,Brass,1,33.02,29000.0,10.275085591132715
Brass Krishna Standing 30 in,Artefacts - Idols & Figurines - Brass 003,Brass,1,76.2,32000.0,10.373522431293592
Brass Radha Standing 30 in,Artefacts - Idols & Figurines - Brass 003,Brass,1,76.2,32000.0,10.373522431293592
Brass Appu Ganesha with Stonework 6.5 in,Artefacts - Idols & Figurines - Brass 003,Brass,1,16.51,6600.0,8.79497643168877
Brass Tortoise with Meenakari Tray - 3 in,Artefacts - Idols & Figurines - Brass 003,Brass,1,7.62,1000.0,6.90875477931522
Brass Engraved Durga 5 in,Artefacts - Idols & Figurines - Brass 003,Brass,1,12.7,2600.0,7.8636512654486515
Brass Engraved Shankh with Ganesha Carving 5.5 in,Artefacts - Idols & Figurines - Brass 003,Brass,1,13.97,1900.0,7.550135342488429
Brass Tortoise with Engraved Ganesha - 7.5 in,Artefacts - Idols & Figurines - Brass 003,Brass,1,19.05,3100.0,8.03947991910045
Brass Elephant with Stonework - 3.5 in,Artefacts - Idols & Figurines - Brass 003,Brass,1,8.89,2100.0,7.650168700845001
Brass Engraved Ganesha with Big Ears 2.5 in,Artefacts - Idols & Figurines - Brass 003,Brass,1,6.35,1200.0,7.0909098220799835
Brass Swan Set Small with Colourful Engraving (Set of 2) - 18 in,Artefacts - Idols & Figurines - Brass 003,Brass,2,45.72,7100.0,8.867990898182093
Brass Stonework Nandi with Base 8 in x 7 in,Artefacts - Idols & Figurines - Brass 003,Brass,1,20.32,9300.0,9.137877200242468
Brass Stonework Cow and Calf 2.5 in,Artefacts - Idols & Figurines - Brass 003,Brass,1,6.35,1400.0,7.244941546337007
Brass Ganesha Carved Cow and Calf small 2.5 in,Artefacts - Idols & Figurines - Brass 003,Brass,1,6.35,1800.0,7.496097345175956
Brass Engraved Turtle Tower - 3 in,Artefacts - Idols & Figurines - Brass 003,Brass,1,7.62,2700.0,7.901377353792616
Brass Engraved Turtle - 4 in,Artefacts - Idols & Figurines - Brass 003,Brass,1,10.16,1000.0,6.90875477931522
Brass Engraved Small Elephant - 2.5 in,Artefacts - Idols & Figurines - Brass 003,Brass,1,6.35,1200.0,7.0909098220799835
Brass Engraved Saraswati with Base 12 in,Artefacts - Idols & Figurines - Brass 003,Brass,1,30.48,17000.0,9.741027444837728
Brass Engraved Panchmukhi Hanuman Small 3.5 in,Artefacts - Idols & Figurines - Brass 003,Brass,1,8.89,1700.0,7.438971592395862
Brass Engraved Laxmi Sitting on Lotus 4 in,Artefacts - Idols & Figurines - Brass 003,Brass,1,10.16,2200.0,7.696667081526462
Brass Engraved Krishna with Flute 5.5 in,Artefacts - Idols & Figurines - Brass 003,Brass,1,13.97,1250.0,7.1316985104669115
Brass Buddha Head in Golden & Brown Finish 6 in,Artefacts - Idols & Figurines - Brass 003,Brass,1,15.24,3000.0,8.006700845440367
Brass Antique Finish Natraj - 9 in,Artefacts - Idols & Figurines - Brass 003,Brass,1,22.86,3100.0,8.03947991910045
Brass Small Compass (Assorted Prints),Artefacts - Idols & Figurines - Brass 003,Brass,1,20.6,1400.0,7.244941546337007
Brass Vintage Antique Finish Bullock Cart,Artefacts - Idols & Figurines - Brass 003,Brass,1,20.6,3000.0,8.006700845440367
Brass Auto Rickshaw with Stonework 5 in,Artefacts - Idols & Figurines - Brass 003,Brass,1,12.7,1800.0,7.496097345175956
Brass Temple Frame with Ganesha and Three Bells 13 in,Artefacts - Idols & Figurines - Brass 003,Brass,1,33.02,5600.0,8.630700432209832
Brass Ganesha with Big Ears 5.5 in,Artefacts - Idols & Figurines - Brass 003,Brass,1,13.97,4100.0,8.31898612539206
Brass Ganesha with Big Crown in Stonework 6 in,Artefacts - Idols & Figurines - Brass 003,Brass,1,15.24,5000.0,8.517393171418904
Brass Ganesha Deepak with Bells on Wooden Frame 12 in,Artefacts - Idols & Figurines - Brass 003,Brass,1,30.48,3000.0,8.006700845440367
Brass Ganesha and Laxmi Pair on Lotus 3.5 in,Artefacts - Idols & Figurines - Brass 003,Brass,1,8.89,2100.0,7.650168700845001
Brass Engraved Ganesha in Charcoal Finish 5.25 in,Artefacts - Idols & Figurines - Brass 003,Brass,1,13.335,4400.0,8.38958706681109
Brass Engraved Ganesha in Bright Gold Finish on Wooden Base 2.5 in,Artefacts - Idols & Figurines - Brass 003,Brass,1,6.35,795.0,6.679599185844383
Brass Dancing Baby Ganesha 5 in,Artefacts - Idols & Figurines - Brass 003,Brass,1,12.7,3000.0,8.006700845440367
Brass Appu Ganesha with Stonework Small 4.5 in,Artefacts - Idols & Figurines - Brass 003,Brass,1,11.43,4000.0,8.294299608857235
Brass Radha Krishna Jodi 7.5 in,Artefacts - Idols & Figurines - Brass 003,Brass,1,19.05,5900.0,8.682877107057168
Iron Music Doll with Ektara 12 in,Artefacts - Idols & Figurines - Iron 003,Iron,1,30.48,795.0,6.679599185844383
Iron Doll Standing with Umbrella in Assorted Design 15 in,Artefacts - Idols & Figurines - Iron 003,Iron,1,38.1,700.0,6.55250788703459
Iron Music Doll with Dhol 12 in,Artefacts - Idols & Figurines - Iron 003,Iron,1,30.48,795.0,6.679599185844383
Iron Doll Music Nagpuri Black 7 in,Artefacts - Idols & Figurines - Iron 003,Iron,1,17.78,495.0,6.206575926724928
Iron Doll Music Men in Ring Black 11 in,Artefacts - Idols & Figurines - Iron 003,Iron,1,27.94,550.0,6.311734809152915
Iron Doll Music Sardar Black 9 in,Artefacts - Idols & Figurines - Iron 003,Iron,1,22.86,450.0,6.111467339502679
Iron Doll Musical Lady in Ring Black 11 in,Artefacts - Idols & Figurines - Iron 003,Iron,1,27.94,550.0,6.311734809152915
Music Akira Assorted Design in Iron,Artefacts - Idols & Figurines - Iron 003,Iron,1,20.6,850.0,6.7464121285733745
Camel Bone Tachriya Box with Miniature Painting 12 in,Artefacts - Idols & Figurines - Masterpieces 003,Bone,1,30.48,18000.0,9.798182590890704
Camel Bone Tachriya Box with Miniature Painting 10 in,Artefacts - Idols & Figurines - Masterpieces 003,Bone,1,25.4,14000.0,9.546884034617925
Camel Bone Tachriya Box with Miniature Painting 10 in,Artefacts - Idols & Figurines - Masterpieces 003,Bone,1,25.4,23000.0,10.043292972227004
Camel Bone Tachariya Box with Painting 12 in,Artefacts - Idols & Figurines - Masterpieces 003,Bone,1,30.48,36000.0,10.491301994830229
Bastar Peacock Boat,Artefacts - Idols & Figurines - Masterpieces 003,Other,1,20.6,120000.0,11.695255355062795
Camel Bone Rectangle Carved Box with Elephant Painting 8 in x 5 in x 3 in,Artefacts - Idols & Figurines - Masterpieces 003,Bone,1,20.32,16000.0,9.680406499268875
Red Quartz Stone Hanuman 1.53 kg,Artefacts - Idols & Figurines - Masterpieces 003,Stone/Marble,1,20.6,75000.0,11.225256725762893
Brass Natraj with OM Ring in Black & Green Two Tone Finish 20 in,Artefacts - Idols & Figurines - Masterpieces 003,Brass,1,50.8,26000.0,10.165890277802454
Brass Standing Nandi with Ring Stonework 14 in,Artefacts - Idols & Figurines - Masterpieces 003,Brass,1,35.56,38000.0,10.545367754151743
Wood Pedestal with Bells 30 in x 26 in,Artefacts - Idols & Figurines - Masterpieces 003,Wood,1,76.2,44000.0,10.691967639914864
Brass Natraj in Ring with Two Tone Finish 37 in,Artefacts - Idols & Figurines - Masterpieces 003,Brass,1,93.98,99000.0,11.502885230075814
Bronze Buddha Standing 35 in,Artefacts - Idols & Figurines - Masterpieces 003,Other,1,88.9,198000.0,12.19602736016897
Brass Krishna & Cow under Tree in Two Tone Finish 30 in,Artefacts - Idols & Figurines - Masterpieces 003,Brass,1,76.2,139000.0,11.842236406331555
Brass Deeplaxmi Dashbhuja (10 Hands) Two Tone 28 In,Artefacts - Idols & Figurines - Masterpieces 003,Brass,1,71.12,46000.0,10.736418414365376
Brass Ganesha with Arch in Two Tone Finish 27 In,Artefacts - Idols & Figurines - Masterpieces 003,Brass,1,68.58,58000.0,10.968215530759236
Brass Krishna Standing With Cow in Ring Stonework 29 In,Artefacts - Idols & Figurines - Masterpieces 003,Brass,1,73.66,105000.0,11.561725152903833
Brass Radha Double Mala Stone Work 29 In,Artefacts - Idols & Figurines - Masterpieces 003,Brass,1,73.66,39000.0,10.571342565808699
Brass Ganesha Sitting With Stone Work 32 In,Artefacts - Idols & Figurines - Masterpieces 003,Brass,1,81.28,210000.0,12.25486757159303
Brass Deep Lady With Stone Work 44 In,Artefacts - Idols & Figurines - Masterpieces 003,Brass,1,111.76,75000.0,11.225256725762893
Brass Radha Krishna with Tusk in Two Tone Finish 32 x 45 in,Artefacts - Idols & Figurines - Masterpieces 003,Brass,1,114.3,130000.0,11.775297421715827
Marble Dust Radha Krishna with Tusk in Ivory Finish 42 in,Artefacts - Idols & Figurines - Masterpieces 003,Stone/Marble,1,106.68,165000.0,12.013706813470414
Brass Nandi with Stonework 35 x 21 in,Artefacts - Idols & Figurines - Masterpieces 003,Brass,1,53.34,98500.0,11.49782197939291
Metal Stone Decorated Elephant 13 in,Artefacts - Idols & Figurines - Masterpieces 003,Stone/Marble,1,33.02,33000.0,10.404293143019792
Brass Ganesha with Stonework 33 in,Artefacts - Idols & Figurines - Masterpieces 003,Brass,1,83.82000000000001,220000.0,12.301387370778713
Metal Enamel Duck Pair 4 in x 5 in (S/2),Artefacts - Idols & Figurines - Metal 003,Other,1,10.16,650.0,6.478509642208569
Metal Enamel Cow with Calf,Artefacts - Idols & Figurines - Metal 003,Other,1,20.6,400.0,5.993961427306569
Metal Enamel Owl on Base 4 in,Artefacts - Idols & Figurines - Metal 003,Other,1,10.16,695.0,6.54534966033442
Metal Enamel Peacock Ring Stonework 4 in,Artefacts - Idols & Figurines - Metal 003,Stone/Marble,1,10.16,600.0,6.398594934535208
Metal Enamel Ganesha and Elephant on Wooden Base 6 in x 3.5 in,Artefacts - Idols & Figurines - Metal 003,Wood,1,15.24,895.0,6.79794041297493
Metal Enamel Sitting Cow 2 in,Artefacts - Idols & Figurines - Metal 003,Other,1,5.08,300.0,5.707110264748875
Metal Enamel Camel 3 in,Artefacts - Idols & Figurines - Metal 003,Other,1,7.62,450.0,6.111467339502679
Metal Enamel Turtle 3 in,Artefacts - Idols & Figurines - Metal 003,Other,1,7.62,380.0,5.942799375126701
Metal Enamel Owl 2 in,Artefacts - Idols & Figurines - Metal 003,Other,1,5.08,350.0,5.860786223465865
Metal Enamel Handpainted Elephant 2 in,Artefacts - Idols & Figurines - Metal 003,Other,1,5.08,400.0,5.993961427306569
Metal Enamel Handpainted Turtle 2.5 in,Artefacts - Idols & Figurines - Metal 003,Other,1,6.35,385.0,5.955837369464831
Metal Enamel Handpainted Peacock with Chamki 4 in,Artefacts - Idols & Figurines - Metal 003,Other,1,10.16,450.0,6.111467339502679
Metal Enamel Handpainted Elephant with Jhuldar 2 in,Artefacts - Idols & Figurines - Metal 003,Other,1,5.08,295.0,5.69035945432406
Metal Enamel Handpainted Elephant Trunk Down 2 in,Artefacts - Idols & Figurines - Metal 003,Other,1,5.08,295.0,5.69035945432406
Metal Enamel Handpainted Elephant Trunk Up 2 in,Artefacts - Idols & Figurines - Metal 003,Other,1,5.08,295.0,5.69035945432406
Metal Enamel Handpainted Standing Cow 3 in,Artefacts - Idols & Figurines - Metal 003,Other,1,7.62,395.0,5.981414211254481
Metal Enamel Handpainted Modern Ganesha 2 in,Artefacts - Idols & Figurines - Metal 003,Other,1,5.08,275.0,5.62040086571715
Metal Enamel Handpainted Times Ganesha 2.5 in,Artefacts - Idols & Figurines - Metal 003,Other,1,6.35,350.0,5.860786223465865
Metal Enamel Handpainted Ganesha with Turban 2.5 in,Artefacts - Idols & Figurines - Metal 003,Other,1,6.35,350.0,5.860786223465865
Metal Enamel Handpainted Relaxing Ganesha 2.5 in,Artefacts - Idols & Figurines - Metal 003,Other,1,6.35,350.0,5.860786223465865
Metal Enamel Handpainted Trunk Up Elephant Small 3 in,Artefacts - Idols & Figurines - Metal 003,Other,1,7.62,595.0,6.39024066706535
Metal Enamel Handpainted Trunk Up Elephant Medium 5 in,Artefacts - Idols & Figurines - Metal 003,Other,1,12.7,750.0,6.621405651764134
Metal Enamel Handpainted Trunk Up Elephant Big 6 in,Artefacts - Idols & Figurines - Metal 003,Other,1,15.24,1050.0,6.957497370876951
Metal Enamel Handpainted Peacock with Chamki Small 5 in,Artefacts - Idols & Figurines - Metal 003,Other,1,12.7,695.0,6.54534966033442
Metal Enamel Handpainted Peacock with Stonework Big 6 in,Artefacts - Idols & Figurines - Metal 003,Stone/Marble,1,15.24,950.0,6.85751406254539
Metal Enamel Handpainted Pair of Swan 10 in,Artefacts - Idols & Figurines - Metal 003,Other,1,25.4,1250.0,7.1316985104669115
Metal Enamel Handpainted Elephant Ambari Big 5 in,Artefacts - Idols & Figurines - Metal 003,Other,1,12.7,795.0,6.679599185844383
Metal Enamel Handpainted Dancing Peacock Small 5 in,Artefacts - Idols & Figurines - Metal 003,Other,1,12.7,650.0,6.478509642208569
Metal Enamel Handpainted Dancing Peacock Big 7 in,Artefacts - Idols & Figurines - Metal 003,Other,1,17.78,1300.0,7.170888478512505
Metal Enamel Handpainted Cow with Calf 3 in,Artefacts - Idols & Figurines - Metal 003,Other,1,7.62,780.0,6.660575149839686
Metal Enamel Handpainted Baraat Set with Box,Artefacts - Idols & Figurines - Metal 003,Other,1,20.6,1100.0,7.00397413672268
Metal Enamel Handpainted Ambari Elephant Small 4 in,Artefacts - Idols & Figurines - Metal 003,Other,1,10.16,650.0,6.478509642208569
Resin Shiva Family 6 in,Artefacts - Idols & Figurines - Resin 003,Other,1,15.24,2250.0,7.719129840906732
Resin Ganesh on Lotus Base 3.5 in,Artefacts - Idols & Figurines - Resin 003,Other,1,8.89,895.0,6.79794041297493
Resin Laxmi on Lotus Base 3.5 in,Artefacts - Idols & Figurines - Resin 003,Other,1,8.89,775.0,6.654152520183219
Silver Plated Resin Modern Ganesha 3.5 in,Artefacts - Idols & Figurines - Resin 003,Other,1,8.89,5139.0,8.544808358449211
Resin Radha Krishna Standing with Cow 4 in,Artefacts - Idols & Figurines - Resin 003,Other,1,10.16,1050.0,6.957497370876951
Resin Small Elephant in Black & Orange Colour 4 in,Artefacts - Idols & Figurines - Resin 003,Other,1,10.16,1195.0,7.086737934510577
Resin Shiva Sitting in Gold and Orange Finish 24.3 in,Artefacts - Idols & Figurines - Resin 003,Other,1,61.722,3100.0,8.03947991910045
Resin Vitthal Rukmini 8 in,Artefacts - Idols & Figurines - Resin 003,Other,1,20.32,1200.0,7.0909098220799835
Resin Vitthal Rukmini 3.5 in,Artefacts - Idols & Figurines - Resin 003,Other,1,8.89,195.0,5.278114659230517
Resin Sitting Ganesha 6 in,Artefacts - Idols & Figurines - Resin 003,Other,1,15.24,595.0,6.39024066706535
Resin Shivaji Maharaj Sitting on Base 3.5 in,Artefacts - Idols & Figurines - Resin 003,Other,1,8.89,350.0,5.860786223465865
Resin Shiva Sitting on Base 3 in,Artefacts - Idols & Figurines - Resin 003,Other,1,7.62,430.0,6.066108090103747
Resin Radha Standing in Bronze Finish 14 in,Artefacts - Idols & Figurines - Resin 003,Other,1,35.56,4600.0,8.434028950155469
Resin Meditating Buddha in Black & Green Colour with Glass work 11 in,Artefacts - Idols & Figurines - Resin 003,Glass,1,27.94,1495.0,7.310550158534422
Resin Krishna Standing in Bronze Finish 14 in,Artefacts - Idols & Figurines - Resin 003,Other,1,35.56,4600.0,8.434028950155469
Resin Ganesha with Pagadi for Car Dashboard 2.5 in,Artefacts - Idols & Figurines - Resin 003,Other,1,6.35,495.0,6.206575926724928
Resin Ganesha with Mukut for Car Dashboard 2.75 in,Artefacts - Idols & Figurines - Resin 003,Other,1,6.985,600.0,6.398594934535208
Resin Adiyogi 5.5 in,Artefacts - Idols & Figurines - Resin 003,Other,1,13.97,620.0,6.431331081933479
Resin Adiyogi 3.5 in,Artefacts - Idols & Figurines - Resin 003,Other,1,8.89,295.0,5.69035945432406
Resin Buddha in Palm 7 in,Artefacts - Idols & Figurines - Resin 003,Other,1,17.78,1850.0,7.523481312573497
Resin Ganesha on Musical Chatai 4 in x 4.75 in,Artefacts - Idols & Figurines - Resin 003,Other,1,10.16,1650.0,7.409136443920128
Resin Ganesha 8.5 in,Artefacts - Idols & Figurines - Resin 003,Other,1,21.59,3250.0,8.086717920303906
Resin Ganesha 4 in,Artefacts - Idols & Figurines - Resin 003,Other,1,10.16,995.0,6.903747257584598
Resin Ganesha on Base 4.25 in,Artefacts - Idols & Figurines - Resin 003,Other,1,10.795,1450.0,7.280008252884188
Resin Ganesha 3 in x 2 in,Artefacts - Idols & Figurines - Resin 003,Other,1,7.62,800.0,6.68586094706836
Resin Ganesha Small 3.75 in x 4.5 in,Artefacts - Idols & Figurines - Resin 003,Other,1,9.525,1150.0,7.048386408721883
Ganesha in Resin 3.5 in x 3 in,Artefacts - Idols & Figurines - Resin 003,Other,1,8.89,820.0,6.710523109452428
Resin Ganesha in Square Frame 3.5 in x 3 in,Artefacts - Idols & Figurines - Resin 003,Other,1,8.89,550.0,6.311734809152915
Resin Buddha Tree Small 12 in,Artefacts - Idols & Figurines - Resin 003,Other,1,30.48,3995.0,8.293049139768444
Resin Sitting Ganesha 9 in,Artefacts - Idols & Figurines - Resin 003,Other,1,22.86,4300.0,8.366602832783736
Kamdhenu Cow with Baby,Artefacts - Idols & Figurines - Resin 003,Other,1,20.6,3495.0,8.159374736775426
Marble Ganesha with Silver Cladding - 155 gm (6 in),Artefacts - Idols & Figurines - Silver 003,Stone/Marble,1,15.24,187000.0,12.138869243416009
Silver (92.5) Radha Krishna 678 gm,Artefacts - Idols & Figurines - Silver 003,Other,1,20.6,261500.0,12.474193386571581
Silver (92.5) Elephant with Carving 290 gm,Artefacts - Idols & Figurines - Silver 003,Other,1,20.6,112200.0,11.628047184686986
Silver (92.5) Tortoise 135.5 gm,Artefacts - Idols & Figurines - Silver 003,Other,1,20.6,52500.0,10.868587496017359
Silver (92.5) Bottle 629.5 gm,Artefacts - Idols & Figurines - Silver 003,Other,1,20.6,241800.0,12.395870352803575
Silver (92.5) Tulsi Plant 495.5 gm,Artefacts - Idols & Figurines - Silver 003,Other,1,20.6,188000.0,12.144202560946876
Marble Laxmi with Silver Cladding - 155 gm (6 in),Artefacts - Idols & Figurines - Silver 003,Stone/Marble,1,15.24,187000.0,12.138869243416009
Silver (92.5) Ganesh on Lotus Decorated with Stonework 200 gm,Artefacts - Idols & Figurines - Silver 003,Stone/Marble,1,20.6,156700.0,11.96209480994468
Silver (92.5) Ganesh Standing in Arch Decorated with Stonework 420 gm,Artefacts - Idols & Figurines - Silver 003,Stone/Marble,1,20.6,256100.0,12.45332717690471
Silver (92.5) Laxmi Sitting on Lotus Decorated with Stonework 161 gm,Artefacts - Idols & Figurines - Silver 003,Stone/Marble,1,20.6,122200.0,11.713422508992204
Silver (92.5) Radha Krishna Sitting on Jhula Decorated with Stonework 208 gm,Artefacts - Idols & Figurines - Silver 003,Stone/Marble,1,20.6,120250.0,11.697336503941745
Silver (92.5) Saraswati Sitting in Lotus Decorated with Stonework 158.5 gm,Artefacts - Idols & Figurines - Silver 003,Stone/Marble,1,20.6,69500.0,11.149096419938578
Silver (92.5) Shrinathji Decorated with Stonework 88.5 gm,Artefacts - Idols & Figurines - Silver 003,Stone/Marble,1,20.6,54500.0,10.905974329106854
Silver (92.5) Dagdu Sheth Ganesha Decorated with Stonework 114 gm,Artefacts - Idols & Figurines - Silver 003,Stone/Marble,1,20.6,48300.0,10.785207543360087
Silver (92.5) Dabi Decorated with Stonework 179 gm,Artefacts - Idols & Figurines - Silver 003,Stone/Marble,1,20.6,68900.0,11.140425970684525
Silver (92.5) Dabi Decorated with Stonework 183 gm,Artefacts - Idols & Figurines - Silver 003,Stone/Marble,1,20.6,70400.0,11.161962746590705
Silver (92.5) Dabi Decorated with Stonework 182 gm,Artefacts - Idols & Figurines - Silver 003,Stone/Marble,1,20.6,70000.0,11.156264806643742
Silver (92.5) Elephant Engraved Deepak 72 gm,Artefacts - Idols & Figurines - Silver 003,Other,1,20.6,27200.0,10.211009016314167
Silver (92.5) Elephant Engraved Deepak 73 gm,Artefacts - Idols & Figurines - Silver 003,Other,1,20.6,28100.0,10.243560441877241
Silver (92.5) Engraved Peacock 60 gm,Artefacts - Idols & Figurines - Silver 003,Other,1,20.6,23400.0,10.060534035475412
Silver (92.5) Laxmi Sitting on Chowki 95 gm,Artefacts - Idols & Figurines - Silver 003,Other,1,20.6,36500.0,10.505094936455558
Silver (92.5) Laxmi Sitting on Chowki 96 gm,Artefacts - Idols & Figurines - Silver 003,Other,1,20.6,36900.0,10.515993929932415
Silver (92.5) Nandi Sitting on Lotus 73 gm,Artefacts - Idols & Figurines - Silver 003,Other,1,20.6,28200.0,10.247112717290387
7 Chakra Stone Tree 9 in,Artefacts - Idols & Figurines - Stone 003,Stone/Marble,1,22.86,1400.0,7.244941546337007
Peridot Stone Tree with Dome 12 cm,Artefacts - Idols & Figurines - Stone 003,Stone/Marble,1,12.0,700.0,6.55250788703459
Citrine Stone Tree with Dome 12 cm,Artefacts - Idols & Figurines - Stone 003,Stone/Marble,1,12.0,700.0,6.55250788703459
Marble Elephant with Stonework 8 in x 3.5 in (S/2),Artefacts - Idols & Figurines - Stone 003,Stone/Marble,1,20.32,1800.0,7.496097345175956
Amethyst Stone Tree 9 in,Artefacts - Idols & Figurines - Stone 003,Stone/Marble,1,22.86,1400.0,7.244941546337007
Marble Elephant with Hand Painted Gold Colour Work 5 in,Artefacts - Idols & Figurines - Stone 003,Stone/Marble,1,12.7,2600.0,7.8636512654486515
Marble Taj Mahal Plate with Cutwork in Box 9 in,Artefacts - Idols & Figurines - Stone 003,Stone/Marble,1,22.86,2500.0,7.824445930877619
Yellow Aventurine Stone Balaji 15 cm,Artefacts - Idols & Figurines - Stone 003,Stone/Marble,1,15.0,45000.0,10.714439990727769
Culture Marble Ganesh in Lotus with Gold Plating 9 in,Artefacts - Idols & Figurines - Stone 003,Stone/Marble,1,22.86,6500.0,8.77971129020447
Mix Semi Precious Stone Bird 7 in,Artefacts - Idols & Figurines - Stone 003,Stone/Marble,1,17.78,20000.0,9.90353755128617
Ruby Zoisite Stone Eagle 5 in x 8 in,Artefacts - Idols & Figurines - Stone 003,Stone/Marble,1,12.7,29995.0,10.30881931842128
Green Aventurine Stone Tree with Base 10 in,Artefacts - Idols & Figurines - Stone 003,Stone/Marble,1,25.4,1400.0,7.244941546337007
White Semi Precious Stone Parrot 6 in,Artefacts - Idols & Figurines - Stone 003,Stone/Marble,1,15.24,24000.0,10.085850775128717
Marble Ganesh Jewel Stonework 3 in,Artefacts - Idols & Figurines - Stone 003,Stone/Marble,1,7.62,1200.0,7.0909098220799835
Rose Quartz Stone Laughing Buddha 846 gm (4.5 in),Artefacts - Idols & Figurines - Stone 003,Stone/Marble,1,11.43,11000.0,9.305741456739435
Jade Stone Laughing Buddha 3044 gm (12 in x 7 in),Artefacts - Idols & Figurines - Stone 003,Stone/Marble,1,30.48,55000.0,10.915106645867503
Jasper Stone Tortoise Family 10 in x 5.5 in x 4 in,Artefacts - Idols & Figurines - Stone 003,Stone/Marble,1,25.4,52000.0,10.859018228147887
Black Marble Modern Ganesha 21 in,Artefacts - Idols & Figurines - Stone 003,Stone/Marble,1,53.34,45000.0,10.714439990727769
Multi Fluorite Stone Ganesha 9 in,Artefacts - Idols & Figurines - Stone 003,Stone/Marble,1,22.86,89000.0,11.39640288460621
Jade Stone Ganesha with Arch 11 in,Artefacts - Idols & Figurines - Stone 003,Stone/Marble,1,27.94,62000.0,11.034905792929415
Marble Darban in Colour Finish 24 in,Artefacts - Idols & Figurines - Stone 003,Stone/Marble,1,60.96,85000.0,11.350418300109132
Black Marble Buddha Bust 15 in,Artefacts - Idols & Figurines - Stone 003,Stone/Marble,1,38.1,64000.0,11.06665398721974
Black Marble Buddha Head on Lotus 16 in,Artefacts - Idols & Figurines - Stone 003,Stone/Marble,1,40.64,64000.0,11.06665398721974
Brass Table in 2 Tone Finish 18 in,Artefacts - Idols & Figurines - Stone 003,Brass,1,45.72,45000.0,10.714439990727769
Brass Sitting Shiva in Black and Gold Finish 19 in,Artefacts - Idols & Figurines - Stone 003,Brass,1,48.26,31000.0,10.34177474101152
Brass Standing Radha with Stonework 29 in,Artefacts - Idols & Figurines - Stone 003,Brass,1,73.66,42000.0,10.645448706505872
Soft Stone Elephant with Undercut Work 6 in,Artefacts - Idols & Figurines - Stone 003,Stone/Marble,1,15.24,3895.0,8.267705664762426
Soft Stone Elephant with Undercut Work 3 in,Artefacts - Idols & Figurines - Stone 003,Stone/Marble,1,7.62,1100.0,7.00397413672268
Soft Stone Elephant with Undercut Work 3.5 in,Artefacts - Idols & Figurines - Stone 003,Stone/Marble,1,8.89,750.0,6.621405651764134
Soft Stone Elephant with Undercut Work 3 in,Artefacts - Idols & Figurines - Stone 003,Stone/Marble,1,7.62,550.0,6.311734809152915
Soft Stone Hand Painted Elephant Procession on Base 5 in,Artefacts - Idols & Figurines - Stone 003,Stone/Marble,1,12.7,500.0,6.2166061010848646
Soft Stone Elephant with Undercut Work 2.5 in,Artefacts - Idols & Figurines - Stone 003,Stone/Marble,1,6.35,450.0,6.111467339502679
Soft Stone Hand Painted Elephant Ring,Artefacts - Idols & Figurines - Stone 003,Stone/Marble,1,20.6,450.0,6.111467339502679
Soft Stone Hand Painted Elephant 2 in,Artefacts - Idols & Figurines - Stone 003,Stone/Marble,1,5.08,300.0,5.707110264748875
Multi Colour Stone Tree with Dome 12 cm,Artefacts - Idols & Figurines - Stone 003,Stone/Marble,1,12.0,700.0,6.55250788703459
Evil Eye Stone Tree with Dome 12 cm,Artefacts - Idols & Figurines - Stone 003,Stone/Marble,1,12.0,700.0,6.55250788703459
Amethyst Stone Tree with Dome 12 cm,Artefacts - Idols & Figurines - Stone 003,Stone/Marble,1,12.0,700.0,6.55250788703459
Black Jade Stone Horse 2.30 Kg,Artefacts - Idols & Figurines - Stone 003,Stone/Marble,1,20.6,49000.0,10.799595985047786
Marble Dust Hanuman Dhyanmudra in Ivory Finish 8 in,Artefacts - Idols & Figurines - Stone 003,Stone/Marble,1,20.32,5800.0,8.665785595466064
Black Marble Buddha Bust on Lotus 20 in,Artefacts - Idols & Figurines - Stone 003,Stone/Marble,1,50.8,86000.0,11.362114203075018
Sand Stone Ganesha Pardi Sitting 10 in,Artefacts - Idols & Figurines - Stone 003,Stone/Marble,1,25.4,75600.0,11.233224789593368
Marble Hanuman Sitting 18 in,Artefacts - Idols & Figurines - Stone 003,Stone/Marble,1,45.72,80000.0,11.289794413577894
Multi Stone Tree 10 in,Artefacts - Idols & Figurines - Stone 003,Stone/Marble,1,25.4,1500.0,7.313886831633462
Wood Horse Bust 20 in,Artefacts - Idols & Figurines - Wood 003,Wood,1,50.8,23000.0,10.043292972227004
Kadam Wood Ganesh & Laxmi in Arch 16 in,Artefacts - Idols & Figurines - Wood 003,Wood,1,40.64,32000.0,10.373522431293592
Wood Octangle Chowki with Bells 19 in,Artefacts - Idols & Figurines - Wood 003,Wood,1,48.26,34000.0,10.434145214930487
Wood Pedestal with Bells 22 in x 26 in,Artefacts - Idols & Figurines - Wood 003,Wood,1,55.88,38000.0,10.545367754151743
Kadam Wood Ganesha Sitting on Lotus 12 in,Artefacts - Idols & Figurines - Wood 003,Wood,1,30.48,13000.0,9.472781556562168
Kadam Wood Ambari Elephant Undercut Work & Round Base 12 in,Artefacts - Idols & Figurines - Wood 003,Wood,1,30.48,6300.0,8.748463629942055
Kadam Wood Ambari Elephant with Undercut Work & Oval Base 10 in,Artefacts - Idols & Figurines - Wood 003,Wood,1,25.4,5100.0,8.537191877922927
Kadam Wood Ambari Elephant with Carving and Round Base 8 in,Artefacts - Idols & Figurines - Wood 003,Wood,1,20.32,1800.0,7.496097345175956
Kadam Wood Ambari Elephant with Carving and Oval Base 5 in,Artefacts - Idols & Figurines - Wood 003,Wood,1,12.7,1750.0,7.467942332285852
Kadam Wood Elephant Undercut & Inlay Work Up Trunk 5 in,Artefacts - Idols & Figurines - Wood 003,Wood,1,12.7,2800.0,7.937731775260109
Kadam Wood Elephant Family with Carving Down Trunk 5 in,Artefacts - Idols & Figurines - Wood 003,Wood,1,12.7,2625.0,7.873217054862741
Kadam Wood Elephant with Diamond Cutwork Down Trunk 5 in,Artefacts - Idols & Figurines - Wood 003,Wood,1,12.7,1600.0,7.3783837129967145
Kadam Wood Elephant Undercut Work Down Trunk 5 in,Artefacts - Idols & Figurines - Wood 003,Wood,1,12.7,2900.0,7.972810784121404
Kadam Wood Elephant Family with Carving Down Trunk 4 in,Artefacts - Idols & Figurines - Wood 003,Wood,1,10.16,1800.0,7.496097345175956
Kadam Wood Elephant Family with Undercut Work Down Trunk 4 in,Artefacts - Idols & Figurines - Wood 003,Wood,1,10.16,1800.0,7.496097345175956
Kadam Wood Elephant with Undercut Work Up Trunk 4 in,Artefacts - Idols & Figurines - Wood 003,Wood,1,10.16,1200.0,7.0909098220799835
Kadam Wood Jali Back Ganesha 21 in,Artefacts - Idols & Figurines - Wood 003,Wood,1,53.34,14500.0,9.581972891547895
MDF Wood Shri Ram Mandir Ayodhya Replica 5 in,Artefacts - Idols & Figurines - Wood 003,Wood,1,12.7,750.0,6.621405651764134
Kadam Wood Carved Tortoise 3 in,Artefacts - Idols & Figurines - Wood 003,Wood,1,7.62,250.0,5.5254529391317835
Kadam Wood Dancing Peacock 6 in,Artefacts - Idols & Figurines - Wood 003,Wood,1,15.24,550.0,6.311734809152915
Kadam Wood Carved Elephant 6 in,Artefacts - Idols & Figurines - Wood 003,Wood,1,15.24,2200.0,7.696667081526462
Kadam Wood Handpainted Elephant 6 in,Artefacts - Idols & Figurines - Wood 003,Wood,1,15.24,2700.0,7.901377353792616
Kadam Wood Elephant with Up Trunk 3 in,Artefacts - Idols & Figurines - Wood 003,Wood,1,7.62,795.0,6.679599185844383
Kadam Wood Handcarved Elephant Trunk Up 4 in,Artefacts - Idols & Figurines - Wood 003,Wood,1,10.16,1350.0,7.208600337960199
Sandalwood Jap Mala 8 mm,Artefacts - Idols & Figurines - Wood 003,Wood,1,20.6,510.0,6.236369590203704
Wooden Mysore Elephant with Metal work 6 in,Artefacts - Idols & Figurines - Wood 003,Wood,1,15.24,5400.0,8.594339400592892
Wooden Handpainted Dancing Peacock 12 in,Artefacts - Idols & Figurines - Wood 003,Wood,1,30.48,8000.0,8.987321812850125
Kadam Wood Handcarved Undercut Ambari Elephant 8 in,Artefacts - Idols & Figurines - Wood 003,Wood,1,20.32,1950.0,7.576097340623111
Kadam Wood Handcarved Laughing Buddha 3 in,Artefacts - Idols & Figurines - Wood 003,Wood,1,7.62,900.0,6.803505257608338
Kadam Wood Handcarved Ganesha and Laxmi in Namaste Design 5 in,Artefacts - Idols & Figurines - Wood 003,Wood,1,12.7,3900.0,8.268988209506656
Kadam Wood Handcarved Buddha Head 5 in,Artefacts - Idols & Figurines - Wood 003,Wood,1,12.7,995.0,6.903747257584598
"The Shahi Collection. Exclusive, Fine Kashmiri Art Kangri - Blue  Florals",Assorted,Other,1,20.6,1700.0,7.438971592395862
Handcrafted Wooden Cutlery in Kutch Lacquer Craft - Mortar and Pestle,Assorted,Wood,1,20.6,720.0,6.580639137284949
Handcrafted Black Pottery Figurine Vase - Visage,Assorted,Ceramic,1,20.6,1330.0,7.193685818395112
Shell Craft Wardrobe Aroma Sachet Holder - Fragrance Tales (Set of 2),Assorted Utility,Other,2,20.6,1550.0,7.346655163176539
Bidri Craft Tortoise Ashtray,Assorted Utility,Other,1,20.6,2890.0,7.969357742016346
The Kantha & Canvas Duffle Bag - Olive Peacocks,Bags,Other,1,20.6,3990.0,8.291797105048733
The Kantha & Canvas Duffle Bag - Khakhi Turtle,Bags,Other,1,20.6,3990.0,8.291797105048733
The Kantha & Canvas Duffle Bag - Khakhi Peacocks,Bags,Other,1,20.6,3990.0,8.291797105048733
Rugged Leather Duffle Bag (Length - 20 inches),Bags,Other,1,50.8,5810.0,8.667507952075105
Rugged Leather Duffle Bag (Length - 23 inches),Bags,Other,1,58.42,5810.0,8.667507952075105
"Rugged Leather Duffler Bag (Length-22"")",Bags,Other,1,20.6,4250.0,8.35490952835879
Jawaja Handcrafted Leather Multi-utility Bag,Bags,Other,1,20.6,2520.0,7.83241092718792
Handcrafted Leather Utility Folder with Hand Stitch Detail,Bags,Other,1,20.6,3160.0,8.058643712215618
Dhokra Metal Craft Bracelet,Bangles & Bracelets,Other,1,20.6,510.0,6.236369590203704
Exclusive Pure Silver Traditional Maharashtrian Kangans - Gahu Tode,Bangles & Bracelets,Other,1,20.6,49700.0,10.813780332606648
Exclusive Pure Silver Traditional Maharashtrian Kangans - Koyari Tode,Bangles & Bracelets,Other,1,20.6,42710.0,10.662211777281856
Exclusive Pure Silver Traditional Maharashtrian Kangans,Bangles & Bracelets,Other,1,20.6,42710.0,10.662211777281856
Pure Silver Traditional Maharashtrian Armband - Baazuband,Bangles & Bracelets,Other,1,20.6,32230.0,10.38068400132164
Pure Silver Traditional Maharashtrian Armband - Baazuband,Bangles & Bracelets,Other,1,20.6,35730.0,10.483773938311225
Pure Silver Traditional Maharashtrian Armband - Baazuband,Bangles & Bracelets,Other,1,20.6,35730.0,10.483773938311225
Pure Silver Traditional Maharashtrian Armband - Baazuband,Bangles & Bracelets,Other,1,20.6,35730.0,10.483773938311225
Pure Silver Traditional Maharashtrian Bracelet - Bormal,Bangles & Bracelets,Other,1,20.6,11270.0,9.329988334242078
Pure Silver Traditional Maharashtrian Bracelet - Golmani,Bangles & Bracelets,Other,1,20.6,11270.0,9.329988334242078
Handcrafted Khajur & Sabai Utility Baskets - Rust & Beige (Set of 2),Baskets & Things,Other,2,20.6,750.0,6.621405651764134
Handcrafted Sabai Grass Multi-Utility Baskets - Ruby Red (Set of 2),Baskets & Things,Other,2,20.6,500.0,6.2166061010848646
Handcrafted Cheend Kasa Utility Baskets (Set of 2) - Round,Baskets & Things,Other,2,20.6,750.0,6.621405651764134
Handcrafted Cheend Kasa Utility Basket - Pentagonal,Baskets & Things,Other,1,20.6,750.0,6.621405651764134
Handcrafted Cheend Kasa Utility Basket With Lid - Chakri,Baskets & Things,Other,1,20.6,750.0,6.621405651764134
Handcrafted Cheend Kasa Round Utility Basket With Lid,Baskets & Things,Other,1,20.6,750.0,6.621405651764134
Handcrafted Cheend Kasa Utility Basket With Lid,Baskets & Things,Other,1,20.6,750.0,6.621405651764134
Handcrafted Sabai Grass Multi-Utility Tray - Pale Yellow (Piece),Baskets & Things,Other,1,20.6,500.0,6.2166061010848646
Sabai Multi Utility Basket - Teal,Baskets & Things,Other,1,20.6,500.0,6.2166061010848646
Handcrafted Sabai Grass Multi-Utility Basket - Oval (Set of 2),Baskets & Things,Other,2,20.6,750.0,6.621405651764134
Handcrafted Khajur & Sabai Utility Baskets - Green & Beige (Set of 2),Baskets & Things,Other,2,20.6,750.0,6.621405651764134
Handcrafted Sabai Grass Roti / Utility Basket - Brown (Piece),Baskets & Things,Other,1,20.6,750.0,6.621405651764134
Handcrafted Sabai Grass Multi-Utility Basket - Dull Purple,Baskets & Things,Other,1,20.6,750.0,6.621405651764134
Handcrafted Sabai Grass Multi-Utility Basket - Beige,Baskets & Things,Other,1,20.6,500.0,6.2166061010848646
Handcrafted Sabai Grass Bottle Bag - Earthy Brown,Baskets & Things,Other,1,20.6,500.0,6.2166061010848646
Handcrafted Sabai Grass Multi-Utility Basket - Warm Pink,Baskets & Things,Other,1,20.6,500.0,6.2166061010848646
Handcrafted Sabai Grass Multi-Utility Basket - Red & Beige (Set),Baskets & Things,Other,1,20.6,750.0,6.621405651764134
Handcrafted Sabai Grass Round Multi-Utility / Roti Basket with Lid - Natural Beige & Royal Blue (Set of 2),Baskets & Things,Other,2,20.6,1200.0,7.0909098220799835
Handcrafted Sabai Grass Multi-Utility Tray - Warm Pink (Piece),Baskets & Things,Other,1,20.6,500.0,6.2166061010848646
Handcrafted Sabai Grass Multi-Utility Baskets - Dark Teal Blue (Set of 2),Baskets & Things,Other,2,20.6,750.0,6.621405651764134
The India Craft House Khajur & Sabai Utility Tray Baskets (Set of 2),Baskets & Things,Other,2,20.6,750.0,6.621405651764134
The India Craft House Sabai Grass Handcrafted Mutliutility Basket (Set of 2),Baskets & Things,Other,2,20.6,750.0,6.621405651764134
The India Craft House Sabai Grass Handmade Multicoloured Basket (Set of 2),Baskets & Things,Other,2,20.6,750.0,6.621405651764134
"Bhadohi Basket Craft - Utility Basket, Oblong",Baskets & Things,Other,1,20.6,500.0,6.2166061010848646
Jaipur Blue Pottery Wash Room Organiser - Lemon Garden (Set of 2),Bath Accessories,Ceramic,2,20.6,1890.0,7.544861068658458
Jaipur Blue Pottery Wash Room Organisers - White Indigo (Set of 3),Bath Accessories,Ceramic,3,20.6,2460.0,7.8083230503910555
Jaipur Blue Pottery Wash Room Organisers - Indigo Garden (Set of 2),Bath Accessories,Ceramic,2,20.6,1890.0,7.544861068658458
Abalone Shell Craft Soap Holder,Bath Accessories,Other,1,20.6,1980.0,7.591357046698551
Carved Marble Soap Holders - White Duo (Set of Two),Bath Accessories,Stone/Marble,1,20.6,2150.0,7.67368812926773
Carved Marble Rectangular Soap Holder (Set of Two),Bath Accessories,Stone/Marble,1,20.6,2150.0,7.67368812926773
Marble Oval Rectangle Soap Dish (Set of Two),Bath Accessories,Stone/Marble,1,20.6,2150.0,7.67368812926773
Soapstone Filigree Soap Holder,Bath Accessories,Stone/Marble,1,20.6,1420.0,7.259116128097101
Coconut Craft Soap Dishes (Set of 2),Bath Accessories,Other,2,20.6,740.0,6.608000625296087
Coconut Craft Soap Dishes (Set of 2),Bath Accessories,Other,2,20.6,640.0,6.46302945692067
Coconut Craft Soap / Sanitiser Dispenser,Bath Accessories,Other,1,20.6,1090.0,6.994849985833071
Coconut Craft Soap Dishes (Set of 4),Bath Accessories,Other,4,20.6,1100.0,7.00397413672268
Shell Craft Soap Holder - Oval,Bath Accessories,Other,1,20.6,780.0,6.660575149839686
Shell Craft Soap Holder - Fish,Bath Accessories,Other,1,20.6,780.0,6.660575149839686
Shell Craft Soap Holder - Leaf,Bath Accessories,Other,1,20.6,780.0,6.660575149839686
Shell Craft Soap Holder - Leaf,Bath Accessories,Other,1,20.6,780.0,6.660575149839686
Shell Craft Soap Holder - Leaf,Bath Accessories,Other,1,20.6,780.0,6.660575149839686
Shell Craft Soap Holder - Leaf (Set of 2),Bath Accessories,Other,2,20.6,1450.0,7.280008252884188
Shell Craft Soap Holder - Mixed Shapes (Set of 3),Bath Accessories,Other,3,20.6,1970.0,7.58629630715272
"'Amber Flute' Ceramic Bathroom Accessory Set of 3 (Liquid Soap Dispenser, Toothbrush Holder, Soap Tray, Hand-Carved)",Bathroom Accessory Set,Ceramic,3,20.6,799.0,6.684611727667927
"'Ivory Flute' Ceramic Bathroom Accessory Set of 3 (Liquid Soap Dispenser, Toothbrush Holder, Soap Tray, Hand-Carved)",Bathroom Accessory Set,Ceramic,3,20.6,899.0,6.802394763324311
"'Aqua Bloom' Ceramic Bathroom Accessory Set of 2 (Liquid Soap Dispenser, Toothbrush Holder, Hand-Painted)",Bathroom Accessory Set,Ceramic,2,20.6,680.0,6.523562306149512
"'Mughal Bloom' Ceramic Bathroom Accessory Set of 2 (Liquid Soap Dispenser, Toothbrush Holder, Hand-Painted)",Bathroom Accessory Set,Ceramic,2,20.6,680.0,6.523562306149512
"'Eden Bloom' Ceramic Soap Dispenser (Liquid Soap Dispenser, Hand-Painted)",Bathroom Accessory Set,Ceramic,1,20.6,349.0,5.857933154483459
"'Gulabi Courtyard' Ceramic Bathroom Accessory Set of 2 (Liquid Soap Dispenser, Toothbrush Holder, Hand-Painted)",Bathroom Accessory Set,Ceramic,2,20.6,599.0,6.396929655216146
"'Eden Bloom' Ceramic Bathroom Accessory Set of 2 (Liquid Soap Dispenser, Toothbrush Holder, Hand-Painted)",Bathroom Accessory Set,Ceramic,2,20.6,680.0,6.523562306149512
"'Hand Lettered' Ceramic Bathroom Accessory Set of 2 (Liquid Soap Dispenser, Toothbrush Holder, Hand-Painted)",Bathroom Accessory Set,Ceramic,2,20.6,599.0,6.396929655216146
"'Monochrome Lines' Ceramic Bathroom Accessory Set of 2 (Liquid Soap Dispenser, Toothbrush Holder, Hand-Painted)",Bathroom Accessory Set,Ceramic,2,20.6,599.0,6.396929655216146
"'Cozy Crossandras' Hand-Painted Bathroom Accessory Set In Ceramic (Liquid Soap Dispenser, Toothbrush Holder)",Bathroom Accessory Set,Ceramic,1,20.6,675.0,6.516193076042964
"'Shadow & Light' Hand-painted Bathroom Accessory Set of 3 In Ceramic (Liquid Soap Dispenser, Toothbrush Holder, Soap Tray)",Bathroom Accessory Set,Ceramic,3,7.62,869.0,6.76849321164863
"'Turquoise Mogra' Hand-painted Bathroom Accessory Set In Ceramic (Liquid Soap Dispenser, Toothbrush Holder)",Bathroom Accessory Set,Ceramic,1,20.6,749.0,6.620073206530356
"'Mughal Flora' Hand-painted Bathroom Accessory Set of 2 In Ceramic (Liquid Soap Dispenser, Toothbrush Holder)",Bathroom Accessory Set,Ceramic,2,5.08,749.0,6.620073206530356
"'Scarlet Bloom' Ceramic Bathroom Accessory Set of 3 (Liquid Soap Dispenser, Toothbrush Holder, Soap Tray, Hand-Painted)",Bathroom Accessory Set,Ceramic,3,20.6,975.0,6.883462586413092
"'Floral Feels' Hand-painted Bathroom Accessory Set In Ceramic (Liquid Soap Dispenser, Toothbrush Holder, Soap Tray)",Bathroom Accessory Set,Ceramic,1,20.6,999.0,6.907755278982137
'Red Chevrons' Handpainted Ceramic Bathroom Accessory Set (Set Of 3),Bathroom Accessory Set,Ceramic,3,20.6,1059.0,6.966024187106113
"'Whispers of Warli' Handcrafted Ceramic Beer Mugs (Set of 2, 430 ML, Microwave Safe)",Beer Mugs,Ceramic,2,20.6,675.0,6.516193076042964
Copper Bells on a Ruby Thread,Bells,Other,1,20.6,2050.0,7.62608275807238
Copper Bells on a Ruby Thread,Bells,Other,1,20.6,2050.0,7.62608275807238
Copper Bells on a Ruby Thread,Bells,Other,1,20.6,2050.0,7.62608275807238
Copper Bells on a Triangle Frame,Bells,Other,1,20.6,1340.0,7.201170883281678
Copper Bells on a Diamond Frame,Bells,Other,1,20.6,1340.0,7.201170883281678
"Handknotted Macramé Hanging Copper Bell 2"" Dia - Mustard (14"")",Bells,Other,1,20.6,790.0,6.673297967767654
Copper Bells String On Square Shaped Frame,Bells,Other,1,20.6,690.0,6.53813982376767
Terracotta Handpainted Bird Feeder,Bird Feeder,Terracotta/Clay,1,20.6,875.0,6.775366090936392
'Swinging Cottage' Handmade & Hand-painted Bird House In Terracotta (15.2 cm),Bird House,Terracotta/Clay,1,15.2,999.0,6.907755278982137
"'Floral Bunny Cottage' Ceramic Bird House (Hand-Painted, 23.5 Cms, Multicoloured)",Bird House,Ceramic,1,20.6,999.0,6.907755278982137
'Village Cottage' Handmade & Hand Painted Bird House In Terracotta (10.2 cm),Bird House,Terracotta/Clay,1,10.2,999.0,6.907755278982137
'Cuckoo in a Nest' Handmade Garden Decorative Bird House In Terracotta,Bird House,Terracotta/Clay,1,20.6,999.0,6.907755278982137
'Swinging Hut' Handmade & Hand-painted Bird House In Terracotta (15.2 cm),Bird House,Terracotta/Clay,1,15.2,999.0,6.907755278982137
Wooden Hand Carved & Engraved Tree Of Life Book End In Sheesham Wood,Book Ends,Wood,1,20.6,1499.0,7.313220387090301
Tree Of Life Book End In Sheesham Wood,Book Ends,Wood,1,20.6,1540.0,7.340186835320115
'Trunk Tales' Mango Wood Book End (Hand-Carved),Book Ends,Wood,1,20.6,1549.0,7.346010209913293
'Chess Rook' Handcarved Book Ends In Sheesham Wood,Book Ends,Wood,1,20.6,1690.0,7.43307534889858
'Chess Queen' Handcarved Book Ends In Sheesham Wood,Book Ends,Wood,1,20.6,1699.0,7.438383530044307
"'Meditating Buddha' Decorative Showpiece Figurine Sculpture (Resin, Handcrafted, 26.5 cm)",Buddha Idol,Other,1,26.5,999.0,6.907755278982137
Dhokra Craft Tea Light Holders - The Scholar (Set of 2),Candle & Tea Light Holders,Other,2,20.6,2910.0,7.976251943745623
Dhokra Craft Tea Light Holders - The Readers (Set of 2),Candle & Tea Light Holders,Other,2,20.6,2910.0,7.976251943745623
Dhokra Craft Tea Light Holders - Rangkarmi (Set of 2),Candle & Tea Light Holders,Other,2,20.6,2910.0,7.976251943745623
Dhokra Craft Tea Light Holders - Nukkad Natak (Set of 3),Candle & Tea Light Holders,Other,3,20.6,4130.0,8.326274787396764
Dhokra Craft Tea Light Holders - Folk Musicians (Set of 2),Candle & Tea Light Holders,Other,2,20.6,2910.0,7.976251943745623
Dhokra Craft Tea Light Holders - Home Hustlers (Set of 2),Candle & Tea Light Holders,Other,2,20.6,2910.0,7.976251943745623
Delhi Blue Art Marble Pottery Aroma Diffuser - Azure,Candle & Tea Light Holders,Ceramic,1,20.6,1810.0,7.501634457883413
Jaipur Blue Pottery Aroma Diffusers - Turquoise Blooms (Set of 2),Candle & Tea Light Holders,Ceramic,2,20.6,2350.0,7.762596048540069
Jaipur Blue Pottery Aroma Diffusers - Indigo Blooms (Set of 2),Candle & Tea Light Holders,Ceramic,2,20.6,2350.0,7.762596048540069
"Carved Filigree Elephant Stone Aroma Oil Diffuser (4"" x 4'')",Candle & Tea Light Holders,Stone/Marble,1,20.6,3380.0,8.125926802707886
"Carved Marble Jharoka Aroma Oil Diffuser (4"" x 4'')",Candle & Tea Light Holders,Stone/Marble,1,20.6,2880.0,7.9658927350845286
Jaali Craft Wooden Tealight Stand - Flower,Candle & Tea Light Holders,Wood,1,20.6,2400.0,7.783640596221253
Jaali Craft Wooden Tealight Holder - Petals,Candle & Tea Light Holders,Wood,1,20.6,2540.0,7.840312983320164
Jaali Craft Wooden Tealight Stand (Long),Candle & Tea Light Holders,Wood,1,20.6,2030.0,7.616283561580385
"Kashmiri Art Candle Stands, Large (Set of 2) - Orange Floral",Candle & Tea Light Holders,Other,2,20.6,2950.0,7.989899374942939
"Kashmiri Art Candle Stands, Large (Set of 2) - Blue Forest",Candle & Tea Light Holders,Other,2,20.6,2950.0,7.989899374942939
"Exclusive Brass Curio / Incense Holder - Paan Leaf, Large",Candle & Tea Light Holders,Brass,1,20.6,2540.0,7.840312983320164
Exclusive Brass Curio / Incense Holder - Waterlily,Candle & Tea Light Holders,Brass,1,20.6,2030.0,7.616283561580385
Exclusive Brass Tealight Holders (Set of 2) - Lotus,Candle & Tea Light Holders,Brass,2,20.6,4180.0,8.338305731356565
Exclusive Brass Tealight Holders (Set of 2) - Lotus Flowers,Candle & Tea Light Holders,Brass,2,20.6,4180.0,8.338305731356565
Exclusive Brass Tealight Holders (Set of 2) - Champa Flowers,Candle & Tea Light Holders,Brass,2,20.6,3750.0,8.229777750081887
Exclusive Brass Tealight Holders (Set of 2) - Rose Leaves,Candle & Tea Light Holders,Brass,2,20.6,3410.0,8.134760782418645
Soapstone Filigree Incense Stick Holder,Candle & Tea Light Holders,Stone/Marble,1,20.6,2540.0,7.840312983320164
Soapstone Filigree Incense Stick Holder,Candle & Tea Light Holders,Stone/Marble,1,20.6,2540.0,7.840312983320164
Soapstone Filigree Flower Of Life Diffuser,Candle & Tea Light Holders,Stone/Marble,1,20.6,1560.0,7.353081920515432
Soapstone Filigree Diffuser,Candle & Tea Light Holders,Stone/Marble,1,20.6,1760.0,7.473637108496206
Soapstone Filigree Owl Tea Light Holder,Candle & Tea Light Holders,Stone/Marble,1,20.6,2260.0,7.72356247227797
Soapstone Filigree Tea Light Holder,Candle & Tea Light Holders,Stone/Marble,1,20.6,2450.0,7.804251383528112
Soapstone Filigree Round Tea Light Holder,Candle & Tea Light Holders,Stone/Marble,1,20.6,2260.0,7.72356247227797
Soapstone Filigree Round Tea Light Holder,Candle & Tea Light Holders,Stone/Marble,1,20.6,1850.0,7.523481312573497
Soapstone Filigree Round Tea Light Holder,Candle & Tea Light Holders,Stone/Marble,1,20.6,2150.0,7.67368812926773
Soapstone Filigree Round Tea Light Holder,Candle & Tea Light Holders,Stone/Marble,1,20.6,2150.0,7.67368812926773
Soapstone Filigree Round Tea Light Holder,Candle & Tea Light Holders,Stone/Marble,1,20.6,2450.0,7.804251383528112
"Nazakat. Exclusive, Fine Hand Engraved Wood Block Tealight Holders (Set of 2) - Leaf",Candle & Tea Light Holders,Wood,2,20.6,1800.0,7.496097345175956
"Nazakat. Exclusive, Fine Hand Engraved Wood Block Tealight Holder - Vines",Candle & Tea Light Holders,Wood,1,20.6,1020.0,6.928537818164665
"Nazakat. Exclusive, Fine Hand Engraved Wood Block Tealight Holder - The Tree Of Life",Candle & Tea Light Holders,Wood,1,20.6,1520.0,7.327123292259293
"Nazakat. Exclusive, Fine Hand Engraved Wood Block Tealight Holders (Set of 2) - Leaves",Candle & Tea Light Holders,Wood,2,20.6,1800.0,7.496097345175956
"Nazakat. Exclusive, Fine Hand Engraved Wood Block Tealight Holders (Set of 2) - Tree Of Life",Candle & Tea Light Holders,Wood,2,20.6,2960.0,7.993282328101591
"Nazakat. Exclusive, Fine Hand Engraved Wood Block Tealight Holder - Tree Of Life",Candle & Tea Light Holders,Wood,1,20.6,1600.0,7.3783837129967145
Exclusive Jaali Wood Craft Tealight Holders - (Set of 3),Candle & Tea Light Holders,Wood,3,20.6,2650.0,7.8826922062890254
Bastar Tribal Art Tealight Holders - Musicians (Set of 2),Candle & Tea Light Holders,Other,2,20.6,1500.0,7.313886831633462
Wood & Dhokra Craft Tealight Holders (Set of 2) - Women & Books,Candle & Tea Light Holders,Wood,2,20.6,3200.0,8.071218539969863
Wood & Dhokra Craft Tealight Holders (Set of 2) - The Deer,Candle & Tea Light Holders,Wood,2,20.6,3200.0,8.071218539969863
Wood & Dhokra Craft Tealight Holders - Saraswati,Candle & Tea Light Holders,Wood,1,20.6,1600.0,7.3783837129967145
Wood & Dhokra Craft Tealight Holders - Lakshmi,Candle & Tea Light Holders,Wood,1,20.6,1600.0,7.3783837129967145
Brass Wall Plaque & Tealight Holder - Creeper (Small),Candle & Tea Light Holders,Brass,1,20.6,3460.0,8.149312843635345
Brass Lotus Tealight Holder (Small),Candle & Tea Light Holders,Brass,1,20.6,2540.0,7.840312983320164
Brass Grape Leaf Tealight Holder,Candle & Tea Light Holders,Brass,1,20.6,3090.0,8.036249942132116
Wood & Resin Tealight Holders (Set of 6) - Red,Candle & Tea Light Holders,Wood,6,20.6,980.0,6.8885724595653635
"Kashmiri Art Candle Stands (Set of 3) - Small, Green Floral",Candle & Tea Light Holders,Other,3,20.6,1990.0,7.596392304064196
"Kashmiri Art Candle Stand - Small, Red Floral",Candle & Tea Light Holders,Other,1,20.6,870.0,6.769641976852503
Bastar Tribal Art Candle Cover,Candle & Tea Light Holders,Other,1,20.6,1200.0,7.0909098220799835
"Kashmiri Art Candle Stands, Small (Set of 2) - Orange & Gold",Candle & Tea Light Holders,Other,2,20.6,1160.0,7.057036981697891
Tambat Handbeaten Copper Containers / Tealight Holders (Set of 2),Candle & Tea Light Holders,Other,2,20.6,1590.0,7.372118028337787
Tambat Handbeaten Copper Diyas (Set of 6),Candle & Tea Light Holders,Other,6,20.6,1810.0,7.501634457883413
Tambat Handbeaten Copper Tealight Pods (Set of 2),Candle & Tea Light Holders,Other,2,20.6,2030.0,7.616283561580385
The India Craft House Wooden Jaali Tealight Holder - Circular,Candle & Tea Light Holders,Wood,1,20.6,1150.0,7.048386408721883
The India Craft House Wooden Jaali Tealight Cover- Square,Candle & Tea Light Holders,Wood,1,20.6,1450.0,7.280008252884188
The India Craft House Wooden Jaali Tealight Covers - (Set of 2),Candle & Tea Light Holders,Wood,2,20.6,1650.0,7.409136443920128
The India Craft House Wooden Jaali Tealight Cover- Rectangle,Candle & Tea Light Holders,Wood,1,20.6,1650.0,7.409136443920128
Bastar Tribal Art Tealight Holder - Music Performers,Candle & Tea Light Holders,Other,1,20.6,600.0,6.398594934535208
Bastar Tribal Art Tealight Holder - Band of Musicians,Candle & Tea Light Holders,Other,1,20.6,1370.0,7.223295679562314
Bastar Tribal Art Tealight Holder - Musicians,Candle & Tea Light Holders,Other,1,20.6,1050.0,6.957497370876951
Wood Engraved Incense Stand - Elephant (Small),Candle & Tea Light Holders,Wood,1,20.6,1150.0,7.048386408721883
Wood Engraved Incense Stand - Leaf,Candle & Tea Light Holders,Wood,1,20.6,1150.0,7.048386408721883
Coconut Craft Tea Light Holder - Spiral,Candle & Tea Light Holders,Other,1,20.6,1010.0,6.918695219020472
Coconut Craft Tea Light Holder - Circles,Candle & Tea Light Holders,Other,1,20.6,1010.0,6.918695219020472
Coconut Craft Tea Light Holder -  Lines and Dots,Candle & Tea Light Holders,Other,1,20.6,1010.0,6.918695219020472
Coconut Craft Tea Light Holder - Slits,Candle & Tea Light Holders,Other,1,20.6,1010.0,6.918695219020472
Coconut Craft Tea Light Holder - Dots and Dashes,Candle & Tea Light Holders,Other,1,20.6,1010.0,6.918695219020472
The India Craft House Bastar Tribal Man Candle Holder (Set of 2),Candle & Tea Light Holders,Other,2,20.6,960.0,6.8679744089702925
The India Craft House Bastar Tribal Dancing Women Candle Holder Wall Hanging,Candle & Tea Light Holders,Other,1,20.6,1130.0,7.030857476116121
The India Craft House Bastar Tribal Two Men Candle Holder,Candle & Tea Light Holders,Other,1,20.6,650.0,6.478509642208569
The India Craft House Bastar Tribal Two Men Candle Holder,Candle & Tea Light Holders,Other,1,20.6,1130.0,7.030857476116121
The India Craft House Bastar Tribal Deer Candle Holder,Candle & Tea Light Holders,Other,1,20.6,1650.0,7.409136443920128
The India Craft House Bastar Tribal Men Candle Holders (Set of 2),Candle & Tea Light Holders,Other,2,20.6,750.0,6.621405651764134
The India Craft House Bastar Tribal Deer Candle Holder Wall Hanging (Set of 2),Candle & Tea Light Holders,Other,2,20.6,600.0,6.398594934535208
The India Craft House Bastar Tribal Dancing Women Diya Holder - Small,Candle & Tea Light Holders,Other,1,20.6,1980.0,7.591357046698551
The India Craft House Bastar Tribal Dancing Women Diya Holder - Medium,Candle & Tea Light Holders,Other,1,20.6,2450.0,7.804251383528112
Bidri Craft Candle Stand,Candle & Tea Light Holders,Other,1,20.6,4040.0,8.304247465078474
Wooden Engraved Tealight Holders - (Set of 2) Gaja,Candle & Tea Light Holders,Wood,2,20.6,1240.0,7.123672785204607
Wooden Engraved Tealight Holders - (Set of 2) Gaja,Candle & Tea Light Holders,Wood,2,20.6,1340.0,7.201170883281678
Wooden Engraved Tealight Holders - (Set of 2) Mandala,Candle & Tea Light Holders,Wood,2,20.6,1550.0,7.346655163176539
Carved Filigree Stone Round Tea Light Holder,Candle & Tea Light Holders,Stone/Marble,1,20.6,2620.0,7.8713112033234065
Carved Filigree Stone Round Tea Light Holder,Candle & Tea Light Holders,Stone/Marble,1,20.6,2290.0,7.736743682453495
Carved Filigree Stone Round Tea Light Holder,Candle & Tea Light Holders,Stone/Marble,1,20.6,1410.0,7.252053951852814
Carved Filigree Stone Round Tea Light Holder,Candle & Tea Light Holders,Stone/Marble,1,20.6,2110.0,7.65491704784832
Carved Filigree Stone Round Tea Light Holder,Candle & Tea Light Holders,Stone/Marble,1,20.6,1100.0,7.00397413672268
Carved Filigree Stone Round Tea Light Holder,Candle & Tea Light Holders,Stone/Marble,1,20.6,2160.0,7.6783263565068856
Carved Filigree Stone Round Tea Light Holder,Candle & Tea Light Holders,Stone/Marble,1,20.6,1100.0,7.00397413672268
Carved Filigree Stone Incense Holder,Candle & Tea Light Holders,Stone/Marble,1,20.6,1590.0,7.372118028337787
Carved Filigree Stone Incense Holder,Candle & Tea Light Holders,Stone/Marble,1,20.6,1340.0,7.201170883281678
Carved Filigree Stone Aroma Oil Diffuser Lamp,Candle & Tea Light Holders,Stone/Marble,1,20.6,1410.0,7.252053951852814
Carved Filigree Stone Aroma Oil Diffuser Lamp,Candle & Tea Light Holders,Stone/Marble,1,20.6,1410.0,7.252053951852814
Carved Filigree Stone Aroma Oil Diffuser Lamp,Candle & Tea Light Holders,Stone/Marble,1,20.6,1410.0,7.252053951852814
Carved Filigree Stone Curio / Candle Holder,Candle & Tea Light Holders,Stone/Marble,1,20.6,3390.0,8.128880142125638
Carved Filigree Stone Curio / Candle Holder,Candle & Tea Light Holders,Stone/Marble,1,20.6,2860.0,7.95892649305011
Carved Filigree Stone Curio / Candle Holder,Candle & Tea Light Holders,Stone/Marble,1,20.6,2400.0,7.783640596221253
Carved Filigree Stone Curio / Candle Holder,Candle & Tea Light Holders,Stone/Marble,1,20.6,3390.0,8.128880142125638
Carved Filigree Stone Curio / Candle Holder,Candle & Tea Light Holders,Stone/Marble,1,20.6,2400.0,7.783640596221253
Carved Filigree Stone Curio / Candle Holder,Candle & Tea Light Holders,Stone/Marble,1,20.6,2510.0,7.828436359157585
Metal Filigree Tealight Holder - Black,Candle & Tea Light Holders,Other,1,20.6,350.0,5.860786223465865
Bastar Tribal Art Tealight Holder - Horse (Medium),Candle & Tea Light Holders,Other,1,20.6,550.0,6.311734809152915
Bastar Tribal Art Tealight Holders - Dancers (Set of 2),Candle & Tea Light Holders,Other,2,20.6,2629.0,7.874739125171811
Dhokra Craft Candle Holders - Elephants (Set of 2),Candle & Tea Light Holders,Other,2,20.6,3790.0,8.240385115516334
Dhokra Craft Candle Holder - Elephant,Candle & Tea Light Holders,Other,1,20.6,4080.0,8.314097335405807
Bastar Tribal Art - Tealight Holder,Candle & Tea Light Holders,Other,1,20.6,500.0,6.2166061010848646
Bastar Tribal Art - Tea Light Holder - Musicians,Candle & Tea Light Holders,Other,1,20.6,1350.0,7.208600337960199
Bastar Tribal Art - Tea Light Holder - Curio,Candle & Tea Light Holders,Other,1,20.6,1245.0,7.1276936993473985
Bastar Tribal Art - Candle Holder - Deer,Candle & Tea Light Holders,Other,1,20.6,500.0,6.2166061010848646
Bastar Tribal Art - Candle Holders - Deer (Set of 2),Candle & Tea Light Holders,Other,2,20.6,680.0,6.523562306149512
Bastar Tribal Art - Candle Holders - Deer (Set of 2),Candle & Tea Light Holders,Other,2,20.6,985.0,6.893656354602635
Bastar Tribal Art - Candle Holder Cover,Candle & Tea Light Holders,Other,1,20.6,1310.0,7.1785454837637
"Bastar Tribal Art - Candle Holder, Square",Candle & Tea Light Holders,Other,1,20.6,1450.0,7.280008252884188
"Bastar Tribal Art - Candle Holder, Round",Candle & Tea Light Holders,Other,1,20.6,1980.0,7.591357046698551
Aromatic Puducherry Wax Candles - Botanical Coconut Shell Candles (Set of 4),Candles & Incense,Other,4,20.6,1820.0,7.507141079727608
"Aromatic Puducherry Wax Candle Pack (6 Pcs) - Rose, Lavender & Jasmine",Candles & Incense,Other,6,20.6,565.0,6.338594078203183
"Hand Crafted Aromatic Puducherry Gift Set (Set of 5 items), Rose",Candles & Incense,Other,5,20.6,1010.0,6.918695219020472
Aromatic Puducherry Incense Sticks (Set of 5 Assorted Fragrances),Candles & Incense,Other,5,20.6,970.0,6.878326468291325
"Aromatic Puducherry Wax Candle - Pillar, Rose",Candles & Incense,Other,1,20.6,1260.0,7.13966033596492
"Aromatic Puducherry Wax Candles - Coconut Shells, Lavender & Jasmine  (Set of 2)",Candles & Incense,Other,2,20.6,1220.0,7.107425474110705
"Aromatic Puducherry Wax Candles - Coconut Shells, Jasmine & Lavender (Set of 2)",Candles & Incense,Other,2,20.6,1220.0,7.107425474110705
Aromatic Puducherry Wax Candles,Candles & Incense,Other,1,20.6,380.0,5.942799375126701
Aromatic Puducherry Wax Candles,Candles & Incense,Other,1,20.6,380.0,5.942799375126701
Pure Bees Wax Candles with Stand (Set of 3),Candles & Incense,Other,3,20.6,1070.0,6.976348070447749
Natural Oils & Herbs Incense Sticks - Musk (100 Gms - Approx.100 Sticks),Candles & Incense,Other,1,20.6,335.0,5.817111159963204
Aromatic Puducherry Wax Candles - Lavender & Jasmine (Set of 2),Candles & Incense,Other,2,20.6,930.0,6.836259277277067
Aromatic Puducherry Wax Candles - Lavender & Sandalwood (Set of 2),Candles & Incense,Wood,2,20.6,1060.0,6.966967138613983
"Aromatic Puducherry Wax Candle Pack (3 Pcs) - Rose, Lavender & Jasmine",Candles & Incense,Other,3,20.6,310.0,5.739792912179234
Aromatic Puducherry Wax Pillar Candle - Jasmine,Candles & Incense,Other,1,20.6,735.0,6.601230118728877
Natural Oils & Herbs Incense Sticks - Lavender (100 sticks),Candles & Incense,Other,1,20.6,360.0,5.8888779583328805
"Kashmiri Art Candle Stands, Large (Set of 2) - Ornate Rust",Candles & Tea Light Holders,Other,2,20.6,3380.0,8.125926802707886
"Kashmiri Art Candle Stands, Large - Blue Forest",Candles & Tea Light Holders,Other,1,20.6,1910.0,7.555381944240273
'Grandeur' Handcrafted Cane Dining Chair In Mango Wood (Natural Finish),Cane Chairs,Wood,1,20.6,23629.0,10.070272370180954
Cotton Elegance' Handwoven Adjustable Chandelier With Hanging Lamp Shades In Cotton Rope & Iron (3 Shades | 71.1 cm),Chandeliers,Cotton,1,71.1,2479.0,7.8160138391590275
"'Bird Nest' Handcrafted Chandelier With Hanging Lamp Shades In Iron (3 Shades, 74.9 cm, Golden)",Chandeliers,Iron,1,74.9,1879.0,7.539027055823995
Cotton Sparkles' Handwoven Adjustable Chandelier With Hanging Lamp Shades In Cotton Rope & Iron (2 Shades | 68.6 cm),Chandeliers,Cotton,1,68.6,1949.0,7.575584651557793
Jute Flares' Handwoven Adjustable Chandelier With Hanging Lamp Shades In Jute & Iron (3 Shades | 55.9 cm),Chandeliers,Iron,1,55.9,2329.0,7.753623546559746
"'Burnt Leaf' Handcrafted Chapati Box With Lid In Mango Wood (20.8 cm, 1080 ml)",Chapati Box,Wood,1,20.8,2599.0,7.8632667240095735
'Floral-Etched' Handcrafted Chapati Box In Brass,Chapati Box,Brass,1,20.6,2299.0,7.7406644019172415
"'Floral Chronicles' Hand-Enamelled Chapati Box With Lid In Mango Wood (20.3 cm, 1140 ml)",Chapati Box,Wood,1,20.3,1899.0,7.549609165154532
"'Indigo Baagh' Wooden Chapati Box with Lid Contains 30 Chapatis (21.8 cm, Hand-Enameled)",Chapati Box,Wood,1,21.8,1599.0,7.3777589082278725
'Floral-Etched' Handcrafted Chapati Box In Brass & Mango Wood,Chapati Box,Brass,1,20.6,2099.0,7.649692623711514
"'Floral Hand-Etched' Chapati Box In Stainless Steel With Tong In Brass (21.3 cm, 1140 ml)",Chapati Box,Brass,1,21.3,1579.0,7.365180126021013
"ExclusiveLane 'Sage Serenity' Ceramic Chip-N-Dip Serving Platter (Microwave Safe, Hand Glazed)",Chip-N-Dip Platter,Ceramic,1,20.6,735.0,6.601230118728877
"'Teal Forest' Chip-N-Dip Serving Platter In Ceramic (40 ml, Hand Glazed, Microwave Safe)",Chip-N-Dip Platter,Ceramic,1,20.6,899.0,6.802394763324311
"'Teal Forest' Hand Glazed Ceramic Chutney & Dip Bowls (Set of 6, 30 ml, Microwave Safe)",Chutney & Dip Bowl,Ceramic,6,20.6,899.0,6.802394763324311
"'Teal Forest' Hand Glazed Ceramic Chutney & Dip Bowls (Set of 4, 30 ml, Microwave Safe)",Chutney & Dip Bowl,Ceramic,4,20.6,649.0,6.476972362889683
"ExclusiveLane 'Sage Serenity' Porcelain Chutney & Pickle Bowls (Set Of 4, Microwave Safe, Handglazed)",Chutney & Dip Bowl,Other,4,20.6,560.0,6.329720905522696
"ExclusiveLane 'Sage Serenity' Porcelain Chutney & Pickle Bowls (Set Of 2, Microwave Safe, Handglazed)",Chutney & Dip Bowl,Other,2,20.6,499.0,6.214608098422191
"ExclusiveLane 'Sage Serenity' Porcelain Chutney & Pickle Bowls With Tray (Set Of 2, Microwave Safe, Handglazed)",Chutney & Dip Bowl,Other,2,20.6,699.0,6.551080335043404
"ExclusiveLane 'Wheat Serenity' Porcelain Chutney & Pickle Bowls (Set Of 4, 50 ML, Microwave Safe, Hand Glazed)",Chutney & Dip Bowl,Other,4,20.6,699.0,6.551080335043404
"ExclusiveLane 'Wheat Serenity' Porcelain Chutney & Pickle Bowls (Set Of 2, 50 ML, Microwave Safe, Hand Glazed)",Chutney & Dip Bowl,Other,2,20.6,499.0,6.214608098422191
"'Geometric Landscape' Hand-Painted Ceramic Chutney & Dip Bowls (Set of 4, 80 ml, Microwave Safe)",Chutney & Dip Bowl,Ceramic,4,20.6,875.0,6.775366090936392
Wood Engraved Peacock Feather Paper Holder,Clipboards & Paper Holders,Wood,1,20.6,2560.0,7.848153086199526
Wood Engraved Paper Holder -Paisley,Clipboards & Paper Holders,Wood,1,20.6,2560.0,7.848153086199526
Wood Engraved Paisley Paper Holder,Clipboards & Paper Holders,Wood,1,20.6,2560.0,7.848153086199526
Handcrafted Jawaja Leather Craft Utility Folder with Hand Stitch Detail - Black & Brown,Clipboards & Paper Holders,Other,1,20.6,3860.0,8.258681496264236
"Embossed Leather - Paper Holder, Red Oriental",Clipboards & Paper Holders,Other,1,20.6,680.0,6.523562306149512
"Embossed Leather - Paper Holder, Maroon Concentrics",Clipboards & Paper Holders,Other,1,20.6,680.0,6.523562306149512
'Whitwewood Canvas' Wall Cloth Hanger With Warli Hand-Painting & Jute Dori,Cloth Hanger,Wood,1,20.6,1499.0,7.313220387090301
Shahi Nazakat. Zardozi & Resham Embroidered Evening Potli Bag - Gulrukh,Clutches & Potlis,Other,1,20.6,2770.0,7.9269635448629785
Shahi Nazakat. Zardozi & Resham Embroidered Evening Potli Bag - Zareen,Clutches & Potlis,Other,1,20.6,2770.0,7.9269635448629785
Shahi Nazakat. Zardozi & Resham Embroidered Evening Potli Bag - Afreen,Clutches & Potlis,Other,1,20.6,2770.0,7.9269635448629785
Shahi Nazakat. Zardozi & Resham Embroidered Evening Potli Bag - Gulchehra,Clutches & Potlis,Other,1,20.6,2770.0,7.9269635448629785
Shahi Nazakat. Zardozi & Resham Embroidered Evening Potli Bag - Dilruba,Clutches & Potlis,Other,1,20.6,2770.0,7.9269635448629785
Shahi Nazakat. Zardozi & Resham Embroidered Evening Potli Bag - Mahira,Clutches & Potlis,Other,1,20.6,2770.0,7.9269635448629785
Shahi Nazakat. Zardozi & Resham Embroidered Evening Potli Bag - Gulbano,Clutches & Potlis,Other,1,20.6,2770.0,7.9269635448629785
Shahi Nazakat. Zardozi & Resham Embroidered Evening Potli Bag - Gulnaar,Clutches & Potlis,Other,1,20.6,2770.0,7.9269635448629785
Shahi Nazakat. Zardozi & Resham Embroidered Evening Potli Bag - Ada,Clutches & Potlis,Other,1,20.6,2770.0,7.9269635448629785
Shahi Nazakat. Zardozi & Resham Embroidered Evening Potli Bag - Parizaad,Clutches & Potlis,Other,1,20.6,2770.0,7.9269635448629785
Shahi Nazakat. Zardozi & Resham Embroidered Evening Potli Bag - Shehnaz,Clutches & Potlis,Other,1,20.6,2770.0,7.9269635448629785
Shahi Nazakat. Zardozi & Resham Embroidered Evening Potli Bag - Rangrez,Clutches & Potlis,Other,1,20.6,2770.0,7.9269635448629785
Shahi Nazakat. Zardozi & Resham Embroidered Evening Potli Bag - Sitara,Clutches & Potlis,Other,1,20.6,2770.0,7.9269635448629785
Shahi Nazakat. Zardozi & Resham Embroidered Evening Potli Bag - Naaz,Clutches & Potlis,Other,1,20.6,2770.0,7.9269635448629785
Shahi Nazakat. Zardozi & Resham Embroidered Evening Potli Bag - Aaraish,Clutches & Potlis,Other,1,20.6,2770.0,7.9269635448629785
Shahi Nazakat. Zardozi & Resham Embroidered Evening Potli Bag - Afsana,Clutches & Potlis,Other,1,20.6,2770.0,7.9269635448629785
Shahi Nazakat. Zardozi & Resham Embroidered Evening Potli Bag - Mahtab,Clutches & Potlis,Other,1,20.6,2770.0,7.9269635448629785
Shahi Nazakat. Zardozi & Resham Embroidered Evening Potli Bag - Noor,Clutches & Potlis,Other,1,20.6,2770.0,7.9269635448629785
Shahi Nazakat. Zardozi & Resham Embroidered Evening Potli Bag - Gulzar,Clutches & Potlis,Other,1,20.6,2770.0,7.9269635448629785
Shahi Nazakat. Zardozi & Resham Embroidered Evening Potli Bag - Gulbadan,Clutches & Potlis,Other,1,20.6,2770.0,7.9269635448629785
Shahi Nazakat. Zardozi & Resham Embroidered Evening Potli Bag - Gulshan,Clutches & Potlis,Other,1,20.6,2770.0,7.9269635448629785
Zardozi and Resham Embroidered Evening Potli Bag - Maroon Ornate,Clutches & Potlis,Other,1,20.6,2770.0,7.9269635448629785
Zardozi and Resham Embroidered Evening Potli Bag - Black Floral,Clutches & Potlis,Other,1,20.6,2770.0,7.9269635448629785
Zardozi and Resham Embroidered Evening Potli Bags,Clutches & Potlis,Other,1,20.6,2770.0,7.9269635448629785
Zardozi and Resham Embroidered Evening Potli Bags,Clutches & Potlis,Other,1,20.6,2770.0,7.9269635448629785
Zardozi and Resham Embroidered Evening Potli Bags,Clutches & Potlis,Other,1,20.6,2770.0,7.9269635448629785
Zardozi and Resham Embroidered Evening Potli Bags,Clutches & Potlis,Other,1,20.6,2770.0,7.9269635448629785
Zardozi and Resham Embroidered Evening Potli Bags,Clutches & Potlis,Other,1,20.6,2770.0,7.9269635448629785
Zardozi and Resham Embroidered Evening Potli Bags,Clutches & Potlis,Other,1,20.6,2770.0,7.9269635448629785
Zardozi and Resham Embroidered Evening Potli Bags,Clutches & Potlis,Other,1,20.6,2770.0,7.9269635448629785
Warli Tales Coaster Set - Forest Gala (Set of 4),Coaster Sets,Other,4,20.6,1550.0,7.346655163176539
Jaipur Blue Pottery Coaster Set - Royal Turban (Set of 6),Coaster Sets,Ceramic,6,20.6,2020.0,7.611347717403621
Jaipur Blue Pottery Coaster Set - Monochrome Play (Set of 4),Coaster Sets,Ceramic,4,20.6,1700.0,7.438971592395862
Jaipur Blue Pottery Coaster Set - Yellow Jaal (Set of 4),Coaster Sets,Ceramic,4,20.6,1700.0,7.438971592395862
Jaipur Blue Pottery Coaster Set - Tiger Strikes (Set of 6),Coaster Sets,Ceramic,6,20.6,1640.0,7.403061091090091
Jaipur Blue Pottery Coaster Set - Indigo Medallion (Set of 6),Coaster Sets,Ceramic,6,20.6,1780.0,7.484930283289661
Jaipur Blue Pottery Coaster Set - Lotus Bloom (Set of 6),Coaster Sets,Ceramic,6,20.6,1640.0,7.403061091090091
Jaipur Blue Pottery Coaster Set - Floral Vine (Set of 6),Coaster Sets,Ceramic,6,20.6,1640.0,7.403061091090091
Kashmiri Art Coaster Set with Box - Red & Black Florets (Set of 4),Coaster Sets,Other,4,20.6,1450.0,7.280008252884188
Kashmiri Art Coaster Set with Box - Classic Red Floral (Set of 4),Coaster Sets,Other,4,20.6,1450.0,7.280008252884188
Kashmiri Art Coaster Set with Box - Golden Blue Chinar (Set of 4),Coaster Sets,Other,4,20.6,1450.0,7.280008252884188
Warli Art Wooden Coaster Set with Box (Set of 6) - Deep Blue Folk Art,Coaster Sets,Wood,6,20.6,1700.0,7.438971592395862
Handcrafted Wood & Dhokra Coaster Set (Set of 6),Coaster Sets,Wood,6,20.6,1240.0,7.123672785204607
"Sabai Grass Coasters - Natural Beige (Large, Set of 6)",Coaster Sets,Other,6,20.6,650.0,6.478509642208569
Exclusive Brass Coasters - Pods (Set of 4 ),Coaster Sets,Brass,4,20.6,4180.0,8.338305731356565
Kashmiri Papier-Mâché Round Box,Coaster Sets,Other,1,20.6,1150.0,7.048386408721883
Tarakashi Wooden Inlay Coaster Set - Star Pattern,Coaster Sets,Wood,1,20.6,2170.0,7.682943169878292
Wood Engraved Square Coaster Set,Coaster Sets,Wood,1,20.6,2170.0,7.682943169878292
Wood Engraved Square Coaster Set,Coaster Sets,Wood,1,20.6,2170.0,7.682943169878292
Floral Tapestry Marble Inlay Coasters,Coaster Sets,Stone/Marble,1,20.6,3460.0,8.149312843635345
Floral Tapestry Marble Inlay Coasters,Coaster Sets,Stone/Marble,1,20.6,1560.0,7.353081920515432
Floral Tapestry Marble Inlay Coasters,Coaster Sets,Stone/Marble,1,20.6,1560.0,7.353081920515432
Soapstone Filigree Coasters,Coaster Sets,Stone/Marble,1,20.6,1560.0,7.353081920515432
Marble and Wood Circle Coasters,Coaster Sets,Wood,1,20.6,2350.0,7.762596048540069
Marble and Wood Circle Coasters,Coaster Sets,Wood,1,20.6,2450.0,7.804251383528112
Marble and Wood Hexagon Coasters,Coaster Sets,Wood,1,20.6,2350.0,7.762596048540069
Marble and Wood Square Coasters,Coaster Sets,Wood,1,20.6,2350.0,7.762596048540069
Marble and Wood Square Coasters,Coaster Sets,Wood,1,20.6,2350.0,7.762596048540069
Kashmiri Art Coaster Set With Box,Coaster Sets,Other,1,20.6,1350.0,7.208600337960199
Brass Coaster Set - Temple flower Leaves (Set of 4),Coaster Sets,Brass,4,20.6,4450.0,8.400884069015854
Brass Banyan Leaf Coaster - Dia 4 inches,Coaster Sets,Brass,1,10.16,1370.0,7.223295679562314
Handcrafted Sabai Grass Coaster Set (Set of 6),Coaster Sets,Other,6,20.6,810.0,6.698268054115413
Handcrafted Wooden Dominos Game,Coaster Sets,Wood,1,20.6,1950.0,7.576097340623111
Sabai Teal Coasters - Set of 6,Coaster Sets,Other,6,20.6,1410.0,7.252053951852814
Shell Craft Coasters - Beige & Black (Set of 6),Coaster Sets,Other,6,20.6,2950.0,7.989899374942939
Shell Craft Coasters - Black & White (Set of 6),Coaster Sets,Other,6,20.6,2150.0,7.67368812926773
"Handcrafted Sabai Grass Coasters - Dull Purple & Beige (Large, Set of 6)",Coaster Sets,Other,6,20.6,1310.0,7.1785454837637
Warli Art Wooden Coaster Set with Box (Set of 6) - Green Folk Art,Coaster Sets,Wood,6,20.6,1050.0,6.957497370876951
Marble Inlay Round Coaster Set with Holder,Coaster Sets,Stone/Marble,1,20.6,4630.0,8.440528106480752
Marble Inlay Round Coaster Set with Holder,Coaster Sets,Stone/Marble,1,20.6,4630.0,8.440528106480752
Marble Inlay Round Coaster Set with Holder,Coaster Sets,Stone/Marble,1,20.6,4630.0,8.440528106480752
Shell Craft Coaster Set - Square (Set of 6),Coaster Sets,Other,6,20.6,2550.0,7.844240718141811
Shell Craft Coaster Set (Round - With Single Placemat),Coaster Sets,Other,1,20.6,3450.0,8.146419323098003
Shell Craft Coaster Set (Square - With Single Placemat),Coaster Sets,Other,1,20.6,3450.0,8.146419323098003
Wooden Jaali Coaster Set (6 Pc Set),Coaster Sets,Wood,1,20.6,1950.0,7.576097340623111
Wooden Jaali Coaster Set (5 Pc Set),Coaster Sets,Wood,1,20.6,2850.0,7.955425088912672
Phad Art - Coasters Square (Set of 6),Coaster Sets,Other,6,20.6,1150.0,7.048386408721883
"'Indigo Baagh' Wooden Coaster Set with Holder (Set of 5, Hand-Enameled)",Coasters,Wood,5,20.6,999.0,6.907755278982137
"Mughal Courtyard' Wooden Coasters (Set of 4, Enamel coated waterproof surface)",Coasters,Wood,4,20.6,549.0,6.309918278226516
"Maharani's Courtyard' Wooden Coasters (Set of 4, Enamel coated waterproof surface)",Coasters,Wood,4,20.6,549.0,6.309918278226516
"Nakashi Baagh' Wooden Coaster Set with Holder (Set of 6, Enamel coated waterproof surface, Gold Engraving)",Coasters,Wood,6,20.6,799.0,6.684611727667927
"Peacock Courtyard' Wooden Coasters (Set of 4, Enamel coated waterproof surface, Gold Engraving)",Coasters,Wood,4,20.6,549.0,6.309918278226516
"ExclusiveLane 'Golden Mist' Brass Coasters (Set Of 4, Hand-Etched)",Coasters,Brass,4,20.6,999.0,6.907755278982137
'Six Cornered Spring' Handcrafted Coasters In Sheesham Wood (Set Of 6),Coasters,Wood,6,20.6,535.0,6.284134161070802
'Mughal Arc' Hand-Enamelled Brass Coasters (Set Of 2),Coasters,Brass,2,20.6,830.0,6.7226297948554485
'Mughal-Mandala' Hand-Etched Brass Coasters (Set Of 4),Coasters,Brass,4,20.6,999.0,6.907755278982137
'Mughal Arc' Hand-Etched Brass Coasters (Set Of 2),Coasters,Brass,2,20.6,735.0,6.601230118728877
'Mandala Design' Hand-Etched Brass Coasters (Set Of 2),Coasters,Brass,2,20.6,735.0,6.601230118728877
'Mughal Arc' Hand-Etched Stainless Steel Coasters (Set Of 4),Coasters,Other,4,20.6,849.0,6.745236349484363
"ExclusiveLane 'Star Tiles' Wooden & Ceramic Tea Coasters (Set Of 2, Hand-Painted)",Coasters,Wood,2,20.6,849.0,6.745236349484363
"'The Hut' Hand-painted Coasters (Set Of 4, Ceramic)",Coasters,Ceramic,4,20.6,799.0,6.684611727667927
'Mughal Disks' Floral Hand-painted Coasters In Ceramic (Set of 4),Coasters,Ceramic,4,20.6,749.0,6.620073206530356
"ExclusiveLane 'Silver Rose' Iron Tea Coasters (Set Of 4, Hand-Etched)",Coasters,Iron,4,20.6,999.0,6.907755278982137
"'Yellow Sparrows' Decorative Coasters In Mango Wood (Set of 4, Hand-Painted)",Coasters,Wood,4,20.6,889.0,6.7912214627261855
"'Gaj Bagh' Decal Ceramic Tea & Coffee Mugs (Set of 6, 330 ml, Microwave Safe, Handcrafted)",Coffee Mug,Ceramic,6,20.6,1299.0,7.170119543449628
"'Folk Heritage' Decal Ceramic Tea & Coffee Mugs (Set of 6, 330 ml, Microwave Safe, Handcrafted)",Coffee Mug,Ceramic,6,20.6,1299.0,7.170119543449628
"'Chai ho Jaye' Ceramic Tea & Coffee Mugs (Set of 2, 300 ml, Microwave Safe, Hand-Painted)",Coffee Mug,Ceramic,2,20.6,549.0,6.309918278226516
"'Pyaare Bhai Behen' Ceramic Tea & Coffee Mugs (Set of 2, 300 ml, Microwave Safe, Hand-Painted)",Coffee Mug,Ceramic,2,20.6,549.0,6.309918278226516
"'Gaj Bagh' Decal Ceramic Tea & Coffee Mugs (Set of 2, 330 ml, Microwave Safe, Handcrafted)",Coffee Mug,Ceramic,2,20.6,549.0,6.309918278226516
"'Folk Heritage' Decal Ceramic Tea & Coffee Mugs (Set of 4, 330 ml, Microwave Safe, Handcrafted)",Coffee Mug,Ceramic,4,20.6,899.0,6.802394763324311
"'Folk Heritage' Decal Ceramic Tea & Coffee Mugs (Set of 2, 330 ml, Microwave Safe, Handcrafted)",Coffee Mug,Ceramic,2,20.6,549.0,6.309918278226516
"'Morrocan Sage' Ceramic Tea & Coffee Mugs (Set of 6, 350 ml, Microwave Safe, Hand Glazed)",Coffee Mug,Ceramic,6,20.6,999.0,6.907755278982137
"'Morrocan Sage' Ceramic Tea & Coffee Mugs (Set of 4, 350 ml, Microwave Safe, Hand Glazed)",Coffee Mug,Ceramic,4,20.6,699.0,6.551080335043404
"'Morrocan Sage' Ceramic Tea & Coffee Mugs (Set of 2, 350 ml, Microwave Safe, Hand Glazed)",Coffee Mug,Ceramic,2,20.6,499.0,6.214608098422191
"'Morrocan Ocean' Ceramic Tea & Coffee Mugs (Set of 6, 400 ml, Microwave Safe, Hand Glazed)",Coffee Mug,Ceramic,6,20.6,999.0,6.907755278982137
"'Morrocan Ocean' Ceramic Tea & Coffee Mugs (Set of 2, 400 ml, Microwave Safe, Hand Glazed)",Coffee Mug,Ceramic,2,20.6,449.0,6.1092475827643655
"'Morrocan Ocean' Ceramic Tea & Coffee Mugs (Set of 4, 400 ml, Microwave Safe, Hand Glazed)",Coffee Mug,Ceramic,4,20.6,699.0,6.551080335043404
"'Gaj Bagh' Decal Ceramic Tea & Coffee Mugs (Set of 4, 330 ml, Microwave Safe, Handcrafted)",Coffee Mug,Ceramic,4,20.6,899.0,6.802394763324311
"'Layered Mocha' Ceramic Tea & Coffee Mug (330 ml, Microwave Safe, Hand Glazed )",Coffee Mug,Ceramic,1,20.6,349.0,5.857933154483459
"'Gaj Bagh' Decal Ceramic Tea & Coffee Mug (330 ml, Microwave Safe, Handcrafted)",Coffee Mug,Ceramic,1,20.6,349.0,5.857933154483459
"'Peacock Pride' Ceramic Tea & Coffee Mugs (Set of 2, 330 ml, Microwave Safe, Hand Glazed)",Coffee Mug,Ceramic,2,20.6,549.0,6.309918278226516
"'Mocha Ribbed' Ceramic Tea & Coffee Mugs (Set of 4, 330 ml, Microwave Safe, Hand Glazed)",Coffee Mug,Ceramic,4,20.6,699.0,6.551080335043404
"'Mocha Ribbed' Ceramic Tea & Coffee Mugs (Set of 2, 330 ml, Microwave Safe, Hand Glazed)",Coffee Mug,Ceramic,2,20.6,499.0,6.214608098422191
"'Peacock Pride' Ceramic Tea & Coffee Mugs (Set of 2, 330 ml, Microwave Safe, Hand Glazed)",Coffee Mug,Ceramic,2,20.6,549.0,6.309918278226516
"'Mocha Ribbed' Ceramic Tea & Coffee Mugs (Set of 6, 330 ml, Microwave Safe, Hand Glazed)",Coffee Mug,Ceramic,6,20.6,949.0,6.856461984594587
"'Art of Warli' Ceramic Tea & Coffee Mugs With Wooden Tray (Set of 2, 300 ml, Handcrafted)",Coffee Mugs,Wood,2,20.6,999.0,6.907755278982137
"Raining Colours' Ceramic Tea & Coffee Mugs (Set of 2, 270 ml, In Gift Box, Microwave Safe, Hand-Painted)",Coffee Mugs,Ceramic,2,20.6,549.0,6.309918278226516
"Meadow Deer' Ceramic Tea & Coffee Mugs (Set of 2, 350 ml, In Gift Box, Microwave Safe, Hand-Painted)",Coffee Mugs,Ceramic,2,20.6,549.0,6.309918278226516
"Meadow Deer' Ceramic Tea & Coffee Mugs (Set of 2, 350 ml, In Gift Box, Microwave Safe, Hand-Painted)",Coffee Mugs,Ceramic,2,20.6,549.0,6.309918278226516
"Floral Arrows' Ceramic Tea & Coffee Mugs (Set of 2, 270 ml, In Gift Box, Microwave Safe, Hand-Painted)",Coffee Mugs,Ceramic,2,20.6,549.0,6.309918278226516
"ExclusiveLane 'Cute Cat Suprise' Ceramic Tea And Coffee Mugs (Set of 2, 240 ML, Microwave Safe, Hand-Embossed)",Coffee Mugs,Ceramic,2,20.6,675.0,6.516193076042964
"ExclusiveLane 'Cute Cat Suprise' Ceramic Tea And Coffee Mugs (240 ML, Microwave Safe, Hand-Embossed)",Coffee Mugs,Ceramic,1,20.6,399.0,5.991464547107982
"'Layered Mocha' Ceramic Tea & Coffee Mugs (Set of 2, 330 ml, Microwave Safe, Hand Glazed )",Coffee Mugs,Ceramic,2,20.6,599.0,6.396929655216146
"ExclusiveLane 'Night City' Ceramic Tea And Coffee Mugs (Set of 2, 350 ML, Microwave Safe, Hand-Painted)",Coffee Mugs,Ceramic,2,20.6,699.0,6.551080335043404
"'Teal Forest' Hand Glazed Ceramic Tea & Coffee Mugs (Set of 2, 180 ml, Hand-Etched, Microwave Safe)",Coffee Mugs,Ceramic,2,20.6,699.0,6.551080335043404
"'Teal Forest' Hand Glazed Ceramic Tea & Coffee Mug (180 ml, Hand-Etched, Microwave Safe)",Coffee Mugs,Ceramic,1,20.6,359.0,5.886104031450156
"'Teal Forest' Hand Glazed Ceramic Tea & Coffee Mugs (Set of 4, 180 ml, Hand-Etched, Microwave Safe)",Coffee Mugs,Ceramic,4,20.6,999.0,6.907755278982137
"'Pyaara Bhai' Ceramic Tea & Coffee Mugs (Set of 2, 300 ml, Microwave Safe, Hand-Painted)",Coffee Mugs,Ceramic,2,20.6,549.0,6.309918278226516
"'Pyaari Behen' Ceramic Tea & Coffee Mugs (Set of 2, 300 ml, Microwave Safe, Hand-Painted)",Coffee Mugs,Ceramic,2,20.6,549.0,6.309918278226516
"'Pyaari Behen' Ceramic Tea & Coffee Mug (300 ml, Microwave Safe, Hand-Painted)",Coffee Mugs,Ceramic,1,20.6,349.0,5.857933154483459
"'Pyaara Bhai' Ceramic Tea & Coffee Mug (300 ml, Microwave Safe, Hand-Painted)",Coffee Mugs,Ceramic,1,20.6,349.0,5.857933154483459
"Capsicum Bloom' Ceramic Coffee Mug with Lid (Hand-Painted, 290 ml)",Coffee Mugs,Ceramic,1,20.6,420.0,6.042632833682381
"I Love You' Ceramic Coffee Mugs (Set of 4 , Hand-Painted & Hand-Embossed, 265 ml Each)",Coffee Mugs,Ceramic,4,20.6,899.0,6.802394763324311
"I Love You' Ceramic Coffee Mugs (Set of 2 , Hand-Painted & Hand-Embossed, 265 ml Each)",Coffee Mugs,Ceramic,2,20.6,520.0,6.255750041753367
"Kitty Charm' Ceramic Tea Cups (Set of 6, Hand-Painted, 210 ml Each)",Coffee Mugs,Ceramic,6,20.6,849.0,6.745236349484363
"Kitty Charm' Ceramic Tea Cups (Set of 4, Hand-Painted, 210 ml Each)",Coffee Mugs,Ceramic,4,20.6,649.0,6.476972362889683
"Kitty Charm' Ceramic Tea Cups (Set of 2, Hand-Painted, 210 ml Each)",Coffee Mugs,Ceramic,2,20.6,499.0,6.214608098422191
"Tree of Life' Ceramic Coffee Mug (Hand-Painted & Hand-Embossed, 325 ml)",Coffee Mugs,Ceramic,1,20.6,399.0,5.991464547107982
"Geometric Bloom' Ceramic Coffee Mugs (Set of 2, Hand-Painted & Hand-Embossed, 365 ml Each)",Coffee Mugs,Ceramic,2,20.6,630.0,6.447305862541213
"Capsicum Bloom' Ceramic Coffee Mug with Lid (Hand-Painted, 290 ml)",Coffee Mugs,Ceramic,1,20.6,420.0,6.042632833682381
"Kitty Charm' Ceramic Coffee Mug (Set of 2, Hand-Painted, 310 ml Each)",Coffee Mugs,Ceramic,2,20.6,630.0,6.447305862541213
"Capsicum Bloom' Ceramic Coffee Mug with Lid (Set of 2, Hand-Painted, 290 ml)",Coffee Mugs,Ceramic,2,20.6,649.0,6.476972362889683
"Tree of Life' Ceramic Coffee Mug (Set of 2, Hand-Painted & Hand-Embossed, 325 ml Each)",Coffee Mugs,Ceramic,2,20.6,630.0,6.447305862541213
"Geometric Bloom' Ceramic Coffee Mugs (Set of 2, Hand-Painted & Hand-Embossed, 365 ml Each)",Coffee Mugs,Ceramic,2,20.6,630.0,6.447305862541213
"Kitty Charm' Ceramic Coffee Mug (Hand-Painted, 310 ml)",Coffee Mugs,Ceramic,1,20.6,399.0,5.991464547107982
"'Whispers of Warli' Handcrafted Ceramic Tea & Coffee Mug (300 ML, Microwave Safe)",Coffee Mugs,Ceramic,1,20.6,319.0,5.768320995793772
'Cocoa Rims' Studio Pottery Tea & Coffee Mugs In Ceramic (Set Of 2),Coffee Mugs,Ceramic,2,20.6,549.0,6.309918278226516
Cream-Coloured Cocoa Rims Studio Pottery Ceramic Tea Coffee Mugs (Set Of 4),Coffee Mugs,Ceramic,4,20.6,899.0,6.802394763324311
"ExclusiveLane 'Puppy Surprise' Ceramic Tea And Coffee Mugs (Set of 2, 200 ML, Microwave Safe, Hand-Embossed)",Coffee Mugs,Ceramic,2,20.6,649.0,6.476972362889683
"ExclusiveLane 'Puppy Surprise' Ceramic Tea And Coffee Mugs (200 ML, Microwave Safe, Hand-Embossed)",Coffee Mugs,Ceramic,1,20.6,399.0,5.991464547107982
'The Hut Jumbo Cuppas' Hand-Painted Ceramic Soup & Coffee Mug With Coaster And Spoon (300 ml),Coffee Mugs,Ceramic,1,20.6,640.0,6.46302945692067
"'Badamwari Bagheecha' Hand-Painted Ceramic Tea & Coffee Mugs (Set of 2, 240 ML, Microwave Safe)",Coffee Mugs,Ceramic,2,20.6,569.0,6.345636360828596
"'Badamwari Bagheecha' Hand-Painted Ceramic Tea & Coffee Mug (240 ML, Microwave Safe)",Coffee Mugs,Ceramic,1,20.6,339.0,5.8289456176102075
"ExclusiveLane 'Heart Pink' Ceramic Tea And Coffee Mugs (Set of 4, 250 ML, Microwave Safe, Hand-Embossed)",Coffee Mugs,Ceramic,4,20.6,999.0,6.907755278982137
"ExclusiveLane 'Heart Pink' Ceramic Tea And Coffee Mugs (Set of 2, 250 ML, Microwave Safe, Hand-Embossed)",Coffee Mugs,Ceramic,2,20.6,625.0,6.439350371100098
"ExclusiveLane 'Warli Village Tales' Ceramic Tea & Coffee Mugs (Set of 4, 300 ML, Microwave Safe, Handcrafted)",Coffee Mugs,Ceramic,4,20.6,849.0,6.745236349484363
"ExclusiveLane 'Warli Village Tales' Ceramic Tea & Coffee Mugs (Set of 6, 300 ML, Microwave Safe, Handcrafted)",Coffee Mugs,Ceramic,6,20.6,999.0,6.907755278982137
"'Rainbow' Handcrafted Ceramic Tea & Coffee Mugs (Set Of 6, 320 ML, Microwave Safe)",Coffee Mugs,Ceramic,6,20.6,1299.0,7.170119543449628
"ExclusiveLane 'Warli Village Tales' Ceramic Tea & Coffee Mugs (Set of 2, 300 ML, Microwave Safe, Handcrafted)",Coffee Mugs,Ceramic,2,20.6,549.0,6.309918278226516
"Whispers of Warli Handcrafted Printed Ceramic Tea Cups Coffee Mugs (Set Of 4, 300 ML Each)",Coffee Mugs,Ceramic,4,20.6,999.0,6.907755278982137
"'Whispers of Warli' Handcrafted Ceramic Tea & Coffee Mugs (Set of 2, 300 ML, Microwave Safe)",Coffee Mugs,Ceramic,2,20.6,599.0,6.396929655216146
"ExclusiveLane 'Minimalist' Ceramic Tea And Coffee Mugs (Set of 4,  340 ML, Microwave Safe, Hand-Embossed)",Coffee Mugs,Ceramic,4,20.6,949.0,6.856461984594587
"ExclusiveLane 'Minimalist' Ceramic Tea And Coffee Mugs (Set of 2, 340 ML, Microwave Safe, Hand-Embossed)",Coffee Mugs,Ceramic,2,20.6,649.0,6.476972362889683
"ExclusiveLane 'Spring Garden' Ceramic Tea & Coffee Mugs (Set Of 4, 330 ML, Microwave Safe, Handcrafted)",Coffee Mugs,Ceramic,4,20.6,1399.0,7.24422751560335
"ExclusiveLane 'Spring Garden' Ceramic Tea & Coffee Mugs (Set Of 2, 330 ML, Microwave Safe, Handcrafted)",Coffee Mugs,Ceramic,2,20.6,675.0,6.516193076042964
"ExclusiveLane 'Floral Bliss' Ceramic Tea And Coffee Mugs (Set of 4, 300 ML, Microwave Safe, Handcrafted)",Coffee Mugs,Ceramic,4,20.6,849.0,6.745236349484363
"ExclusiveLane 'Floral Bliss' Ceramic Tea And Coffee Mugs (Set of 2, 300 ML, Microwave Safe, Handcrafted)",Coffee Mugs,Ceramic,2,20.6,549.0,6.309918278226516
"ExclusiveLane 'Peek-A-Boo' Ceramic Tea And Coffee Mugs (200 ML, Microwave Safe, Hand-Embossed)",Coffee Mugs,Ceramic,1,20.6,399.0,5.991464547107982
"ExclusiveLane 'Peek-A-Boo' Ceramic Tea And Coffee Mugs (Set of 2, 200 ML, Microwave Safe, Hand-Embossed)",Coffee Mugs,Ceramic,2,20.6,649.0,6.476972362889683
"ExclusiveLane 'Furry Friend Suprise' Ceramic Tea And Coffee Mugs (Set of 2, 210 ML, Microwave Safe, Hand-Embossed)",Coffee Mugs,Ceramic,2,20.6,839.0,6.733401891837359
"ExclusiveLane 'Furry Friend Suprise' Ceramic Tea And Coffee Mugs (210 ML, Microwave Safe, Hand-Embossed)",Coffee Mugs,Ceramic,1,20.6,419.0,6.040254711277414
"'The Hut Jumbo Cuppas' Hand-Painted Mug In Ceramic (270 ML, Microwave Safe)",Coffee Mugs,Ceramic,1,20.6,319.0,5.768320995793772
"'Mint Chocolate' Hand Glazed Studio Pottery Tea & Coffee Mugs In Ceramic (Set of 2, 362 ML, Microwave Safe)",Coffee Mugs,Ceramic,2,20.6,569.0,6.345636360828596
"'Zen Garden' Hand Glazed Ceramic Tea & Coffee Mugs (Set of 2, 330 ml, Microwave Safe)",Coffee Mugs,Ceramic,2,20.6,699.0,6.551080335043404
"ExclusiveLane 'Christmas Charm' Ceramic Tea And Coffee Mugs (Set of 4, 330 ML, Microwave Safe, Hand-Embossed)",Coffee Mugs,Ceramic,4,20.6,999.0,6.907755278982137
"ExclusiveLane 'Christmas Charm' Ceramic Tea And Coffee Mugs (Set of 2, 330 ML, Microwave Safe, Hand-Embossed)",Coffee Mugs,Ceramic,2,20.6,625.0,6.439350371100098
"ExclusiveLane 'Warli Village Tales' Ceramic Tea & Coffee Mugs With Tray (Set of 2, 300 ML, Microwave Safe, Handcrafted)",Coffee Mugs,Ceramic,2,20.6,999.0,6.907755278982137
'The Hut Jumbo Cuppas' Hand-Painted Mugs In Ceramic (Set Of 2),Coffee Mugs,Ceramic,2,20.6,675.0,6.516193076042964
The Hut Jumbo Cuppas Hand-Painted Ceramic Coffee And Tea Mugs (Set Of 4),Coffee Mugs,Ceramic,4,20.6,999.0,6.907755278982137
"ExclusiveLane 'Green Flora' Ceramic Tea And Coffee Mugs (Set of 2, 290 ML, Microwave Safe, Hand-Embossed)",Coffee Mugs,Ceramic,2,20.6,649.0,6.476972362889683
"ExclusiveLane 'Green Flora' Ceramic Tea And Coffee Mugs (Set of 4, 290 ML, Microwave Safe, Hand-Embossed)",Coffee Mugs,Ceramic,4,20.6,949.0,6.856461984594587
"'Coral Reef' Glazed Studio Pottery Ceramic Tea & Coffee Mugs with Tray (Set of 2, 300 ml, Pink)",Coffee Mugs,Ceramic,2,20.6,999.0,6.907755278982137
"'Moroccan Turqouise' Hand Glazed & Embossed Coffee Mugs In Ceramic (Set Of 2, 300 ML, Microwave Safe)",Coffee Mugs,Ceramic,2,20.6,460.0,6.133398042996649
"Moroccan Turqouise Handcrafted Printed Ceramic Tea Cups Coffee Mugs (Set Of 4, 300 ML Each)",Coffee Mugs,Ceramic,4,20.6,1049.0,6.956545443151569
"'Caramel Blues' Hand Glazed Studio Pottery Tea & Coffee Mugs In Ceramic (Set of 2, 360 ML, Microwave Safe)",Coffee Mugs,Ceramic,2,20.6,569.0,6.345636360828596
"'Blues Of Sky' Studio Pottery Glazed Coffee Mug In Ceramic (320 ML, Microwave Safe)",Coffee Mugs,Ceramic,1,20.6,319.0,5.768320995793772
"ExclusiveLane 'Jungle Giant' Ceramic Tea And Coffee Mugs (420 ML, Microwave Safe, Hand-Emboosed)",Coffee Mugs,Ceramic,1,20.6,725.0,6.587550014824796
"ExclusiveLane 'Mermaid Ribbed' Ceramic Tea And Coffee Mugs (Set of 4, 250 ML, Microwave Safe, Hand-Embossed)",Coffee Mugs,Ceramic,4,20.6,999.0,6.907755278982137
"ExclusiveLane 'Aqua' Ceramic Tea And Coffee Mugs (Set of 2, 250 ML, Microwave Safe, Hand-Embossed)",Coffee Mugs,Ceramic,2,20.6,625.0,6.439350371100098
"ExclusiveLane 'Leaf Foliage' Ceramic Tea And Coffee Mugs (Set of 4, 280 ML, Microwave Safe, Hand-Painted)",Coffee Mugs,Ceramic,4,20.6,899.0,6.802394763324311
"ExclusiveLane 'Leaf Foliage' Ceramic Tea And Coffee Mugs (Set of 2, 280 ML, Microwave Safe, Hand-Painted)",Coffee Mugs,Ceramic,2,20.6,579.0,6.363028103540465
"ExclusiveLane 'Colourfull Hearts' Ceramic Tea And Coffee Mugs (Set of 2, 270 ML, Microwave Safe, Hand-Painted)",Coffee Mugs,Ceramic,2,20.6,525.0,6.26530121273771
"ExclusiveLane 'Rainbow Bright' Ceramic Tea And Coffee Mugs (Set of 4, 220 ML, Microwave Safe, Hand-Painted)",Coffee Mugs,Ceramic,4,20.6,875.0,6.775366090936392
"ExclusiveLane 'Rainbow Bright' Ceramic Tea And Coffee Mugs (Set of 2,  220 ML, Microwave Safe, Hand-Painted)",Coffee Mugs,Ceramic,2,20.6,525.0,6.26530121273771
"ExclusiveLane 'Heart Bump' Ceramic Tea And Coffee Mugs (Set of 2, 260 ML, Microwave Safe, Hand-Embossed)",Coffee Mugs,Ceramic,2,20.6,669.0,6.507277712385012
"ExclusiveLane 'Midnight Ribbed' Ceramic Tea And Coffee Mugs (Set of 4, 260 ML, Microwave Safe, Hand-Embossed)",Coffee Mugs,Ceramic,4,20.6,899.0,6.802394763324311
"ExclusiveLane 'Midnight Ribbed' Ceramic Tea And Coffee Mugs (Set of 2, 260 ML, Microwave Safe, Hand-Embossed)",Coffee Mugs,Ceramic,2,20.6,549.0,6.309918278226516
"'Zen Garden' Hand Glazed Ceramic Tea & Coffee Mug (330 ml, Microwave Safe)",Coffee Mugs,Ceramic,1,20.6,359.0,5.886104031450156
The Little Book of Indian Gamchas - Jaya Jaitly,Coffee Table Books,Other,1,20.6,1330.0,7.193685818395112
Handmade Ajrakh Large Travel Wallet & Notebook Diary Set - Indigo Florals & Squares (Set of 3),Combo Gift Sets,Other,3,20.6,1700.0,7.438971592395862
Handmade Ajrakh Large Travel Wallet & Notebook Diary Set - Indigo Legacy (Set of 2),Combo Gift Sets,Other,2,20.6,1700.0,7.438971592395862
Handmade Ajrakh Large Travel Wallet & Notebook Diary (Set of 2),Combo Gift Sets,Other,2,20.6,1750.0,7.467942332285852
Handmade Ajrakh Large Travel Wallet & Notebook Diary (Set of 2),Combo Gift Sets,Other,2,20.6,1750.0,7.467942332285852
Handmade Ajrakh Large Travel Wallet & Notebook Diary (Set of 2),Combo Gift Sets,Other,2,20.6,1750.0,7.467942332285852
Handmade Ajrakh Large Travel Wallet & Notebook Diary (Set of 2),Combo Gift Sets,Other,2,20.6,1750.0,7.467942332285852
Handmade Ajrakh Large Travel Wallet & Notebook Diary (Set of 2),Combo Gift Sets,Other,2,20.6,1750.0,7.467942332285852
"'Jungle Brew' Ceramic Tea Cups & Kettle Set (6 Tea Cups & 1 Kettle, Microwave Safe, Hand-Crafted)",Cup & Kettle,Ceramic,1,20.6,1499.0,7.313220387090301
"'Jungle Brew' Ceramic Tea Cups & Kettle Set (2 Tea Cups & 1 Kettle, Microwave Safe, Hand-Crafted)",Cup & Kettle,Ceramic,1,20.6,999.0,6.907755278982137
"'Ribbed Medley' Ceramic Tea Cups & Kettle Set (6 Tea Cups & 1 Kettle, Microwave Safe, Hand-Glazed)",Cup & Kettle,Ceramic,1,20.6,999.0,6.907755278982137
"'Mayur Mahal' Ceramic Tea Cups & Kettle Set (2 Tea Cups & 1 Kettle, Microwave Safe, Hand-Crafted)",Cup & Kettle,Ceramic,1,20.6,999.0,6.907755278982137
"'Elephant Motif' Handcrafted Ceramic Tea Cups & Kettle  Set (6 Cups, 1 Kettle)",Cup & Kettle,Ceramic,1,20.6,1599.0,7.3777589082278725
"'The Hut' Ceramic Tea Cups & Kettle Set (Set of 6 With Kettle, Hand-Painted, Microwave Safe)",Cup & Kettle,Ceramic,6,20.6,1699.0,7.438383530044307
"ExclusiveLane 'Warli Village Tales' Ceramic Tea Glasses & Kettle Set (6 Tea Glasses & 1 Kettle, Microwave Safe, Handcrafted)",Cup & Kettle,Ceramic,1,20.6,1699.0,7.438383530044307
"'Stackable Sage' Ceramic Tea Cups & Kettle Set (Set of 6 With Kettle, Hand-Glazed, Microwave Safe)",Cup & Kettle,Ceramic,6,20.6,1449.0,7.27931883541462
"ExclusiveLane'Warli Village Tales' Ceramic Tea Cups & Kettle Set (6 Tea Cups & 1 Kettle, Microwave Safe, Handcrafted)",Cup & Kettle,Ceramic,1,20.6,1699.0,7.438383530044307
"'Caribbean Green' Handcrafted Ceramic Tea Cups & Kettle  Set (2 Cups & 1 Kettle, Microwave Safe)",Cup & Kettle,Ceramic,1,20.6,1319.0,7.1853870155804165
"ExclusiveLane 'Pooky Bird' Ceramic Cup & Saucer For Coffee & Tea (250 ML, Microwave Safe, Hand-Painted)",Cup & Saucer,Ceramic,1,20.6,540.0,6.293419278846481
"ExclusiveLane 'Sunbeam Bloom' Ceramic Cups & Saucers For Coffee & Tea (Set of 2, Microwave Safe, Hand-Painted)",Cup & Saucer,Ceramic,2,20.6,799.0,6.684611727667927
"ExclusiveLane 'Sunbeam Bloom' Ceramic Cups & Saucers For Coffee & Tea (Set of 2, 310 ML, Microwave Safe, Hand-Painted)",Cup & Saucer,Ceramic,2,20.6,799.0,6.684611727667927
"ExclusiveLane 'Spring Bloosom' Ceramic Cup & Saucer For Coffee & Tea (310 ML, Microwave Safe, Hand-Painted)",Cup & Saucer,Ceramic,1,20.6,449.0,6.1092475827643655
"ExclusiveLane 'Pooky Bird' Ceramic Cups & Saucers For Coffee & Tea (Set of 2, 250 ML, Microwave Safe, Hand-Painted)",Cup & Saucer,Ceramic,2,20.6,899.0,6.802394763324311
"Ribbon Bow' Ceramic Coffee Cup with Saucer (Set of 2, Hand-Painted & Hand-Embossed, 335 ml Each)",Cup & Saucer,Ceramic,2,20.6,899.0,6.802394763324311
"Ghost Spark' Ceramic Coffee Cup with Saucer (Set of 2, Hand-Painted, 340 ml each)",Cup & Saucer,Ceramic,2,20.6,899.0,6.802394763324311
"Ribbon Bow' Ceramic Coffee Cup with Saucer (Hand-Painted & Hand-Embossed, 335 ml)",Cup & Saucer,Ceramic,1,20.6,549.0,6.309918278226516
"Ghost Spark' Ceramic Coffee Cup with Saucer (Hand-Painted, 340 ml)",Cup & Saucer,Ceramic,1,20.6,549.0,6.309918278226516
"ExclusiveLane 'Bloom Burst' Ceramic Cups & Saucers For Coffee & Tea (Set of 2, 300 ML, Microwave Safe, Hand-Painted)",Cup & Saucer,Ceramic,2,20.6,799.0,6.684611727667927
"ExclusiveLane 'Floral Bloom' Ceramic Cup & Saucer For Coffee & Tea (300 ML, Microwave Safe, Hand-Painted)",Cup & Saucer,Ceramic,1,20.6,480.0,6.175867270105761
"ExclusiveLane 'Floral Bloom' Ceramic Cup & Saucer For Coffee & Tea (310 ML, Microwave Safe, Hand-Painted)",Cup & Saucer,Ceramic,1,20.6,449.0,6.1092475827643655
"'Jade Forest' Hand Glazed Ceramic Tea Cups & Saucers (Set of 6, 120 ml, Microwave Safe)",Cup & Saucer,Ceramic,6,20.6,1399.0,7.24422751560335
"'South Indian' Tea & Coffee Pure Brass Dabara Cup Set (100% Pure Brass, Cup Capacity : 120 ml, Dabara Capacity : 170 ml, Hand-Etched)",Cup & Saucer,Brass,1,20.6,849.0,6.745236349484363
"ExclusiveLane 'Dewdrop' Ceramic Cup & Saucer For Coffee & Tea (300 ML, Microwave Safe, Hand-Painted)",Cup & Saucer,Ceramic,1,20.6,449.0,6.1092475827643655
"ExclusiveLane 'Sage Serenity' Porcelain Cappuccino Coffee Cup & Saucer (280 ML, Microwave Safe, Hand Glazed)",Cup & Saucer,Other,1,20.6,849.0,6.745236349484363
"'Bubbly Blooms' Ceramic Coffee & Tea Cup With Saucer Set (180 ml, Microwave Safe, Hand Glazed)",Cup & Saucer,Ceramic,1,20.6,579.0,6.363028103540465
"Artful Organizer' Decorative Showpiece Figurine (Resin, Hand-Crafted, 16 cm)",Curio,Other,1,16.0,799.0,6.684611727667927
"Reading Lady' Decorative Showpiece Figurine (Resin, Hand-Crafted, 10 cm)",Curio,Other,1,10.0,625.0,6.439350371100098
"Storybound Souls' Decorative Showpiece Figurines (Resin, Hand-Crafted, 14 cm)",Curio,Other,1,14.0,949.0,6.856461984594587
"Wise Monkeys' Decorative Showpiece Figurines (Resin, Hand-Crafted, 5 cm)",Curio,Other,1,5.0,749.0,6.620073206530356
"'Golden Curved Christmas Tree' Aluminium Decorative Showpiece Figurine (Hand-Etched, 17.5 Cms",Curio,Other,1,20.6,649.0,6.476972362889683
"'Christmas Cottage' Aluminium Decorative Showpiece Figurine (Hand-Etched, 18.6 Cm)",Curio,Other,1,18.6,849.0,6.745236349484363
"'Golden Reindeer' Aluminium Decorative Showpiece Figurine (Hand-Etched, 21.2 Cm)",Curio,Other,1,21.2,599.0,6.396929655216146
"'Silver Pine' Aluminium Decorative Showpiece Figurine (Hand-Etched, 22.8 Cm)",Curio,Other,1,22.8,749.0,6.620073206530356
"'Majestic Reindeer' Aluminium Decorative Showpiece Figurine (Hand-Etched, 6.5 Cm)",Curio,Other,1,6.5,549.0,6.309918278226516
"'Family Embrace' Resin Decorative Showpiece Figurine (Hand-Crafted, 22.8 Cm)",Curios,Other,1,22.8,1480.0,7.300472814267799
"Modern 'Yoga Lady' Modern Decorative Showpiece Statue (Resin, Handcrafted, 27.7 cm)",Curios,Other,1,27.7,1099.0,7.003065458786462
"'Italian Chit-Chatting Old Couple' Modern Decorative Showpiece Statue (Resin, Handcrafted, 17 cm)",Curios,Other,1,17.0,899.0,6.802394763324311
"'Rock Fellowship' Modern Decorative Showpiece Sculpture (Resin, Handcrafted, 16.8 cm)",Curios,Other,1,16.8,1399.0,7.24422751560335
'Seven Tuskers In Maroon' Hand Carved & Hand Painted Showpiece In Resin (Set of 7),Curios,Other,7,20.6,799.0,6.684611727667927
'Seven Tuskers In Brown' Hand Carved & Hand Painted Showpiece In Resin (Set of 7),Curios,Other,7,20.6,799.0,6.684611727667927
'The Talking Turtles' Hand Carved & Hand Painted Cotton Cloth Showpiece In Eucalyptus Wood (Set of 2),Curios,Cotton,2,20.6,899.0,6.802394763324311
'The Early Morning Owl Pair' Hand Carved & Hand Painted Showpiece In Eucalyptus Wood (Set of 2),Curios,Wood,2,20.6,949.0,6.856461984594587
"Meenakari 'Tiger & Cub' Decorative Showpiece Figurines (Set of 2, Metal, Hand-Painted, 19.8 & 14.7 cm)",Curios,Other,2,14.7,1019.0,6.927557906278317
"ExclusiveLane 'Garden Cat' Ceramic Decorative Showpiece Figurine (Hand-Painted, 21.2 Cm)",Curios,Ceramic,1,21.2,999.0,6.907755278982137
"'Shared Stories' Romantic Couple Resin Decorative Showpiece Figurine (Hand-Crafted, 15 Cm)",Curios,Other,1,15.0,999.0,6.907755278982137
"'Mother's Embrace' Resin Sculpture Showpiece (Hand-Crafted, 26.8 Cm)",Curios,Other,1,26.8,999.0,6.907755278982137
"ExclusiveLane 'Turtle Trail' Terracotta Decorative Showpiece Figurine (Set Of 2, Hand-Painted, 5.9 Cm)",Curios,Terracotta/Clay,2,5.9,999.0,6.907755278982137
"'Eternal Lovebirds' Resin Decorative Showpiece (Hand-Crafted, 20.1 Cm)",Curios,Other,1,20.1,999.0,6.907755278982137
"'Bhangra Bliss' Punjabi Folk Couple Resin Decorative Handicraft (Hand-Crafted, 16.5 Cm)",Curios,Other,1,16.5,999.0,6.907755278982137
"'Trishul With Damru' Decorative Showpiece Figurine For Car Dashboard (Resin, Hand-Crafted, 9.5 Cm )",Curios,Other,1,9.5,699.0,6.551080335043404
"'Folk Harmony' Punjabi Music Duo Resin Decorative Showpiece Figurine (Hand-Crafted, 15.3 Cm)",Curios,Other,1,15.3,999.0,6.907755278982137
'The Wise Owl' Hand Carved & Hand Painted Spectacle Holder Cum Showpiece In Eucalyptus Wood,Curios,Wood,1,20.6,749.0,6.620073206530356
"'Owls On a Tree Branch' Modern Decorative Showpiece Statue (Resin, Handcrafted, 25.4 cm)",Curios,Other,1,25.4,999.0,6.907755278982137
"'Yoga Love' Modern Decorative Showpiece Statue (Resin, Handcrafted)",Curios,Other,1,20.6,1849.0,7.52294091807237
"'Kamdhenu Cow with Calf' Vastu Decorative Showpiece Figurine (100% Pure Brass, Hand-Etched, 6.9 Cm)",Curios,Brass,1,6.9,1349.0,7.2078598714324755
"'Yoga Ladies' Modern Decorative Showpiece Statue (Resin, Handcrafted)",Curios,Other,1,20.6,1849.0,7.52294091807237
"'Eternal Bond' Couple Ring Resin Decorative Showpiece (Hand-Crafted, 8.9 Cm)",Curios,Other,1,8.9,649.0,6.476972362889683
"'Divine Ganpati' Resin Decorative Showpiece Murti with Mushak (Hand-Crafted, 13.7 Cm)",Curios,Other,1,13.7,899.0,6.802394763324311
"'The Joyful Buddha' Resin Decorative Showpiece Figurine (Hand-Crafted, 16 Cm)",Curios,Other,1,16.0,799.0,6.684611727667927
"'Folk Melodist' Punjabi Musician Resin Decorative Showpiece Figurine (Hand-Crafted, 15.3 Cm)",Curios,Other,1,15.3,999.0,6.907755278982137
"'Tender Embrace' Romantic Couple Resin Sculpture Showpiece (Hand-Crafted, 23.8 Cm)",Curios,Other,1,23.8,999.0,6.907755278982137
"'Dance of Love' Romantic Couple Resin Decorative Sculpture Showpiece (Hand-Crafted, 25.2 Cm)",Curios,Other,1,25.2,999.0,6.907755278982137
"'Moonlit Romance' Couple on Crescent Resin Decorative Showpiece Figurine (Hand-Crafted, 16.2 Cm)",Curios,Other,1,16.2,799.0,6.684611727667927
"Flying Eagle' Decorative Pure Brass Showpiece Figurine (12 cm, 457 grams, Handcarved)",Curios,Brass,1,12.0,1069.0,6.975413927455952
"'Contemporary Calm' Decorative Showpiece Figurine (Resin, Hand-Crafted, 21.6 Cm)",Curios,Other,1,21.6,999.0,6.907755278982137
"'White Tiger Statue With Cub' Decorative Showpiece Figurine (Resin, Hand-Crafted, 22.2 Cm)",Curios,Other,1,22.2,999.0,6.907755278982137
Trident Tackles' Hand-Etched Showpiece In Brass (343 grams),Curios,Brass,1,20.6,1449.0,7.27931883541462
"ExclusiveLane 'Bunny Army' Ceramic Decorative Showpiece Figurine (Set Of 4, Hand-Painted, 8.7 Cm)",Curios,Ceramic,4,8.7,999.0,6.907755278982137
'The Sunny Elephants' Hand Carved & Hand Painted Showpiece In Eucalyptus Wood (Set of 2),Curios,Wood,2,20.6,749.0,6.620073206530356
"'Festive Oxen' Handpainted Decorative Showpieces (Set of 2, Iron, 25.4 cm)",Curios,Iron,2,25.4,1689.0,7.432483807917119
The Headstrong Horse' Hand-Etched Showpiece In Brass (421 grams),Curios,Brass,1,20.6,1449.0,7.27931883541462
Twin Ganpatis' Handpainted Decorative Showpiece In Iron (34.3 cm),Curios,Iron,1,34.3,1279.0,7.154615356913663
'Rajasthani Kalbeliya Folk Dancing Girl' Handpainted Decorative Showpiece In Iron (36.3 cm),Curios,Iron,1,36.3,1039.0,6.946975992135418
'A New Life' Hand-Carved & Hand-Painted Wood Figurine Showpiece (Set of 2),Curios,Wood,2,20.6,1159.0,7.05617528410041
'Love Above All' Hand-Carved & Hand-Painted Wood Figurine Showpiece,Curios,Wood,1,20.6,769.0,6.646390514847729
'Pure Love' Hand-Carved & Hand-Painted Wood Figurine Showpiece,Curios,Wood,1,20.6,769.0,6.646390514847729
"ExclusiveLane 'Leafy Bunnies' Ceramic Decorative Showpiece Figurine (Set Of 2, Hand-Painted, 12.7 Cm)",Curios,Ceramic,2,12.7,829.0,6.721425700790643
"ExclusiveLane 'Christmas Pine' Ceramic Decorative Showpiece (Hand-Painted, 18.1 Cm)",Curios,Ceramic,1,18.1,899.0,6.802394763324311
"ExclusiveLane 'Kalpavriksha' Brass Decorative Showpiece (Hand-Etched, 19.2 Cm)",Curios,Brass,1,19.2,1575.0,7.362645270417825
"Geometric 'Elephant' Decorative Showpiece Statue (Set of 3, Resin, Handcrafted)",Curios,Other,3,20.6,1299.0,7.170119543449628
"'Human Wisdom Face' Modern Decorative Showpiece Sculpture (Set of 3, Resin, Handcrafted)",Curios,Other,3,20.6,1699.0,7.438383530044307
"ExclusiveLane 'Tree Cone' Ceramic Decorative Showpiece Figurine (Hand-Painted, 22.1 Cm)",Curios,Ceramic,1,22.1,999.0,6.907755278982137
"ExclusiveLane 'Floral Snail' Ceramic Decorative Showpiece Figurine (Hand-Painted, 12.5 Cm)",Curios,Ceramic,1,12.5,769.0,6.646390514847729
"'Cowboy With Horse Rider' Modern Decorative Showpiece Statue (Resin, Handcrafted, 30 cm)",Curios,Other,1,30.0,1399.0,7.24422751560335
"'Kissing Faces' Modern Decorative Showpiece Statue (Resin, Handcrafted, 26.9 cm)",Curios,Other,1,26.9,1099.0,7.003065458786462
"ExclusiveLane 'Boat Couple' Resin Decorative Showpiece Figurine (Hand-Painted, 11.8 Cm)",Curios,Other,1,11.8,999.0,6.907755278982137
"ExclusiveLane 'The White Praying Lady' Resin Decorative Showpiece Figurine (Handcrafted, 35.9 Cm)",Curios,Other,1,35.9,1899.0,7.549609165154532
"'Sleeping Angel' Modern Decorative Showpiece Statue (Resin, Handcrafted, 10.5 cm)",Curios,Other,1,10.5,699.0,6.551080335043404
"ExclusiveLane 'Elephant Trio' Ceramic Decorative Showpiece Figurine (Set Of 3, Handcrafted, 24.3 Cm)",Curios,Ceramic,3,24.3,899.0,6.802394763324311
"ExclusiveLane 'Timeless Togetherness' Ceramic Decorative Showpiece Figurine (Hand-Glazed, 19.2 Cm)",Curios,Ceramic,1,19.2,699.0,6.551080335043404
"ExclusiveLane 'Timeless Togetherness' Ceramic Decorative Showpiece Figurine (Set Of 2, Hand-Glazed, 19.2 Cm)",Curios,Ceramic,2,19.2,999.0,6.907755278982137
"'Chatting Birds' Modern Decorative Showpiece Statue (Resin, Handcrafted, 20.6 cm)",Curios,Other,1,20.6,1049.0,6.956545443151569
'Heartbeats' Hand-Carved & Hand-Painted Wood Figurine Showpiece,Curios,Wood,1,20.6,699.0,6.551080335043404
Channapatna Wooden Nesting Dolls - Doda Ajji,Curios & Artifacts,Wood,1,20.6,1210.0,7.099201743553092
Channapatna Wooden Doll Set - Dampatigalu (Set of 2),Curios & Artifacts,Wood,2,20.6,1380.0,7.2305631534092925
Exclusive Karnataka Wood Carving Curio - Mayur Vana (Set of 2),Curios & Artifacts,Wood,2,20.6,8700.0,9.071193240566025
Exclusive Karnataka Wood Carving Curio - Mayura Vilasa,Curios & Artifacts,Wood,1,20.6,4470.0,8.405367376233981
Exclusive Karnataka Wood Carving Curio - Gaja Vilasa,Curios & Artifacts,Wood,1,20.6,4470.0,8.405367376233981
Exclusive Karnataka Wood Carving Curio - Gaja Vana (Set of 2),Curios & Artifacts,Wood,2,20.6,8700.0,9.071193240566025
Wooden Inlay Craft Curio - Elephant pair (Set of 2),Curios & Artifacts,Wood,2,20.6,6500.0,8.77971129020447
Fine Crystal Glass Musical Instrument - Swarika Duo (Set of 2),Curios & Artifacts,Glass,2,20.6,3280.0,8.0959035329611
Fine Crystal Glass Musical Instruments - Swar Set (Set of 2),Curios & Artifacts,Glass,2,20.6,3700.0,8.216358332386156
Fine Crystal Glass Musical Instrument - Swarini Tanpura,Curios & Artifacts,Glass,1,20.6,2640.0,7.878912912297133
Fine Crystal Glass Musical Instrument - Tanpura Classic,Curios & Artifacts,Glass,1,20.6,2640.0,7.878912912297133
Fine Crystal Glass Musical Instrument - Swarangi Tanpura,Curios & Artifacts,Glass,1,20.6,2640.0,7.878912912297133
Fine Crystal Glass Curio - Mayura Pair (Set of 2),Curios & Artifacts,Glass,2,20.6,3940.0,8.279189777195004
Fine Crystal Glass Musical Instruments - Swarika Tanpura,Curios & Artifacts,Glass,1,20.6,2640.0,7.878912912297133
Fine Crystal Glass Curio - Ashva Pair (Set of 2),Curios & Artifacts,Glass,2,20.6,3620.0,8.19450550976564
Brass Engraved Curios - The Twin Stags (Set of 2),Curios & Artifacts,Brass,2,20.6,7450.0,8.916103530553727
Brass Engraved Curios - The Copper - Leaf Stag,Curios & Artifacts,Brass,1,20.6,3500.0,8.160803920954665
Brass Engraved Curios - The Galloping Herd (Set of 2),Curios & Artifacts,Brass,2,20.6,7450.0,8.916103530553727
Dhokra Craft Curio - The Regal Stag Pair (Set of 2),Curios & Artifacts,Other,2,20.6,4960.0,8.509362612301048
Dhokra Craft Curio (Large) - Horse,Curios & Artifacts,Other,1,20.6,2910.0,7.976251943745623
"Dhokra Craft Curio - The Rural Couple, (Set of 2) Tall",Curios & Artifacts,Other,2,20.6,3990.0,8.291797105048733
"Hand Crafted Ornate Dhokra Craft Door Handles - Fish, (Set of 2)",Curios & Artifacts,Other,2,20.6,2860.0,7.95892649305011
Rajasthani Wood Engraved Elephant Curios (Set of 3),Curios & Artifacts,Wood,3,20.6,2420.0,7.791935956938058
Exclusive Bastar & Dhokra Art Curio - Royal Bastar Statement Piece,Curios & Artifacts,Other,1,20.6,7990.0,8.986071187374463
Exclusive Bastar & Dhokra Art Curio - Golden Antler Pair (Set of 2),Curios & Artifacts,Other,2,20.6,5800.0,8.665785595466064
Exclusive Bastar & Dhokra Art Curio - Wild Echo Curio,Curios & Artifacts,Other,1,20.6,1670.0,7.421177528595393
Exclusive Bastar & Dhokra Art Curio - Heritage Guardian Pair (Set of 2),Curios & Artifacts,Other,2,20.6,3390.0,8.128880142125638
Exclusive Bastar & Dhokra Art Curio - Tribal Grace Duo (Set of 2),Curios & Artifacts,Other,2,20.6,3390.0,8.128880142125638
"Large Dhokra Craft Curio - Nritya, The Musician",Curios & Artifacts,Other,1,20.6,1320.0,7.186144304522325
"Large Dhokra Craft Curio - Ashva, The Regal Form.",Curios & Artifacts,Other,1,20.6,2490.0,7.820439515262181
Large Dhokra Craft Curio - Sacred Sentinel,Curios & Artifacts,Other,1,20.6,11140.0,9.318387276059317
Majestic Hand Engraved Metal Rajasthani Scroll Holder & Stand,Curios & Artifacts,Other,1,20.6,3540.0,8.172164452111904
Bidri Craft Curio - The Peacock,Curios & Artifacts,Other,1,20.6,3670.0,8.208219383496834
Brass Reindeer Curio,Curios & Artifacts,Brass,1,20.6,5200.0,8.556606193773073
Handcrafted Meenakari Curio - Blue Horse,Curios & Artifacts,Other,1,20.6,1250.0,7.1316985104669115
Handcrafted Meenakari Curio - White Elephant,Curios & Artifacts,Other,1,20.6,1700.0,7.438971592395862
Handcrafted Meenakari Curio - Blue Elephant,Curios & Artifacts,Other,1,20.6,930.0,6.836259277277067
Dhokra Craft Curio - Pallanquin,Curios & Artifacts,Other,1,20.6,4960.0,8.509362612301048
Dhokra Craft Curio - Jinrikisha,Curios & Artifacts,Other,1,20.6,3820.0,8.2482674474469
Exclusive Karnataka Wood Carving Curio - Peacock,Curios & Artifacts,Wood,1,20.6,4300.0,8.366602832783736
Exquisite Handcrafted Wooden Bull with Glossy Finish,Curios & Artifacts,Wood,1,20.6,1230.0,7.115582126184454
Dhokra Craft Curio - Nandi Checkered,Curios & Artifacts,Other,1,20.6,10330.0,9.242904362849446
Bastar Tribal Art Curio - Rowing the Boat (Large),Curios & Artifacts,Other,1,20.6,2650.0,7.8826922062890254
Exclusive Karnataka Wood Carving Curio - Elephant,Curios & Artifacts,Wood,1,20.6,3850.0,8.25608813381491
Dhokra Craft Curio - Ganesha Snake,Curios & Artifacts,Other,1,20.6,4340.0,8.375860015299594
Soapstone Filigree Curios - The Lions (Set of Two),Curios & Artifacts,Stone/Marble,1,20.6,4220.0,8.347827345782498
Soapstone Filigree Curios - The Lion Duo (Set of Two),Curios & Artifacts,Stone/Marble,1,20.6,7270.0,8.891649112650057
"Tambat Handbeaten Copper Gangals (Set of 4) - Small, Dia - 5.5""",Curios & Artifacts,Other,4,20.6,4730.0,8.461891875631148
"Tambat Handbeaten Copper Gangals (Set of 3) - Small, Dia - 5.5""",Curios & Artifacts,Other,3,20.6,3660.0,8.205491613120236
"Tambat Handbeaten Copper Gangals (Set of 2) - Small, Dia - 5.5""",Curios & Artifacts,Other,2,20.6,2590.0,7.85979918056211
Exclusive Karnataka Wood Carving Curios - Hansa (2 Pc Set),Curios & Artifacts,Wood,1,20.6,7220.0,8.884748726451182
Wooden Inlay Craft Elephant Curio,Curios & Artifacts,Wood,1,20.6,2050.0,7.62608275807238
Wooden Inlay Craft Curio - The Elephant,Curios & Artifacts,Wood,1,20.6,3350.0,8.11701408773731
Wooden Miniature Musical Instrument Curio - Tabla,Curios & Artifacts,Wood,1,20.6,1080.0,6.985641817639208
Handcrafted Wooden Miniature Musical Instrument - Harmonium,Curios & Artifacts,Wood,1,20.6,1080.0,6.985641817639208
Miniature Wooden Musical Instrument - The Sarod,Curios & Artifacts,Wood,1,20.6,1770.0,7.479299637782834
Wooden Miniature Musical Instrument Curio - Sitar,Curios & Artifacts,Wood,1,20.6,2050.0,7.62608275807238
Dhokra Metal  Craft Curio - Tortoise,Curios & Artifacts,Other,1,20.6,1650.0,7.409136443920128
Exclusive Karnataka Wood Carving Curio - Hansa,Curios & Artifacts,Wood,1,20.6,4350.0,8.37816098272068
Exclusive Brass Tealight & Incense Holder - Waterlily,Curios & Artifacts,Brass,1,20.6,9480.0,9.15704507491796
Exclusive Brass Curio / Incense Holder - Waterlily,Curios & Artifacts,Brass,1,20.6,2410.0,7.787796878181171
"Exclusive Brass Curio/ Bowl - Roots (Large), Dia - 9.5""",Curios & Artifacts,Brass,1,20.6,12470.0,9.431161227920747
Exclusive Brass Curios / Plates - Waterlily (Set of 2),Curios & Artifacts,Brass,2,20.6,4030.0,8.301769763117166
Exclusive Brass Bowl Curios / Paper Weights - Slim Conch Shells (Set of 2),Curios & Artifacts,Brass,2,20.6,2900.0,7.972810784121404
Exclusive Brass Bowl Curios / Paper Weights - Conch Shells (Set of 2),Curios & Artifacts,Brass,2,20.6,4400.0,8.38958706681109
Exclusive Brass Bowl Curios / Paper Weights - Ivy Branch (Set of 2),Curios & Artifacts,Brass,2,20.6,3250.0,8.086717920303906
Exclusive Brass Bowl Curios / Paper Weights - Teak & Kadamb Leaves (Set of 2),Curios & Artifacts,Brass,2,20.6,3280.0,8.0959035329611
Exclusive Brass Box Curios / Paper Weights - Kanakchampa (Set of 3),Curios & Artifacts,Brass,3,20.6,9700.0,9.179984251961283
Exclusive Brass Curio / Trivet - Champa Flowers,Curios & Artifacts,Brass,1,20.6,7640.0,8.941283763647567
Exclusive Brass Curio / Plate - Flora,Curios & Artifacts,Brass,1,20.6,4200.0,8.343077871169383
Exclusive Brass Curio / Plate - Mango Leaf,Curios & Artifacts,Brass,1,20.6,5900.0,8.682877107057168
Exclusive Brass Curio / Plate - Banana Leaf (Small),Curios & Artifacts,Brass,1,20.6,9450.0,9.153875834995056
Exclusive Brass Curio - Chrysanthemum,Curios & Artifacts,Brass,1,20.6,7630.0,8.939974177289633
Exclusive Brass Curio - Mahabodhi (Small),Curios & Artifacts,Brass,1,20.6,6620.0,8.798001694924846
Exclusive Brass Curio - Flowers & Leaves,Curios & Artifacts,Brass,1,20.6,2770.0,7.9269635448629785
Exclusive Brass Curio -  Mahabodhi Tree (Small),Curios & Artifacts,Brass,1,20.6,6620.0,8.798001694924846
Exclusive Brass Curio - Tree Of Life (Small),Curios & Artifacts,Brass,1,20.6,11060.0,9.311180686902254
Floral Tapestry Marble Inlay Elephant Curio,Curios & Artifacts,Stone/Marble,1,20.6,4250.0,8.35490952835879
Soapstone Filigree Elephant Duo Curio,Curios & Artifacts,Stone/Marble,1,20.6,3050.0,8.02322468471667
Soapstone Filigree Lion Duo Curio,Curios & Artifacts,Stone/Marble,1,20.6,4460.0,8.403128235128264
Soapstone Filigree Turtle Duo Curio,Curios & Artifacts,Stone/Marble,1,20.6,2460.0,7.8083230503910555
Soapstone Filigree Lion Curio,Curios & Artifacts,Stone/Marble,1,20.6,3450.0,8.146419323098003
Soapstone Filigree Elephant Curio,Curios & Artifacts,Stone/Marble,1,20.6,3160.0,8.058643712215618
Soapstone Filigree Elephant Duo Curio,Curios & Artifacts,Stone/Marble,1,20.6,8660.0,9.066585468331045
Soapstone Filigree Lion Duo Curio,Curios & Artifacts,Stone/Marble,1,20.6,2060.0,7.630946580890459
Soapstone Filigree Owl Curio,Curios & Artifacts,Stone/Marble,1,20.6,1970.0,7.58629630715272
Soapstone Filigree Elephant Curio,Curios & Artifacts,Stone/Marble,1,20.6,4850.0,8.486940148245216
Soapstone Filigree Elephant Curio,Curios & Artifacts,Stone/Marble,1,20.6,10070.0,9.217415285648144
"Nazakat. Exclusive, Fine Hand Engraved Wood Block Curio - Dragon Fly",Curios & Artifacts,Wood,1,20.6,2430.0,7.796057974316123
"Nazakat. Exclusive, Fine Hand Engraved Wood Block Curio - The Triangle",Curios & Artifacts,Wood,1,20.6,2680.0,7.893945138235959
"Nazakat. Exclusive, Fine Hand Engraved Wood Block Curios (Set of 2) - Cows",Curios & Artifacts,Wood,2,20.6,1520.0,7.327123292259293
"Nazakat. Exclusive, Fine Hand Engraved Wood Block Curio - The Rickshaw",Curios & Artifacts,Wood,1,20.6,1520.0,7.327123292259293
"Nazakat. Exclusive, Fine Hand Engraved Wood Block Curio - Paisley",Curios & Artifacts,Wood,1,20.6,1930.0,7.565793282428515
"Nazakat. Exclusive, Fine Hand Engraved Wood Block Curio - The Scooter",Curios & Artifacts,Wood,1,20.6,1600.0,7.3783837129967145
"Nazakat. Exclusive, Fine Hand Engraved Wood Block Curio - Kingfisher",Curios & Artifacts,Wood,1,20.6,1600.0,7.3783837129967145
"Nazakat. Exclusive, Fine Hand Engraved Wood Block Curio - Guldasta",Curios & Artifacts,Wood,1,20.6,4940.0,8.50532301884575
"Nazakat. Exclusive, Fine Hand Engraved Wood Block Curio - The Eagle",Curios & Artifacts,Wood,1,20.6,3500.0,8.160803920954665
"Nazakat. Exclusive, Fine Hand Engraved Wood Block Curio - Floral Ornate",Curios & Artifacts,Wood,1,20.6,3500.0,8.160803920954665
"Nazakat. Exclusive, Fine Hand Engraved Wood Block Curio - Woodpecker",Curios & Artifacts,Wood,1,20.6,2510.0,7.828436359157585
"Nazakat. Exclusive, Fine Hand Engraved Wood Block Curio - Dragonfly",Curios & Artifacts,Wood,1,20.6,2510.0,7.828436359157585
"Nazakat. Exclusive, Fine Hand Engraved Wood Block Curio - Charkha",Curios & Artifacts,Wood,1,20.6,2350.0,7.762596048540069
"Nazakat. Exclusive, Fine Hand Engraved Wood Block Curio - Parrot & Branch",Curios & Artifacts,Wood,1,20.6,2680.0,7.893945138235959
"Nazakat. Exclusive, Fine Hand Engraved Wood Block Curio - Gulshan",Curios & Artifacts,Wood,1,20.6,3450.0,8.146419323098003
"Nazakat. Exclusive, Fine Hand Engraved Wood Block Curio - Galloping Horse",Curios & Artifacts,Wood,1,20.6,2790.0,7.934155233536322
"Nazakat. Exclusive, Fine Hand Engraved Wood Block Curio - Tiger",Curios & Artifacts,Wood,1,20.6,3450.0,8.146419323098003
"Nazakat. Exclusive, Fine Hand Engraved Wood Block Curio - Mandala",Curios & Artifacts,Wood,1,20.6,5100.0,8.537191877922927
"Nazakat. Exclusive, Fine Hand Engraved Wood Block Book Ends (Set of 2) - Gulshan",Curios & Artifacts,Wood,2,20.6,4180.0,8.338305731356565
"Nazakat. Exclusive, Fine Hand Engraved Wood Block Book Ends (Set of 2) - Cows",Curios & Artifacts,Wood,2,20.6,4180.0,8.338305731356565
"Nazakat. Exclusive, Fine Hand Engraved Wood Block Book Ends (Set of 2) - The Leaf",Curios & Artifacts,Wood,2,20.6,4180.0,8.338305731356565
"Nazakat. Exclusive, Fine Hand Engraved Wood Block Book Ends (Set of 2) - Tree of Life",Curios & Artifacts,Wood,2,20.6,4420.0,8.394121193826242
"Nazakat. Exclusive, Fine Hand Engraved Wood Block Curio / Wall Piece - Paan",Curios & Artifacts,Wood,1,20.6,10000.0,9.210440366976517
"Nazakat. Exclusive, Fine Hand Engraved Wood Block Curio / Wall Piece - Paisley",Curios & Artifacts,Wood,1,20.6,7910.0,8.976009475021396
"Nazakat. Exclusive, Fine Hand Engraved Wood Block Curio / Wall Piece - Tree of Life",Curios & Artifacts,Wood,1,20.6,10170.0,9.227295812625597
"Nazakat. Exclusive, Fine Hand Engraved Wood Block Curio / Wall Piece - Tree in Autumn",Curios & Artifacts,Wood,1,20.6,10170.0,9.227295812625597
"Nazakat. Exclusive, Fine Hand Engraved Wood Block Curio / Wall Piece - The Tree of Life",Curios & Artifacts,Wood,1,20.6,7250.0,8.888894669371593
"Nazakat. Exclusive, Fine Hand Engraved Wood Block Curio / Wall Piece - The Tiger",Curios & Artifacts,Wood,1,20.6,3810.0,8.24564690087386
"Nazakat. Exclusive, Fine Hand Engraved Wood Block Curio / Wall Piece - Gulshan",Curios & Artifacts,Wood,1,20.6,3530.0,8.169336395928386
"Nazakat. Exclusive, Fine Hand Engraved Wood Block Curio / Wall Piece - Tree, Round",Curios & Artifacts,Wood,1,20.6,3530.0,8.169336395928386
"Nazakat. Exclusive, Fine Hand Engraved Wood Block Curio / Wall Piece - Tiger",Curios & Artifacts,Wood,1,20.6,3530.0,8.169336395928386
"Nazakat. Exclusive, Fine Hand Engraved Wood Block Curio / Wall Piece - The Tree",Curios & Artifacts,Wood,1,20.6,2870.0,7.962415680121064
"Nazakat. Exclusive, Fine Hand Engraved Wood Block Curio / Wall Piece - Arasti",Curios & Artifacts,Wood,1,20.6,3530.0,8.169336395928386
"Nazakat. Exclusive, Fine Hand Engraved Wood Block Curio / Wall Piece - Autumn Tree",Curios & Artifacts,Wood,1,20.6,2890.0,7.969357742016346
"Nazakat. Exclusive, Fine Hand Engraved Wood Block Curio / Wall Piece - Darakht",Curios & Artifacts,Wood,1,20.6,2540.0,7.840312983320164
"Nazakat. Exclusive, Fine Hand Engraved Wood Block Curio / Wall Piece - Shajar",Curios & Artifacts,Wood,1,20.6,2870.0,7.962415680121064
"Nazakat. Exclusive, Fine Hand Engraved Wood Block Curio / Wall Piece - The Banyan",Curios & Artifacts,Wood,1,20.6,7200.0,8.881975184248867
"Nazakat. Exclusive, Fine Hand Engraved Wood Block Curio / Wall Piece - Banyan Tree",Curios & Artifacts,Wood,1,20.6,5790.0,8.66406026722579
"Nazakat. Exclusive, Fine Hand Engraved Wood Block Curio / Wall Piece - Ambi",Curios & Artifacts,Wood,1,20.6,8590.0,9.058470422638056
"Nazakat. Exclusive, Fine Hand Engraved Wood Block Curio / Wall Piece - Guldasta",Curios & Artifacts,Wood,1,20.6,12510.0,9.4343635363174
Large Dhokra Craft Curio - Mahishasur Mardini Durga,Curios & Artifacts,Other,1,20.6,11860.0,9.381010986029276
Wooden Miniature Musical Instrument Curio - Guitar,Curios & Artifacts,Wood,1,20.6,1850.0,7.523481312573497
Delhi Blue Art Pottery Curio / Round Plant Holder,Curios & Artifacts,Ceramic,1,20.6,1870.0,7.534228326274089
"Delhi Blue Art Pottery Curio / Utility Bowl, Plant Holder",Curios & Artifacts,Ceramic,1,20.6,2460.0,7.8083230503910555
Delhi Blue Art Pottery Curio / Stationery Holder,Curios & Artifacts,Ceramic,1,20.6,3060.0,8.026496938945412
Delhi Blue Art Pottery Curio / Round Flat Bowl,Curios & Artifacts,Ceramic,1,20.6,3650.0,8.202756381655638
"Delhi Blue Art Pottery Curios, Teacups (Set of 2)",Curios & Artifacts,Ceramic,2,20.6,2460.0,7.8083230503910555
"Delhi Blue Art Pottery Curio / Utility Bowl, Planter",Curios & Artifacts,Ceramic,1,20.6,2860.0,7.95892649305011
Delhi Blue Art Pottery Curio / Flat Round Utility Bowl,Curios & Artifacts,Ceramic,1,20.6,3060.0,8.026496938945412
Delhi Blue Art Pottery Curio / Flower Shaped Utility Bowl,Curios & Artifacts,Ceramic,1,20.6,2660.0,7.886457270977689
Delhi Blue Art Pottery Curio / Flower Shaped Utility Bowl,Curios & Artifacts,Ceramic,1,20.6,2860.0,7.95892649305011
Delhi Blue Art Pottery Curio / Oval Utility Bowl,Curios & Artifacts,Ceramic,1,20.6,3050.0,8.02322468471667
Delhi Blue Art Pottery Curio / Flower Shaped Utility Bowl,Curios & Artifacts,Ceramic,1,20.6,3060.0,8.026496938945412
Delhi Blue Art Pottery Horse Curio,Curios & Artifacts,Ceramic,1,20.6,6830.0,8.82922635473185
Delhi Blue Art Pottery Curio / Round Kettle With Lid,Curios & Artifacts,Ceramic,1,20.6,4040.0,8.304247465078474
Delhi Blue Art Pottery Curio / Round Utility Bowl,Curios & Artifacts,Ceramic,1,20.6,3060.0,8.026496938945412
Delhi Blue Art Pottery Curio / Oval Utility Bowl,Curios & Artifacts,Ceramic,1,20.6,3450.0,8.146419323098003
Delhi Blue Art Pottery Curio / Oval Utility Bowl,Curios & Artifacts,Ceramic,1,20.6,4830.0,8.482808764554406
Delhi Blue Art Pottery Curio / Round Kettle,Curios & Artifacts,Ceramic,1,20.6,5430.0,8.599878558034845
Delhi Blue Art Pottery Curio / Long Utility Bowl,Curios & Artifacts,Ceramic,1,20.6,4240.0,8.352554369474591
Delhi Blue Art Pottery Curio / Utility Bowl,Curios & Artifacts,Ceramic,1,20.6,3660.0,8.205491613120236
Delhi Blue Art Pottery Curio / Utility Bowl,Curios & Artifacts,Ceramic,1,20.6,2470.0,7.81237820598861
Delhi Blue Art Pottery Curio / Vase,Curios & Artifacts,Ceramic,1,20.6,2860.0,7.95892649305011
Delhi Blue Art Pottery Curio / Jug,Curios & Artifacts,Ceramic,1,20.6,2470.0,7.81237820598861
Delhi Blue Art Pottery Curio / Round Vase,Curios & Artifacts,Ceramic,1,20.6,2470.0,7.81237820598861
Delhi Blue Art Pottery Curio - Buddha Head,Curios & Artifacts,Ceramic,1,20.6,2470.0,7.81237820598861
Delhi Blue Art Pottery Curio / Round Vase,Curios & Artifacts,Ceramic,1,20.6,3260.0,8.089789175789319
Delhi Blue Art Pottery Curio - Buddha,Curios & Artifacts,Ceramic,1,20.6,4050.0,8.30671904320269
Delhi Blue Art Pottery Curio / Cylindrical Vase,Curios & Artifacts,Ceramic,1,20.6,4450.0,8.400884069015854
Delhi Blue Art Pottery Curio / Flat Kettle,Curios & Artifacts,Ceramic,1,20.6,7050.0,8.860924729719041
Delhi Blue Art Pottery Curio / Vase With Handle,Curios & Artifacts,Ceramic,1,20.6,3850.0,8.25608813381491
Delhi Blue Art Pottery Curio / Rectangular Vase,Curios & Artifacts,Ceramic,1,20.6,6030.0,8.704668113450987
Delhi Blue Art Pottery Curio /Pitcher Vase,Curios & Artifacts,Ceramic,1,20.6,4640.0,8.442685139241176
Delhi Blue Art Pottery Curio / Cylindrical Vase,Curios & Artifacts,Ceramic,1,20.6,5630.0,8.636042325254618
Delhi Blue Art Pottery Curio / Pitcher Vase,Curios & Artifacts,Ceramic,1,20.6,5240.0,8.564267598802166
Delhi Blue Art Pottery Curio / Jug Vase,Curios & Artifacts,Ceramic,1,20.6,4640.0,8.442685139241176
Delhi Blue Art Pottery Curio / Slim Hexagonal Vase,Curios & Artifacts,Ceramic,1,20.6,4640.0,8.442685139241176
Delhi Blue Art Pottery Curio / Vase,Curios & Artifacts,Ceramic,1,20.6,4640.0,8.442685139241176
Exclusive Bastar & Dhokra Art Curio - Drummer,Curios & Artifacts,Other,1,20.6,2530.0,7.836369760545124
Exclusive Bastar & Dhokra Art Curio - Musician,Curios & Artifacts,Other,1,20.6,2530.0,7.836369760545124
Exclusive Gond Art Tiger Curios - Forest Wanderer (Set of 2),Curios & Artifacts,Other,2,20.6,3280.0,8.0959035329611
Dhokra Craft Curio - The Bullock Cart,Curios & Artifacts,Other,1,20.6,3730.0,8.224431573221159
Dhokra Craft Curio - Bullock Cart,Curios & Artifacts,Other,1,20.6,3730.0,8.224431573221159
Fine Glass Curio - Elephant,Curios & Artifacts,Glass,1,20.6,1900.0,7.550135342488429
Fine Glass Curio - The Deer,Curios & Artifacts,Glass,1,20.6,3250.0,8.086717920303906
Exclusive Gond Art Tiger Curio- The Jungle,Curios & Artifacts,Other,1,20.6,1940.0,7.57095858316901
Dhokra Craft Curio - Lakshmi-Ganesh,Curios & Artifacts,Other,1,20.6,2110.0,7.65491704784832
Dhokra Craft Curio - The Ferry,Curios & Artifacts,Other,1,20.6,3610.0,8.191740021277457
Brass Wrinkled Leaf Bowl Curio,Curios & Artifacts,Brass,1,20.6,6490.0,8.778171881033469
Brass Twin Bowl Curio - Temple Flower Leaves,Curios & Artifacts,Brass,1,20.6,4180.0,8.338305731356565
Brass Tealight Holder - Leaves,Curios & Artifacts,Brass,1,20.6,10710.0,9.27902652976463
Brass Tealight Holder - The Tree,Curios & Artifacts,Brass,1,20.6,8340.0,9.028938392241612
Brass Sculpture - Swirling Lady,Curios & Artifacts,Brass,1,20.6,11760.0,9.372544251851037
Brass Sculpture - Swirling Lady,Curios & Artifacts,Brass,1,20.6,11760.0,9.372544251851037
Brass Sculpture - Tree of Life,Curios & Artifacts,Brass,1,20.6,12140.0,9.404343433543975
Brass Table Curio / Incense Holders (Set of 4) - Paan Leaves,Curios & Artifacts,Brass,4,20.6,7170.0,8.877800393882575
Brass Mango Leaf Curio,Curios & Artifacts,Brass,1,20.6,7850.0,8.968396191198256
Brass Sculpture - Lady Holding Seashell,Curios & Artifacts,Brass,1,20.6,7390.0,8.908018322784887
Brass Incense Holder / Curio - The Paan Leaf,Curios & Artifacts,Brass,1,20.6,3000.0,8.006700845440367
Brass Leaf with Bird  Tray / Curio (Medium),Curios & Artifacts,Brass,1,20.6,10540.0,9.26302769425519
Brass Flowers Curio (Set of 4),Curios & Artifacts,Brass,4,20.6,6200.0,8.732465848349879
Brass Incense Holder / Curio - Maple Leaf,Curios & Artifacts,Brass,1,20.6,3290.0,8.098946748943339
Brass Incense Holder / Curio - Temple Flower Leaves,Curios & Artifacts,Brass,1,20.6,2530.0,7.836369760545124
Brass Curio - Temple Flowers & Leaves,Curios & Artifacts,Brass,1,20.6,8630.0,9.063115652219658
Brass Curio / Paper Weight - Woodrose (Small) Set of 2,Curios & Artifacts,Brass,2,20.6,3040.0,8.019941687677365
Brass Curio - Ganesha,Curios & Artifacts,Brass,1,20.6,8670.0,9.06773940337716
Brass Curio - Mahabodhi Tree,Curios & Artifacts,Brass,1,20.6,11810.0,9.376786579611847
Brass Curio - Flowers (Set of 2 Stems),Curios & Artifacts,Brass,2,20.6,7000.0,8.853808274977197
Brass Curio - Hyacinth Flower Stem,Curios & Artifacts,Brass,1,20.6,5090.0,8.535229553902337
Brass Bowl Curio - Kanakchampa Seed (Large),Curios & Artifacts,Brass,1,20.6,10840.0,9.291090521661292
Fine Glass Curio Musical Instruments (Set of 5),Curios & Artifacts,Glass,5,20.6,7450.0,8.916103530553727
Fine Crystal Glass Ganesha (Small) - Black,Curios & Artifacts,Glass,1,20.6,1250.0,7.1316985104669115
Bidri Craft Curio - Buddha Wall Accent,Curios & Artifacts,Other,1,20.6,2060.0,7.630946580890459
Bidri Craft Curio - Elephant,Curios & Artifacts,Other,1,20.6,3710.0,8.219056661060598
Bidri Craft Curio - Elephant,Curios & Artifacts,Other,1,20.6,7160.0,8.87640491500694
Bidri Craft Curio - Elephant (Set of 2),Curios & Artifacts,Other,2,20.6,8150.0,9.005895898094458
Bidri Craft Curio - Elephant (Set of 2),Curios & Artifacts,Other,2,20.6,6340.0,8.754791763700032
Fine Glass Curio Musical Instrument - Tanpura,Curios & Artifacts,Glass,1,20.6,2600.0,7.8636512654486515
Fine Glass Peacock Samay Diya- Large,Curios & Artifacts,Glass,1,20.6,2990.0,8.003363058629947
Fine Glass Musical Instruments - Shehnai (Set of 2),Curios & Artifacts,Glass,2,20.6,2940.0,7.9865049385539955
Fine Glass Curio - Elephant,Curios & Artifacts,Glass,1,20.6,2430.0,7.796057974316123
Dhokra Craft Curio - Curious Deer,Curios & Artifacts,Other,1,20.6,2870.0,7.962415680121064
Dhokra Craft Curio - Deer,Curios & Artifacts,Other,1,20.6,2950.0,7.989899374942939
Dhokra Craft Curio - The Deer,Curios & Artifacts,Other,1,20.6,2860.0,7.95892649305011
Dhokra Craft Curio - Reindeer,Curios & Artifacts,Other,1,20.6,2450.0,7.804251383528112
Dhokra Craft Curio - Ornate Nandi,Curios & Artifacts,Other,1,20.6,3850.0,8.25608813381491
Dhokra Craft Curio - Ornamental Nandi,Curios & Artifacts,Other,1,20.6,3640.0,8.200013648175434
Dhokra Craft Curio - Tribal Chieftain,Curios & Artifacts,Other,1,20.6,4020.0,8.299285906897275
Dhokra Craft Curio - The Tribal Worker,Curios & Artifacts,Other,1,20.6,3920.0,8.27410200229233
Dhokra Craft Curio - Rural Woman,Curios & Artifacts,Other,1,20.6,3920.0,8.27410200229233
Dhokra Craft Curio - Rural Worker,Curios & Artifacts,Other,1,20.6,3920.0,8.27410200229233
Dhokra Craft Curio - Tribal Worker,Curios & Artifacts,Other,1,20.6,4060.0,8.309184527686298
Dhokra Craft Curio - Mythical Animal,Curios & Artifacts,Other,1,20.6,4170.0,8.335911094196945
Dhokra Craft Curio - Shiva Parvati & Nandi,Curios & Artifacts,Other,1,20.6,4800.0,8.476579508530941
Dhokra Craft Curio - Seated Nandi,Curios & Artifacts,Other,1,20.6,4800.0,8.476579508530941
Dhokra Craft Curio - The Ornate Cow,Curios & Artifacts,Other,1,20.6,4920.0,8.501267040865978
Dhokra Craft Curio - Nandi (Seated),Curios & Artifacts,Other,1,20.6,5320.0,8.579416534596369
Dhokra Craft Curio - Nandi,Curios & Artifacts,Other,1,20.6,5320.0,8.579416534596369
Dhokra Craft Curio - Tree & Workers,Curios & Artifacts,Other,1,20.6,6770.0,8.820404065485645
Dhokra Craft Curio - Ornamental Horse,Curios & Artifacts,Other,1,20.6,8940.0,9.098402718735318
Dhokra Craft Curio - Ornamental Cow,Curios & Artifacts,Other,1,20.6,9670.0,9.176886995716963
Dhokra Craft Curio - Rural Worker (Tall),Curios & Artifacts,Other,1,20.6,9670.0,9.176886995716963
Coconut Craft Curio - The Helicopter,Curios & Artifacts,Other,1,20.6,1520.0,7.327123292259293
"Tambat Handbeaten Copper Gangal - Small, Dia - 5.5""",Curios & Artifacts,Other,1,20.6,1890.0,7.544861068658458
"Tambat Handbeaten Copper Gangal - Medium, Dia - 7""",Curios & Artifacts,Other,1,20.6,2250.0,7.719129840906732
"Tambat Handbeaten Copper Urli - Medium, Dia - 8.5""",Curios & Artifacts,Other,1,20.6,2860.0,7.95892649305011
"Tambat Handbeaten Copper Urli - Large, Dia - 9.5""",Curios & Artifacts,Other,1,20.6,4780.0,8.472405008626103
The India Craft House Wooden Jaali Decorative Plate - Floral,Curios & Artifacts,Wood,1,20.6,3450.0,8.146419323098003
The India Craft House Wooden Jaali Decorative Plate - Lotus,Curios & Artifacts,Wood,1,20.6,3450.0,8.146419323098003
Bastar Tribal Art - Tribal Boat,Curios & Artifacts,Other,1,20.6,2650.0,7.8826922062890254
Wooden Miniature Musical Instrument Curio - Ektara,Curios & Artifacts,Wood,1,20.6,1190.0,7.0825485693553
Wooden Miniature Musical Instrument Curio - Dhol,Curios & Artifacts,Wood,1,20.6,1450.0,7.280008252884188
Wooden Miniature Musical Instrument Curio - Mridangam & Madol (Set of 3),Curios & Artifacts,Wood,3,20.6,2150.0,7.67368812926773
Wooden Miniature Musical Instrument Curio - Violin,Curios & Artifacts,Wood,1,20.6,1850.0,7.523481312573497
Bastar Tribal Art Curio - Rowing the Boat,Curios & Artifacts,Other,1,20.6,2650.0,7.8826922062890254
Large Dhokra Craft Curio - Goddess Durga  Victory,Curios & Artifacts,Other,1,20.6,8310.0,9.025335217553026
Large Dhokra Craft Curio - Standing Ganesha,Curios & Artifacts,Other,1,20.6,9750.0,9.18512512283512
Bidri Craft Curio - Paisley Box (Small),Curios & Artifacts,Other,1,20.6,1900.0,7.550135342488429
Bidri Craft Curio - Slim Jug,Curios & Artifacts,Other,1,20.6,3750.0,8.229777750081887
Bidri Craft Box - Square (Small),Curios & Artifacts,Other,1,20.6,3380.0,8.125926802707886
Bidri Craft Curio - Ash Tray,Curios & Artifacts,Other,1,20.6,3540.0,8.172164452111904
Bidri Craft Curio - Jug,Curios & Artifacts,Other,1,20.6,3970.0,8.286773231131251
Bidri Craft Curio - Elephant (Medium),Curios & Artifacts,Other,1,20.6,4200.0,8.343077871169383
Bidri Craft Incense Tray - Broad,Curios & Artifacts,Other,1,20.6,4040.0,8.304247465078474
Bidri Craft Curio - Elephants (Set of 2),Curios & Artifacts,Other,2,20.6,6670.0,8.805525052709516
Bidri Craft Curio - Arabian Jug,Curios & Artifacts,Other,1,20.6,10780.0,9.285540604539118
Fine Glass Curio Musical Instruments - The Shehnai (Set of 2),Curios & Artifacts,Glass,2,20.6,1840.0,7.518064181233078
Handpainted Pattachitra Art Curio - Krishna Theme,Curios & Artifacts,Other,1,20.6,2380.0,7.7752758464868625
Handpainted Pattachitra Art Curio - Krishna,Curios & Artifacts,Other,1,20.6,2380.0,7.7752758464868625
The India Craft House Bastar Tribal Dancer Figurines - Small,Curios & Artifacts,Other,1,20.6,650.0,6.478509642208569
The India Craft House Bastar Tribal Dancer Figurines - Large,Curios & Artifacts,Other,1,20.6,1360.0,7.215975002651466
The India Craft House Bastar Tribal Curio Men Figurine - Large,Curios & Artifacts,Other,1,20.6,3520.0,8.166500319155052
The India Craft House Bastar Tribal Curio Musical Man Figurine - Large,Curios & Artifacts,Other,1,20.6,3520.0,8.166500319155052
Coconut Craft Curio - Teapot,Curios & Artifacts,Other,1,20.6,1610.0,7.384610383176974
Fine Glass Curio - Tortoise,Curios & Artifacts,Glass,1,20.6,1160.0,7.057036981697891
Bidri Craft Curio - Peacock Vase,Curios & Artifacts,Other,1,20.6,10610.0,9.269646477873591
Bidri Craft Curio - Elephant (Large),Curios & Artifacts,Other,1,20.6,11930.0,9.3868953338758
Carved Filigree Stone Curio Tortoise,Curios & Artifacts,Stone/Marble,1,20.6,1060.0,6.966967138613983
Marble Inlay Curio Elephant Small,Curios & Artifacts,Stone/Marble,1,20.6,980.0,6.8885724595653635
Marble Inlay Curio Elephant Tiny,Curios & Artifacts,Stone/Marble,1,20.6,1650.0,7.409136443920128
Carved Filigree Stone Tiger Curio,Curios & Artifacts,Stone/Marble,1,20.6,3790.0,8.240385115516334
Carved Filigree Stone Elephant Curio,Curios & Artifacts,Stone/Marble,1,20.6,1190.0,7.0825485693553
Carved Filigree Stone Elephant Curio Set of 2,Curios & Artifacts,Stone/Marble,2,20.6,1980.0,7.591357046698551
Carved Filigree Stone Elephant Curio Set of 2,Curios & Artifacts,Stone/Marble,2,20.6,3830.0,8.25088114470065
Carved Filigree Stone Elephant Curio,Curios & Artifacts,Stone/Marble,1,20.6,2340.0,7.75833346749091
Carved Filigree Stone Elephant Curio,Curios & Artifacts,Stone/Marble,1,20.6,1210.0,7.099201743553092
Carved Filigree Stone Elephant Curio,Curios & Artifacts,Stone/Marble,1,20.6,990.0,6.898714534329988
Dhokra Craft Curio - Horse with Intricate Patterns (Small),Curios & Artifacts,Other,1,20.6,2290.0,7.736743682453495
Dhokra Craft Curio - Lady with Basket (Medium),Curios & Artifacts,Other,1,20.6,3890.0,8.266421472984554
Dhokra Craft Curio - Lady with Basket (Medium),Curios & Artifacts,Other,1,20.6,3490.0,8.157943507105037
Wooden Miniature Musical Instrument Curio - Esraj,Curios & Artifacts,Wood,1,20.6,1990.0,7.596392304064196
Wooden Miniature Musical Instrument Curio - Dilruba,Curios & Artifacts,Wood,1,20.6,1990.0,7.596392304064196
Wooden Miniature Musical Instrument Curio - Tanpura,Curios & Artifacts,Wood,1,20.6,2050.0,7.62608275807238
Wooden Miniature Musical Instrument Curio - Sarengi,Curios & Artifacts,Wood,1,20.6,2850.0,7.955425088912672
Wooden Miniature Musical Instrument Curio - Saraswati Veena,Curios & Artifacts,Wood,1,20.6,3450.0,8.146419323098003
Bastar Tribal Art Curio - Dancers,Curios & Artifacts,Other,1,20.6,2550.0,7.844240718141811
Dhokra Craft Curio (Large) - Lady with Grinder,Curios & Artifacts,Other,1,20.6,4590.0,8.431853144249223
Dhokra Craft Curio - Peacock,Curios & Artifacts,Other,1,20.6,4790.0,8.474494436883122
Dhokra Craft Curio (Medium) - Lady,Curios & Artifacts,Other,1,20.6,3310.0,8.105005537547246
Dhokra Craft Curio (Medium) - Lady with Basket,Curios & Artifacts,Other,1,20.6,3310.0,8.105005537547246
Dhokra Craft Curio - Reindeer (Set of 2),Curios & Artifacts,Other,2,20.6,2630.0,7.875119281040293
Dhokra Craft Curio (Medium) - Camel,Curios & Artifacts,Other,1,20.6,3310.0,8.105005537547246
Dhokra Craft Curio (Medium) - Ganesha,Curios & Artifacts,Other,1,20.6,4280.0,8.361941906144946
Dhokra Craft Curio (Large) - Horse,Curios & Artifacts,Other,1,20.6,2750.0,7.919719760924575
Pattachitra Art Curio - Tiger,Curios & Artifacts,Other,1,20.6,5650.0,8.639587799629844
Pattachitra Art Curio - Tiger,Curios & Artifacts,Other,1,20.6,5600.0,8.630700432209832
Pattachitra Art Curio - Cow,Curios & Artifacts,Other,1,20.6,5750.0,8.657129031713755
Pattachitra Art Curio - Cow,Curios & Artifacts,Other,1,20.6,5750.0,8.657129031713755
Pattachitra Art Curio - Cow,Curios & Artifacts,Other,1,20.6,5750.0,8.657129031713755
Pattachitra Art Curio - Cow,Curios & Artifacts,Other,1,20.6,5750.0,8.657129031713755
Pattachitra Art Curio - Cow,Curios & Artifacts,Other,1,20.6,5750.0,8.657129031713755
Pattachitra Art Curio - Cow,Curios & Artifacts,Other,1,20.6,5750.0,8.657129031713755
Pattachitra Art Curio - Cow,Curios & Artifacts,Other,1,20.6,5750.0,8.657129031713755
Pattachitra Art  Curio - Glass Bottle,Curios & Artifacts,Glass,1,20.6,1740.0,7.462214939768189
Pattachitra Art  Curio - Glass Bottle,Curios & Artifacts,Glass,1,20.6,2130.0,7.664346632098617
Pattachitra Art  Curio - Glass Bottle,Curios & Artifacts,Glass,1,20.6,2380.0,7.7752758464868625
Pattachitra Art  Curio - Glass Bottle,Curios & Artifacts,Glass,1,20.6,2130.0,7.664346632098617
Pattachitra Art  Curio - Cow,Curios & Artifacts,Other,1,20.6,5750.0,8.657129031713755
Pattachitra Art  Curio - Cow,Curios & Artifacts,Other,1,20.6,5750.0,8.657129031713755
Pattachitra Art  Curio - Cow,Curios & Artifacts,Other,1,20.6,5750.0,8.657129031713755
Pattachitra Art  Curio - Cow,Curios & Artifacts,Other,1,20.6,5750.0,8.657129031713755
Pattachitra Art  Curio - Cow,Curios & Artifacts,Other,1,20.6,5750.0,8.657129031713755
Pattachitra Art  Curio - Cow,Curios & Artifacts,Other,1,20.6,5750.0,8.657129031713755
Pattachitra Art  Curio - Cow,Curios & Artifacts,Other,1,20.6,5750.0,8.657129031713755
Pattachitra Art  Curio - Cow,Curios & Artifacts,Other,1,20.6,5750.0,8.657129031713755
Bidri Craft Curio - Horse,Curios & Artifacts,Other,1,20.6,5840.0,8.67265729404031
Bastar Tribal Art Curio - Napkin Holder - Musicians,Curios & Artifacts,Other,1,20.6,1100.0,7.00397413672268
Bastar Tribal Art Curio - Drummer,Curios & Artifacts,Other,1,20.6,1150.0,7.048386408721883
Exclusive Pichwai Carved Collectibles : Hand Engraved Wood Block Curio / Wall Piece - Kamal Gau,Curios & Artifacts / Wall Accents,Wood,1,20.6,4140.0,8.328692583545568
"Exclusive, Extra Large Handwoven Kashida Cushion Cover - Mrig Path, 32""x 14""",Cushion Covers,Other,1,20.6,4250.0,8.35490952835879
"Exclusive, Extra Large Handwoven Kashida Cushion Cover - Pakshi Path, 32""x 14""",Cushion Covers,Other,1,20.6,4250.0,8.35490952835879
"Exclusive, Extra Large Handwoven Kashida Cushion Cover - Black Buck, 24"" x 24""",Cushion Covers,Other,1,20.6,4250.0,8.35490952835879
"Exclusive, Extra Large Handwoven Kashida Cushion Cover - Barasingha, 24"" x 24""",Cushion Covers,Other,1,20.6,4250.0,8.35490952835879
"Exclusive, Extra Large Handwoven Kashida Cushion Cover - Chital Deer, 24"" x 24""",Cushion Covers,Other,1,20.6,4250.0,8.35490952835879
"Exclusive, Large Handwoven Kashida Cushion Covers - Aranya (Set of 2), 20""x 20""",Cushion Covers,Other,2,20.6,6630.0,8.799510901368867
"Exclusive, Large Handwoven Kashida Cushion Covers - Mrigaya (Set of 2), 20""x 20""",Cushion Covers,Other,2,20.6,6630.0,8.799510901368867
"Exclusive, Large Handwoven Kashida Cushion Covers - Vanakash (Set of 2), 20""x 20""",Cushion Covers,Other,2,20.6,6630.0,8.799510901368867
"Exclusive, Large Handwoven Kashida Cushion Covers - Van Vihar (Set of 2), 20""x 20""",Cushion Covers,Other,2,20.6,6630.0,8.799510901368867
"Exclusive, Large Handwoven Kashida Cushion Covers - Van Vistaar (Set of 2)",Cushion Covers,Other,2,20.6,5860.0,8.676075516476429
"Exclusive Handwoven Kashida Cushion Covers - Sarus Crane & Black Buck (Set of 2), 16""x16""",Cushion Covers,Other,2,20.6,5860.0,8.676075516476429
"Exclusive Handwoven Kashida Cushion Covers - Sarus Crane & Black Deer (Set of 2), 16""x16""",Cushion Covers,Other,2,20.6,5860.0,8.676075516476429
"Exclusive Handwoven Kashida Cushion Covers - Sarus Crane & Vulture (Set of 2), 16""x16""",Cushion Covers,Other,2,20.6,5860.0,8.676075516476429
"Exclusive Handwoven Kashida Cushion Covers - Sarus Crane (Set of 2), 16""x16""",Cushion Covers,Other,2,20.6,5860.0,8.676075516476429
"Exclusive Handwoven Kashida Cushion Covers - Great Indian Bustard Flock (Set of 2), 16""x16""",Cushion Covers,Other,2,20.6,5860.0,8.676075516476429
"Exclusive Handwoven Kashida Cushion Covers - Great Indian Bustard (Set of 2), 16""x16""",Cushion Covers,Other,2,20.6,5860.0,8.676075516476429
"Kashida Pattu Woven Cushion Covers - Blue (Large, Set of 2)",Cushions & Covers,Other,2,20.6,1380.0,7.2305631534092925
Hand Woven Kashida Pattu Cushion Covers - Red Arrows (Set of 2),Cushions & Covers,Other,2,20.6,1480.0,7.300472814267799
Kashida Pattu Woven Cushion Covers - Black Beauty (Set of 2),Cushions & Covers,Other,2,20.6,1510.0,7.32052696227274
Handwoven Kashida Pattu Cushion Covers - Striking Red Stripes (Set of 2),Cushions & Covers,Other,2,20.6,1450.0,7.280008252884188
Kashida Pattu Woven Cushion Covers - Large (Set of 2),Cushions & Covers,Other,2,20.6,1380.0,7.2305631534092925
Kashida Pattu Woven Cushion Covers - Red Diamond (Set of 2),Cushions & Covers,Other,2,20.6,1510.0,7.32052696227274
Hand Embroidered Mirror Work Cushion Covers (Set of 2),Cushions & Covers,Other,2,20.6,1330.0,7.193685818395112
Hand Woven Kashida Pattu Cushion Covers - Green Stripes (Set of 2),Cushions & Covers,Other,2,20.6,1480.0,7.300472814267799
Hand Woven Kashida Pattu Cushion Covers - Purple Lime (Set of 2),Cushions & Covers,Other,2,20.6,1480.0,7.300472814267799
Hand Woven Kashida Pattu Cushion Covers - Magenta Stripes (Set of 2),Cushions & Covers,Other,2,20.6,1480.0,7.300472814267799
Hand Woven Kashida Pattu Cushion Covers - Soft Pink Stripes (Set of 2),Cushions & Covers,Other,2,20.6,1480.0,7.300472814267799
Hand Woven Kashida Pattu Cushion Covers - Cream Stripes (Set of 2),Cushions & Covers,Other,2,20.6,1480.0,7.300472814267799
Hand Woven Kashida Pattu Cushion Covers - Lime Green Striped (Set of 2),Cushions & Covers,Other,2,20.6,1480.0,7.300472814267799
Hand Woven Kashida Pattu Cushion Covers - Pale Pink Geometrics (Set of 2),Cushions & Covers,Other,2,20.6,1480.0,7.300472814267799
Hand Woven Kashida Pattu Cushion Covers - Pink Arrows (Set of 2),Cushions & Covers,Other,2,20.6,1480.0,7.300472814267799
Handwoven Kashida Pattu Cushion Covers - Lime Stripes (Set of 2),Cushions & Covers,Other,2,20.6,1680.0,7.427144133408616
Handwoven Kashida Pattu Cushion Covers - Purple Aztec (Set of 2),Cushions & Covers,Other,2,20.6,1450.0,7.280008252884188
Handwoven Kashida Pattu Cushion Covers - Orange Stripes (Set of 2),Cushions & Covers,Other,2,20.6,1450.0,7.280008252884188
Handwoven Kashida Pattu Cushion Covers - Vivid Blue (Set of 2),Cushions & Covers,Other,2,20.6,1450.0,7.280008252884188
Handwoven Kashida Pattu Cushion Covers - Grey Stripes (Set of 2),Cushions & Covers,Other,2,20.6,1450.0,7.280008252884188
Kashmiri Crewel Work Velvet Cushion Cover - Red Ornate,Cushions & Covers,Other,1,20.6,1050.0,6.957497370876951
"Kashmiri Crewel Work Velvet Cushion Covers - Floral, (Set of 2)",Cushions & Covers,Other,2,20.6,1950.0,7.576097340623111
Hand Woven Thick Cotton Cushion Covers (Set of 2),Cushions & Covers,Cotton,2,20.6,1670.0,7.421177528595393
Hand Embroidered Mirror Work Cushion Covers (Set of 2),Cushions & Covers,Other,2,20.6,1330.0,7.193685818395112
Hand Embroidered Mirror Work Cushion Covers (Set of 2),Cushions & Covers,Other,2,20.6,1330.0,7.193685818395112
"Kashmiri Crewel Work Cushion Covers - Moroccan Appeal, (Set of 2)",Cushions & Covers,Other,2,20.6,1950.0,7.576097340623111
"Kashida Pattu Woven Cushion Covers - Dark Blue (Small, Set of 2)",Cushions & Covers,Other,2,20.6,1140.0,7.039660349862076
"Kashida Pattu Woven Cushion Covers - Blue (Small, Set of 2)",Cushions & Covers,Other,2,20.6,1140.0,7.039660349862076
"Kashida Pattu Woven Cushion Covers - Red (Large, Set of 2)",Cushions & Covers,Other,2,20.6,1210.0,7.099201743553092
"Kashida Pattu Woven Cushion Covers - Dark Blue (Large,Set of 2)",Cushions & Covers,Other,2,20.6,1210.0,7.099201743553092
"Intricate, fine Kantha Embroidered Silk Cushion Cover - Flower (Piece)",Cushions & Covers,Silk,1,20.6,1120.0,7.02197642307216
Kashida Pattu Woven Cushion Covers - Blue Diamond (Set of 2),Cushions & Covers,Other,2,20.6,1510.0,7.32052696227274
Kashida Pattu Woven Cushion Covers - Large (Set of 2),Cushions & Covers,Other,2,20.6,1510.0,7.32052696227274
Kashida Pattu Woven Cushion Covers - Small (Set of 2),Cushions & Covers,Other,2,20.6,1150.0,7.048386408721883
Kashida Pattu Woven Cushion Covers - Small (Set of 2),Cushions & Covers,Other,2,20.6,1150.0,7.048386408721883
"Kitchen Nest' Iron Cutlery & Stationery Holder (2 Partitions, 8.3 Inch, Handcrafted)",Cutlery Holder,Iron,1,21.082,599.0,6.396929655216146
"Peacock Courtyard' Wooden Cutlery & Stationery Holder (2 Partitions, 10.0 cm, Enamel coated waterproof surface, Gold Engraving)",Cutlery Holder,Wood,1,10.0,849.0,6.745236349484363
"Moroccan Mosaic' Wooden Cutlery & Stationery Holder (2 Partitions, 10.5 cm, Enamel coated waterproof surface, Gold Engraving)",Cutlery Holder,Wood,1,10.5,899.0,6.802394763324311
"'Persian Bloom' Ceramic Cutlery & Stationery Holder (1040 ML, Hand-Painted)",Cutlery Holder,Ceramic,1,20.6,1299.0,7.170119543449628
"'Tusk Tales' Wooden Cutlery & Stationery Holder (2 Partitions, 11.5 cm, Hand-Carved)",Cutlery Holder,Wood,1,11.5,799.0,6.684611727667927
"'Shepherd's Tale' Wooden Cutlery & Stationery Holder (4 Partitions, 22.8 cm, Hand-Carved)",Cutlery Holder,Wood,1,22.8,1299.0,7.170119543449628
"'Indigo Baagh' Wooden Cutlery & Stationery Holder (3 Partitions, 25 cm, Hand-Enameled)",Cutlery Holder,Wood,1,25.0,1499.0,7.313220387090301
"'Divided Holder' Mango Wood Cutlery & Stationery Holder (5 Partitions, Handcrafted)",Cutlery Holder,Wood,1,20.6,1599.0,7.3777589082278725
"'Raw Holder' Mango Wood Cutlery & Stationery Holder (6 Partitions, Handcrafted)",Cutlery Holder,Wood,1,20.6,1599.0,7.3777589082278725
'Birds Of A Feather' Cutlery Cum Napkin Holder In Sheesham & Mango Wood,Cutlery Holder,Wood,1,20.6,1159.0,7.05617528410041
'Owl Motif' Cutlery & Toothpick Holder In Wood (3 Partitions),Cutlery Holder,Wood,1,20.6,679.0,6.522092798170152
'The Dancing Peacock' Hand Carved Cutlery & Stationery Holder in Sheesham Wood,Cutlery Holder,Wood,1,20.6,1880.0,7.53955882930103
"'Flock Of Birds' Cutlery & Stationery Holder In Mango Wood (5 Partitions, Hand-Painted)",Cutlery Holder,Wood,1,20.6,1575.0,7.362645270417825
"'Geometric Tales' Stationery & Cutlery Holder (3 Partitions, Mango Wood, Handcrafted)",Cutlery Holder,Wood,1,20.6,1119.0,7.02108396428914
"'Geometric Tales' Stationery & Cutlery Holder (2 Partitions, Recycled Wood, Handcrafted)",Cutlery Holder,Wood,1,20.6,679.0,6.522092798170152
"'Royal Owl' Decorative Hanging Pure Brass Bell (Set of 2, 66.2 Cm, 1.21 Kg, Hand-Etched)",Decorative Bell,Brass,2,66.2,6160.0,8.725994381014571
"'Majestic Elephant' Decorative Hanging Pure Brass Bell (Set of 2, 63.6 Cm, 1.1 Kg, Hand-Etched)",Decorative Bell,Brass,2,63.6,6399.0,8.764053269347762
"'Royal Owl' Decorative Hanging Pure Brass Bell (66.2 Cm , 1.21 Kg, Hand-Etched)",Decorative Bell,Brass,1,66.2,3475.0,8.153637486385282
"'Majestic Elephant' Decorative Hanging Pure Brass Bell (63.6 Cm, 1.1 Kg, Hand-Etched)",Decorative Bell,Brass,1,63.6,3499.0,8.160518247477505
Elegant Peacock' Hand-Etched Decorative Hanging Bell In Brass (1.13 kg),Decorative Bell,Brass,1,20.6,3475.0,8.153637486385282
Elegant Peacock Hand-Etched Decorative Hanging Bell In Brass (Set of 2),Decorative Bell,Brass,2,20.6,6160.0,8.725994381014571
Dancing Ganpati' Hand-Etched Decorative Hanging Bell In Brass (1.27 kg),Decorative Bell,Brass,1,20.6,3799.0,8.242756345714477
Dancing Ganpati Hand-Etched Decorative Hanging Bell In Brass (Set of 2),Decorative Bell,Brass,2,20.6,6899.0,8.83927669058535
"The Shahi Collection. Exclusive, Fine Kashmiri Art Utility Boxes - Nureh (Large)","Decorative Boxes, Chests & Trunks",Other,1,20.6,2690.0,7.897668150726906
"The Shahi Collection. Exclusive, Fine Kashmiri Art Desk Set - Blue Expedition (Set of 2)","Decorative Boxes, Chests & Trunks",Other,2,20.6,3280.0,8.0959035329611
"The Shahi Collection. Exclusive, Fine Kashmiri Art Utility Box - Nazm","Decorative Boxes, Chests & Trunks",Other,1,20.6,1970.0,7.58629630715272
"The Shahi Collection. Exclusive, Fine Kashmiri Art Decorative Box - Cerulean Sojourn","Decorative Boxes, Chests & Trunks",Other,1,20.6,1970.0,7.58629630715272
Handcrafted Kashmiri Art Tortoise Decorative Utility Boxes - Midnight Blooms Stars (Set of Two),"Decorative Boxes, Chests & Trunks",Other,1,20.6,2180.0,7.687538766201629
"Exclusive, Fine Kashmiri Art Decorative Dome Boxes - Floral Paisley (Set of 2)","Decorative Boxes, Chests & Trunks",Other,2,20.6,3190.0,8.068089626278244
Jaipur Blue Pottery Jewellery Organisers - Bloom Hearts (Set of 2),"Decorative Boxes, Chests & Trunks",Ceramic,2,20.6,2200.0,7.696667081526462
Handpainted Kashmiri Art Decorative Box - Gulnaar Bloom,"Decorative Boxes, Chests & Trunks",Other,1,20.6,1790.0,7.490529402060711
"The Shahi Collection. Exclusive, Fine Kashmiri Art Decorative Box - Royal Tales","Decorative Boxes, Chests & Trunks",Other,1,20.6,2810.0,7.941295570906532
"Tarakashi Wooden Engraved Decorative Utility Box, Small","Decorative Boxes, Chests & Trunks",Wood,1,20.6,1320.0,7.186144304522325
The Gulraiz Collection. Exclusive Marble Inlay Box - Azure Garden,"Decorative Boxes, Chests & Trunks",Stone/Marble,1,20.6,6700.0,8.81001204797317
The Gulraiz Collection. Exclusive Marble Inlay Box - Pink Blooms,"Decorative Boxes, Chests & Trunks",Stone/Marble,1,20.6,6700.0,8.81001204797317
Handcrafted Kashmiri Art Decorative Utility Boxes - Floral Felines (Set of 3),"Decorative Boxes, Chests & Trunks",Other,3,20.6,2320.0,7.749753406274437
"The Shahi Collection. Exclusive, Fine Kashmiri Art Utility Box - Begum in Indigo","Decorative Boxes, Chests & Trunks",Other,1,20.6,5960.0,8.692993531219926
"The Shahi Collection. Exclusive, Fine Kashmiri Art Utility Boxes - Garden and Bouquet","Decorative Boxes, Chests & Trunks",Other,1,20.6,1920.0,7.560601162768557
"The Shahi Collection. Exclusive, Fine Kashmiri Art Utility Box - Blue Flower","Decorative Boxes, Chests & Trunks",Other,1,20.6,1830.0,7.5126175446745105
Tarakashi Wooden Inlay Decorative Box - Tree of Spades,"Decorative Boxes, Chests & Trunks",Wood,1,20.6,3140.0,8.052296499538647
Soapstone Filigree Phooldaan Round Box,"Decorative Boxes, Chests & Trunks",Stone/Marble,1,20.6,3070.0,8.029758520440822
Soapstone Filigree Patramaya Round Box,"Decorative Boxes, Chests & Trunks",Stone/Marble,1,20.6,3070.0,8.029758520440822
"The Shahi Collection. Exclusive, Fine Kashmiri Art Decorative Boxes - Polo in Black (Set of 2)","Decorative Boxes, Chests & Trunks",Other,2,20.6,1600.0,7.3783837129967145
"The Shahi Collection. Exclusive, Fine Kashmiri Art Decorative Boxes - Polo in Black (Set of 3)","Decorative Boxes, Chests & Trunks",Other,3,20.6,3180.0,8.064950891749143
The Shahi Collection. Exclusive Kashmiri Art Decorative Desk Set - Polo in Black (Set of 3),"Decorative Boxes, Chests & Trunks",Other,3,20.6,2860.0,7.95892649305011
"The Shahi Collection. Exclusive, Fine Kashmiri Art Decorative Box - Vibrant Sojourn (Set of Two)","Decorative Boxes, Chests & Trunks",Other,1,20.6,3140.0,8.052296499538647
"The Shahi Collection. Exclusive, Fine Kashmiri Art Decorative Box - Green Sojourn (Set of Two)","Decorative Boxes, Chests & Trunks",Other,1,20.6,2200.0,7.696667081526462
"The Shahi Collection. Exclusive, Fine Kashmiri Art Decorative Box - Red Polo (Set of Three)","Decorative Boxes, Chests & Trunks",Other,1,20.6,2250.0,7.719129840906732
"The Shahi Collection. Exclusive, Fine Kashmiri Art Decorative Desk Set - Blue Polo (Set of Three)","Decorative Boxes, Chests & Trunks",Other,1,20.6,4010.0,8.296795865770052
Handcrafted Kashmiri Art Tortoise Decorative Utility Boxes - Fuchsia (Set of Two),"Decorative Boxes, Chests & Trunks",Other,1,20.6,1900.0,7.550135342488429
"The Shahi Collection. Exclusive, Fine Kashmiri Art Decorative Box - Black Polo (Set of Three)","Decorative Boxes, Chests & Trunks",Other,1,20.6,2880.0,7.9658927350845286
Handcrafted Kashmiri Art Tortoise Decorative Utility Boxes - Mauve Flora (Set of Two),"Decorative Boxes, Chests & Trunks",Other,1,20.6,1900.0,7.550135342488429
Handcrafted Kashmiri Art Tortoise Decorative Utility Boxes - Saffron Florals (Set of Two),"Decorative Boxes, Chests & Trunks",Other,1,20.6,1900.0,7.550135342488429
"The Shahi Collection. Exclusive, Fine Kashmiri Art Utility Boxes - Purtazyeen (Large)","Decorative Boxes, Chests & Trunks",Other,1,20.6,6090.0,8.714567550836485
"The Shahi Collection. Exclusive, Fine Kashmiri Art Utility Boxes - Naqshdaar (Small, Set of 2)","Decorative Boxes, Chests & Trunks",Other,2,20.6,2510.0,7.828436359157585
"The Shahi Collection. Exclusive, Fine Kashmiri Art Utility Boxes - Dilkash (Small, Set of 2)","Decorative Boxes, Chests & Trunks",Other,2,20.6,3010.0,8.010027528481734
"The Shahi Collection. Exclusive, Fine Kashmiri Art Utility Boxes - Gulnaar (Large)","Decorative Boxes, Chests & Trunks",Other,1,20.6,6100.0,8.716207971151853
"The Shahi Collection. Exclusive, Fine Kashmiri Art Utility Boxes - Noorani (Small, Set of 2)","Decorative Boxes, Chests & Trunks",Other,2,20.6,2540.0,7.840312983320164
"The Shahi Collection. Exclusive, Fine Kashmiri Art Utility Boxes - Nikhaat (Small, Set of 2)","Decorative Boxes, Chests & Trunks",Other,2,20.6,2980.0,8.000014093678072
"The Shahi Collection. Exclusive, Fine Kashmiri Art Utility Boxes - Dilkashi (Small, Set of 2)","Decorative Boxes, Chests & Trunks",Other,2,20.6,2510.0,7.828436359157585
"The Shahi Collection. Exclusive, Fine Kashmiri Art Utility Boxes - Nafeesa (Small, Set of 2)","Decorative Boxes, Chests & Trunks",Other,2,20.6,2980.0,8.000014093678072
"The Shahi Collection. Exclusive, Fine Kashmiri Art Utility Boxes - Khushnuma (Small, Set of 2)","Decorative Boxes, Chests & Trunks",Other,2,20.6,2510.0,7.828436359157585
"The Shahi Collection. Exclusive, Fine Kashmiri Art Utility Boxes - Baagh (Small, Set of 2)","Decorative Boxes, Chests & Trunks",Other,2,20.6,3230.0,8.080546965824498
"The Shahi Collection. Exclusive, Fine Kashmiri Art Utility Boxes - Naazneen (Large)","Decorative Boxes, Chests & Trunks",Other,1,20.6,6090.0,8.714567550836485
"The Shahi Collection. Exclusive, Fine Kashmiri Art Utility Boxes - Gulzar (Small, Set of 2)","Decorative Boxes, Chests & Trunks",Other,2,20.6,2510.0,7.828436359157585
"The Shahi Collection. Exclusive, Fine Kashmiri Art Utility Boxes - Bageecha (Small, Set of 2)","Decorative Boxes, Chests & Trunks",Other,2,20.6,3000.0,8.006700845440367
"The Shahi Collection. Exclusive, Fine Kashmiri Art Utility Boxes - Gulnaar (Small, Set of 2)","Decorative Boxes, Chests & Trunks",Other,2,20.6,2530.0,7.836369760545124
"The Shahi Collection. Exclusive, Fine Kashmiri Art Utility Boxes - Kaaleen (Small, Set of 2)","Decorative Boxes, Chests & Trunks",Other,2,20.6,3000.0,8.006700845440367
"The Shahi Collection. Exclusive, Fine Kashmiri Art Utility Boxes - Nazakat (Small, Set of 2)","Decorative Boxes, Chests & Trunks",Other,2,20.6,3930.0,8.27664912542186
"Exclusive, Fine Kashmiri Art Decorative Dome Boxes - Vivid Blue Polo (Set of 2)","Decorative Boxes, Chests & Trunks",Other,2,20.6,2960.0,7.993282328101591
"Exclusive, Fine Kashmiri Art Decorative Boxes - Blue Oval Polo (Set of 2)","Decorative Boxes, Chests & Trunks",Other,2,20.6,2320.0,7.749753406274437
"Exclusive, Fine Kashmiri Art Decorative Boxes - Red Round Polo (Set of 2)","Decorative Boxes, Chests & Trunks",Other,2,20.6,2320.0,7.749753406274437
"The Shahi Collection. Exclusive, Fine Kashmiri Art Decorative Box - The Oval Paisley","Decorative Boxes, Chests & Trunks",Other,1,20.6,4390.0,8.387312270561717
"The Shahi Collection. Exclusive, Fine Kashmiri Art Decorative Dome Boxes - Paisleys (Set of 2)","Decorative Boxes, Chests & Trunks",Other,2,20.6,2820.0,7.944846711001996
"The Shahi Collection. Exclusive, Fine Kashmiri Art Decorative Dome Boxes - The Paisleys (Set of 2)","Decorative Boxes, Chests & Trunks",Other,2,20.6,2820.0,7.944846711001996
"Exclusive, Fine Kashmiri Art Decorative Dome Boxes - Black Polo (Set of 2)","Decorative Boxes, Chests & Trunks",Other,2,20.6,2820.0,7.944846711001996
"Exclusive, Fine Kashmiri Art Decorative Dome Boxes - Red Polo (Set of 2)","Decorative Boxes, Chests & Trunks",Other,2,20.6,2820.0,7.944846711001996
"The Shahi Collection. Exclusive, Fine Kashmiri Art Decorative Box - Oval Paisley","Decorative Boxes, Chests & Trunks",Other,1,20.6,4390.0,8.387312270561717
"Exclusive, Fine Kashmiri Art Utility Boxes - Polo Players (Set of 2)","Decorative Boxes, Chests & Trunks",Other,2,20.6,3930.0,8.27664912542186
"The Shahi Collection. Exclusive, Fine Kashmiri Art Decorative Box - Black Flora","Decorative Boxes, Chests & Trunks",Other,1,20.6,6200.0,8.732465848349879
"The Shahi Collection. Exclusive, Fine Kashmiri Art Decorative Box - Gold Paisley","Decorative Boxes, Chests & Trunks",Other,1,20.6,6200.0,8.732465848349879
"The Shahi Collection. Exclusive, Fine Kashmiri Art Decorative Box - Expedition","Decorative Boxes, Chests & Trunks",Other,1,20.6,6200.0,8.732465848349879
"The Shahi Collection. Exclusive, Fine Kashmiri Art Decorative Box - Gold Flora","Decorative Boxes, Chests & Trunks",Other,1,20.6,6200.0,8.732465848349879
Handcrafted Wooden Engraved Paper Holder - Red,"Decorative Boxes, Chests & Trunks",Wood,1,20.6,2430.0,7.796057974316123
Wood Engraved Deer Decorative Box,"Decorative Boxes, Chests & Trunks",Wood,1,20.6,2760.0,7.923348211930154
Tarakashi Wooden Inlay Decorative Box - Motifs,"Decorative Boxes, Chests & Trunks",Wood,1,20.6,1540.0,7.340186835320115
Tarakashi Wooden Inlay Decorative Box - Leaf,"Decorative Boxes, Chests & Trunks",Wood,1,20.6,1540.0,7.340186835320115
Tarakashi Wooden Inlay Decorative Box - Motifs,"Decorative Boxes, Chests & Trunks",Wood,1,20.6,1540.0,7.340186835320115
Tarakashi Wooden Inlay Decorative Box - Motifs,"Decorative Boxes, Chests & Trunks",Wood,1,20.6,1540.0,7.340186835320115
Tarakashi Wooden Inlay Decorative Box - Motifs,"Decorative Boxes, Chests & Trunks",Wood,1,20.6,1540.0,7.340186835320115
Tarakashi Wooden Inlay Decorative Box - Tree,"Decorative Boxes, Chests & Trunks",Wood,1,20.6,3960.0,8.284251797621916
Tarakashi Wooden Inlay Decorative Box - Tree,"Decorative Boxes, Chests & Trunks",Wood,1,20.6,1970.0,7.58629630715272
Tarakashi Wooden Inlay Decorative Box - Abstract Pattern,"Decorative Boxes, Chests & Trunks",Wood,1,20.6,2360.0,7.766840537085513
Tarakashi Wooden Inlay Decorative Box - Floral Pattern,"Decorative Boxes, Chests & Trunks",Wood,1,20.6,5370.0,8.58876938990546
Tarakashi Wooden Inlay Decorative Box - Tree,"Decorative Boxes, Chests & Trunks",Wood,1,20.6,2170.0,7.682943169878292
Tarakashi Wooden Inlay Decorative Box - Tree,"Decorative Boxes, Chests & Trunks",Wood,1,20.6,5360.0,8.586905803827538
Tarakashi Wooden Inlay Decorative Box - Abstract Pattern,"Decorative Boxes, Chests & Trunks",Wood,1,20.6,2950.0,7.989899374942939
Tarakashi Wooden Inlay Decorative Box - Floral Pattern,"Decorative Boxes, Chests & Trunks",Wood,1,20.6,3960.0,8.284251797621916
Tarakashi Wooden Inlay Decorative Box - Floral Pattern,"Decorative Boxes, Chests & Trunks",Wood,1,20.6,5370.0,8.58876938990546
Tarakashi Wooden Inlay Decorative Box - Star Pattern,"Decorative Boxes, Chests & Trunks",Wood,1,20.6,2440.0,7.80016307039296
Tarakashi Wooden Inlay Decorative Box - Floral Pattern,"Decorative Boxes, Chests & Trunks",Wood,1,20.6,2440.0,7.80016307039296
Wood Engraved Paisley Decorative Box,"Decorative Boxes, Chests & Trunks",Wood,1,20.6,2960.0,7.993282328101591
Wood Engraved Floral Decorative Box,"Decorative Boxes, Chests & Trunks",Wood,1,20.6,2960.0,7.993282328101591
Wood Engraved Paisley Decorative Box,"Decorative Boxes, Chests & Trunks",Wood,1,20.6,2960.0,7.993282328101591
Wood Engraved Tree Decorative Box,"Decorative Boxes, Chests & Trunks",Wood,1,20.6,3350.0,8.11701408773731
Wood Engraved Elephant Decorative Box,"Decorative Boxes, Chests & Trunks",Wood,1,20.6,2360.0,7.766840537085513
Floral Tapestry Marble Inlay Box,"Decorative Boxes, Chests & Trunks",Stone/Marble,1,20.6,4260.0,8.357259153499912
Floral Tapestry Marble Inlay Box,"Decorative Boxes, Chests & Trunks",Stone/Marble,1,20.6,4260.0,8.357259153499912
Floral Tapestry Marble Inlay Box,"Decorative Boxes, Chests & Trunks",Stone/Marble,1,20.6,6680.0,8.807022955925477
Floral Tapestry Marble Inlay Box,"Decorative Boxes, Chests & Trunks",Stone/Marble,1,20.6,5060.0,8.529319371214077
Peacock Tapestry Marble Inlay Box,"Decorative Boxes, Chests & Trunks",Stone/Marble,1,20.6,3060.0,8.026496938945412
Floral Tapestry Marble Inlay Box,"Decorative Boxes, Chests & Trunks",Stone/Marble,1,20.6,6680.0,8.807022955925477
Floral Tapestry Marble Inlay Box,"Decorative Boxes, Chests & Trunks",Stone/Marble,1,20.6,2660.0,7.886457270977689
Floral Tapestry Marble Inlay Box,"Decorative Boxes, Chests & Trunks",Stone/Marble,1,20.6,3660.0,8.205491613120236
Floral Tapestry Marble Inlay Box,"Decorative Boxes, Chests & Trunks",Stone/Marble,1,20.6,3660.0,8.205491613120236
Floral Tapestry Marble Inlay Box,"Decorative Boxes, Chests & Trunks",Stone/Marble,1,20.6,6680.0,8.807022955925477
Floral Tapestry Marble Inlay Box,"Decorative Boxes, Chests & Trunks",Stone/Marble,1,20.6,6280.0,8.74528448245438
Intricate Carved Filigree Vase - Large,"Decorative Boxes, Chests & Trunks",Other,1,20.6,6860.0,8.833608482690892
Soapstone Filigree Hexagon Box,"Decorative Boxes, Chests & Trunks",Stone/Marble,1,20.6,6450.0,8.771990436532242
Soapstone Filigree Round Box,"Decorative Boxes, Chests & Trunks",Stone/Marble,1,20.6,6670.0,8.805525052709516
Soapstone Filigree Hexagon Box,"Decorative Boxes, Chests & Trunks",Stone/Marble,1,20.6,2360.0,7.766840537085513
The Shahi Collection. Exclusive Kashmiri Art Decorative Boxes (Set of 2) - Royal Ornate,"Decorative Boxes, Chests & Trunks",Other,2,20.6,2210.0,7.701200180857446
Wood & Dhokra Utility Box with Dhokra Flower Handle,"Decorative Boxes, Chests & Trunks",Wood,1,20.6,1800.0,7.496097345175956
Warli Art Utility Box - Brown,"Decorative Boxes, Chests & Trunks",Other,1,20.6,1610.0,7.384610383176974
Warli Art Utility Box - Dark Brown,"Decorative Boxes, Chests & Trunks",Other,1,20.6,1610.0,7.384610383176974
"Tarakashi Wooden Inlay Decorative Box - Tree Of Life, Rectangular","Decorative Boxes, Chests & Trunks",Wood,1,20.6,3950.0,8.281723990411392
Tarakashi Wooden Inlay Decorative Box - Stars,"Decorative Boxes, Chests & Trunks",Wood,1,20.6,3850.0,8.25608813381491
Handcrafted Wooden Engraved Tray - Blue Flora,"Decorative Boxes, Chests & Trunks",Wood,1,20.6,4150.0,8.33110454805304
Handcrafted Wooden Engraved Tray - Green Floral,"Decorative Boxes, Chests & Trunks",Wood,1,20.6,4150.0,8.33110454805304
Handcrafted Wooden Engraved Tray - Red Floral,"Decorative Boxes, Chests & Trunks",Wood,1,20.6,4150.0,8.33110454805304
Handcrafted Wooden Engraved Paper Holder - Yellow,"Decorative Boxes, Chests & Trunks",Wood,1,20.6,2430.0,7.796057974316123
"Warli Art Wooden Utility Box - Brown, Rural","Decorative Boxes, Chests & Trunks",Wood,1,20.6,1180.0,7.074116816197362
Wooden Log Box & Dhokra Flower Knob,"Decorative Boxes, Chests & Trunks",Wood,1,20.6,1450.0,7.280008252884188
Exclusive Kashmiri Art Papier Mache Decorative Box - Floral Charm (Large),"Decorative Boxes, Chests & Trunks",Other,1,20.6,4270.0,8.359603270841466
Handcrafted Wooden Box - Small,"Decorative Boxes, Chests & Trunks",Wood,1,20.6,1300.0,7.170888478512505
"Tarakashi Wooden Engraved Decorative Utility Box, Large","Decorative Boxes, Chests & Trunks",Wood,1,20.6,6750.0,8.81744592104187
Bidri Craft Mango Box (Small),"Decorative Boxes, Chests & Trunks",Other,1,20.6,1980.0,7.591357046698551
Bidri Craft Box (Square),"Decorative Boxes, Chests & Trunks",Other,1,20.6,3460.0,8.149312843635345
Bidri Craft Small Boxes (Set of 2 - Square Box & Mango Box),"Decorative Boxes, Chests & Trunks",Other,2,20.6,6240.0,8.738895704934043
Carved Filigree Stone Hexagon Box,"Decorative Boxes, Chests & Trunks",Stone/Marble,1,20.6,1960.0,7.581209826196346
Marble Inlay Square Box,"Decorative Boxes, Chests & Trunks",Stone/Marble,1,20.6,2290.0,7.736743682453495
Marble Inlay Square Box,"Decorative Boxes, Chests & Trunks",Stone/Marble,1,20.6,4110.0,8.321421586897879
Marble Inlay Square Box,"Decorative Boxes, Chests & Trunks",Stone/Marble,1,20.6,2670.0,7.890208213109961
Marble inlay Square Box,"Decorative Boxes, Chests & Trunks",Stone/Marble,1,20.6,3720.0,8.221747728346623
Marble Inlay Round Box,"Decorative Boxes, Chests & Trunks",Stone/Marble,1,20.6,4430.0,8.39638057119949
Marble Inlay Square Box,"Decorative Boxes, Chests & Trunks",Stone/Marble,1,20.6,1760.0,7.473637108496206
Marble Inlay Square Box,"Decorative Boxes, Chests & Trunks",Stone/Marble,1,20.6,1230.0,7.115582126184454
Marble Inlay Square Box,"Decorative Boxes, Chests & Trunks",Stone/Marble,1,20.6,1230.0,7.115582126184454
Marble Inlay Square Box,"Decorative Boxes, Chests & Trunks",Stone/Marble,1,20.6,3700.0,8.216358332386156
Marble Inlay Square Box,"Decorative Boxes, Chests & Trunks",Stone/Marble,1,20.6,3910.0,8.271548374755515
Marble Inlay Square Box,"Decorative Boxes, Chests & Trunks",Stone/Marble,1,20.6,3700.0,8.216358332386156
Marble Inlay Square Box,"Decorative Boxes, Chests & Trunks",Stone/Marble,1,20.6,3700.0,8.216358332386156
Marble Inlay Square Box,"Decorative Boxes, Chests & Trunks",Stone/Marble,1,20.6,1760.0,7.473637108496206
Abalone Shell Craft Multi-Utility Decorative Box (Oval; Rustic Wooden Base),"Decorative Boxes, Chests & Trunks",Wood,1,20.6,3485.0,8.156510226079966
Shell Craft Multi-Utility Decorative Box (Oval; Rustic Wooden Base),"Decorative Boxes, Chests & Trunks",Wood,1,20.6,3450.0,8.146419323098003
Shell Craft Multi-Utility Decorative Box (Oval; Rustic Wooden Base),"Decorative Boxes, Chests & Trunks",Wood,1,20.6,3450.0,8.146419323098003
Shell Craft Multi-Utility Decorative Box (Oval; Rustic Wooden Base),"Decorative Boxes, Chests & Trunks",Wood,1,20.6,3450.0,8.146419323098003
Shell Craft Multi-Utility Decorative Box (Oval; Rustic Wooden Base),"Decorative Boxes, Chests & Trunks",Wood,1,20.6,3450.0,8.146419323098003
Wooden Multi-Utility Spice Box - Square (4 Sections),"Decorative Boxes, Chests & Trunks",Wood,1,20.6,990.0,6.898714534329988
Wooden Multi-Utility Spice Box - Square (4 Sections),"Decorative Boxes, Chests & Trunks",Wood,1,20.6,1560.0,7.353081920515432
Wooden Multi-Utility Spice Box - Long Rectangular (3 Sections),"Decorative Boxes, Chests & Trunks",Wood,1,20.6,1290.0,7.1631723908466425
Wooden Multi-Utility Spice Box - Square (4 Sections),"Decorative Boxes, Chests & Trunks",Wood,1,20.6,1190.0,7.0825485693553
Wooden Multi-Utility Spice Box - Rectangular (3 Sections),"Decorative Boxes, Chests & Trunks",Wood,1,20.6,1190.0,7.0825485693553
Bidri Craft Curio - Paisly Box,"Decorative Boxes, Chests & Trunks",Other,1,20.6,4200.0,8.343077871169383
"Earthen Rhythm Terracotta Decorative Hanging (12.5 cm, Handmade)",Decorative Hanging,Terracotta/Clay,1,12.5,799.0,6.684611727667927
‘Nesting Pot-Faces’ Hand-Painted Bird Decorative Hanging In Terracotta & Wood,Decorative Hanging,Terracotta/Clay,1,20.6,639.0,6.461468176353717
"Earthen Persona Terracotta Decorative Miniature Pots Showpieces (Set Of 3, Handmade)",Decorative Pots Showpiece,Terracotta/Clay,3,20.6,799.0,6.684611727667927
Terracotta Warli Handpainted Miniature White Pots Showpieces (Set Of 3),Decorative Pots Showpieces,Terracotta/Clay,3,20.6,725.0,6.587550014824796
Terracotta Warli Handpainted Miniature Yellow Pots Showpieces (Set Of 3),Decorative Pots Showpieces,Terracotta/Clay,3,20.6,749.0,6.620073206530356
Terracotta Warli Handpainted Miniature Blue Pots Showpieces (Set Of 3),Decorative Pots Showpieces,Terracotta/Clay,3,20.6,725.0,6.587550014824796
Dhokra Craft Tea Serving / Decorative Bowl - The Keeper,Decorative Trays & Plates,Other,1,20.6,2310.0,7.745435610274381
Brass Engraved Bowls - The Paisley Reverie (Set of 2),Decorative Trays & Plates,Brass,2,20.6,2140.0,7.669028288589683
Brass Engraved Bowls - The Paisley Tapestry (Set of 2),Decorative Trays & Plates,Brass,2,20.6,2140.0,7.669028288589683
Brass Engraved Bowls - A Turquoise Garden (Set of 2),Decorative Trays & Plates,Brass,2,20.6,2850.0,7.955425088912672
Brass Engraved Bowls - The Regal Pair (Set of 2),Decorative Trays & Plates,Brass,2,20.6,2810.0,7.941295570906532
Brass Engraved Bowls - Gulnaar Brass (Set of 2),Decorative Trays & Plates,Brass,2,20.6,4150.0,8.33110454805304
Brass Engraved Plate Curio - Azure Bloom,Decorative Trays & Plates,Brass,1,20.6,2940.0,7.9865049385539955
Brass Engraved Plate Curio - Muster Garden,Decorative Trays & Plates,Brass,1,20.6,2940.0,7.9865049385539955
Brass Engraved Plate Curio - Peacock Garden,Decorative Trays & Plates,Brass,1,20.6,2940.0,7.9865049385539955
Khurja Pottery Decorative Plate - Mandala Harmony (Set of 2),Decorative Trays & Plates,Ceramic,2,20.6,2430.0,7.796057974316123
Khurja Pottery Decorative Plate - Petal Grace Duo (Set of 2),Decorative Trays & Plates,Ceramic,2,20.6,2430.0,7.796057974316123
Khurja Pottery Decorative Plate - Harmony Duo (Set of 2),Decorative Trays & Plates,Ceramic,2,20.6,2430.0,7.796057974316123
Khurja Pottery Decorative Plate - Twin Noor (Set of 2),Decorative Trays & Plates,Ceramic,2,20.6,2430.0,7.796057974316123
Khurja Pottery Decorative Plate - Floral Compass,Decorative Trays & Plates,Ceramic,1,20.6,2090.0,7.645397699428633
Khurja Pottery Decorative Plate - Heritage Rosette,Decorative Trays & Plates,Ceramic,1,20.6,2090.0,7.645397699428633
Khurja Pottery Decorative Plate - Noor Blossom,Decorative Trays & Plates,Ceramic,1,20.6,2590.0,7.85979918056211
Khurja Pottery Decorative Plate - Vine Song,Decorative Trays & Plates,Ceramic,1,20.6,2090.0,7.645397699428633
Khurja Pottery Decorative Plate - Celestial Petal,Decorative Trays & Plates,Ceramic,1,20.6,2590.0,7.85979918056211
Khurja Pottery Decorative Plate - Garden Reverie,Decorative Trays & Plates,Ceramic,1,20.6,2590.0,7.85979918056211
Pichwai Inspired Jaipur Blue Pottery Decorative Plate - Mustard Glaze,Decorative Trays & Plates,Ceramic,1,20.6,1950.0,7.576097340623111
Pichwai Inspired Jaipur Blue Pottery Decorative Plate - Kamal Kamadhenu,Decorative Trays & Plates,Ceramic,1,20.6,3050.0,8.02322468471667
Jaipur Blue Pottery Decorative Plate - Botanical Silhouettes,Decorative Trays & Plates,Ceramic,1,20.6,4930.0,8.503297086224126
Jaipur Blue Pottery Decorative Plate - High Garden,Decorative Trays & Plates,Ceramic,1,20.6,5120.0,8.54110501146255
Pichwai Inspired Jaipur Blue Pottery Decorative Plate - Azure Kamdhenu,Decorative Trays & Plates,Ceramic,1,20.6,2850.0,7.955425088912672
Pichwai Inspired Jaipur Blue Pottery Decorative Plate - Terraocotta Kamdhenu,Decorative Trays & Plates,Ceramic,1,20.6,2850.0,7.955425088912672
Jaipur Blue Pottery Decorative Plate - Floral Scatter,Decorative Trays & Plates,Ceramic,1,20.6,2800.0,7.937731775260109
Pichwai Inspired Jaipur Blue Pottery Decorative Plate - Lotus Medallion,Decorative Trays & Plates,Ceramic,1,20.6,2850.0,7.955425088912672
Jaipur Blue Pottery Decorative Plate - Blue Bird,Decorative Trays & Plates,Ceramic,1,20.6,4730.0,8.461891875631148
Pichwai Inspired Jaipur Blue Pottery Decorative Plate - Radha Krishna,Decorative Trays & Plates,Ceramic,1,20.6,5090.0,8.535229553902337
Pichwai Inspired Jaipur Blue Pottery Decorative Plate - Lotus Bulb,Decorative Trays & Plates,Ceramic,1,20.6,2850.0,7.955425088912672
Pichwai Inspired Jaipur Blue Pottery Decorative Plate - Indigo Kamadhenu,Decorative Trays & Plates,Ceramic,1,20.6,2850.0,7.955425088912672
Pichwai Inspired Jaipur Blue Pottery Decorative Plate Set - Narrative in Contrast (Set of 2),Decorative Trays & Plates,Ceramic,2,20.6,5300.0,8.575650760987806
Pichwai Inspired Jaipur Blue Pottery Decorative Plate Set - Narrative in Contrast (Set of 2),Decorative Trays & Plates,Ceramic,2,20.6,5300.0,8.575650760987806
Pichwai Inspired Jaipur Blue Pottery Decorative Plate Set - Bloom in Blue (Set of 2),Decorative Trays & Plates,Ceramic,2,20.6,5300.0,8.575650760987806
Jaipur Blue Pottery Decorative Plate Set - Monochrome Story (Set of 2),Decorative Trays & Plates,Ceramic,2,20.6,9060.0,9.11173476822206
Jaipur Blue Pottery Decorative Plate Set - Cobalt Harmony (Set of 3),Decorative Trays & Plates,Ceramic,3,20.6,7740.0,8.954286157204713
Jaipur Blue Pottery Decorative Plate - White Spring,Decorative Trays & Plates,Ceramic,1,20.6,1570.0,7.359467638255621
The Gulraiz Collection. Exclusive Marble Inlay Round Decorative Plate Curio - Floral Bagh,Decorative Trays & Plates,Stone/Marble,1,20.6,3380.0,8.125926802707886
"Blue Pottery Decorative Plate in Wooden Box - Floral (Royal Blue, Yellow; 8"")",Decorative Trays & Plates,Wood,1,20.6,1450.0,7.280008252884188
Marble Inlay Round Plate Curio With Stand - Blue Medley,Decorative Trays & Plates,Stone/Marble,1,20.6,8410.0,9.037295651962438
Jaipur Blue Pottery Decorative Plate - Indigo Florals,Decorative Trays & Plates,Ceramic,1,20.6,1280.0,7.155396301896734
Jaipur Blue Pottery Decorative Plate - Regal Garden,Decorative Trays & Plates,Ceramic,1,20.6,1820.0,7.507141079727608
Jaipur Blue Pottery Decorative Plate - Royal Camel,Decorative Trays & Plates,Ceramic,1,20.6,2380.0,7.7752758464868625
Handcrafted Marble Craft Decorative Plate Curio - Gannu Bhaiya,Decorative Trays & Plates,Stone/Marble,1,20.6,2170.0,7.682943169878292
Handcrafted Marble Craft Decorative Plate Curio - Lord Ganesha,Decorative Trays & Plates,Stone/Marble,1,20.6,2170.0,7.682943169878292
"The Shahi Collection. Exclusive, Fine Kashmiri Art Decorative Wall Plate / Table Curio - Floral Maze",Decorative Trays & Plates,Other,1,20.6,3380.0,8.125926802707886
"The Gulraiz Collection. Exclusive Red Flora Marble Inlay Rectangular Trays, (Set of Two)",Decorative Trays & Plates,Stone/Marble,1,20.6,6510.0,8.781248333236862
"The Gulraiz Collection. Exclusive Blooms Marble Inlay Tray (6"" x 4'')",Decorative Trays & Plates,Stone/Marble,1,20.6,4030.0,8.301769763117166
The Gulraiz Collection. Exclusive Floral Duo Marble Inlay Trays (Set of Two),Decorative Trays & Plates,Stone/Marble,1,20.6,5890.0,8.681181041521688
The Gulraiz Collection. Exclusive Blue Bloom Marble Inlay Trays (Set of Two),Decorative Trays & Plates,Stone/Marble,1,20.6,6410.0,8.765770543987257
"The Gulraiz Collection. Exclusive Turquoise Bloom Marble Inlay Tray (4"" x 5'')",Decorative Trays & Plates,Stone/Marble,1,20.6,3170.0,8.061802274538348
"The Gulraiz Collection. Exclusive Blue Bloom Marble Inlay Tray (4"" x 5'')",Decorative Trays & Plates,Stone/Marble,1,20.6,3170.0,8.061802274538348
"The Gulraiz Collection. Exclusive Red Bloom Marble Inlay Tray (4"" x 5'')",Decorative Trays & Plates,Stone/Marble,1,20.6,3170.0,8.061802274538348
Engraved Brass Bowl Curio Set,Decorative Trays & Plates,Brass,1,20.6,2170.0,7.682943169878292
Engraved Brass Bowl Curio Set,Decorative Trays & Plates,Brass,1,20.6,1960.0,7.581209826196346
Engraved Brass Bowl Curio Set,Decorative Trays & Plates,Brass,1,20.6,2170.0,7.682943169878292
Brass Engraved Bowl Curio,Decorative Trays & Plates,Brass,1,20.6,2050.0,7.62608275807238
Jaipur Blue Pottery Decorative Plate in Wooden Box - Yellow Camel,Decorative Trays & Plates,Wood,1,20.6,2080.0,7.640603826393634
"Blue Pottery Decorative Plate in Wooden Box - Cow (Pale Blue; 8"")",Decorative Trays & Plates,Wood,1,20.6,1450.0,7.280008252884188
Marble Inlay Round Plate Curio with Stand,Decorative Trays & Plates,Stone/Marble,1,20.6,7850.0,8.968396191198256
Marble Inlay Round Plate Curio with Stand,Decorative Trays & Plates,Stone/Marble,1,20.6,7850.0,8.968396191198256
Marble Inlay Round Plate Curio with Stand,Decorative Trays & Plates,Stone/Marble,1,20.6,9130.0,9.11943049661634
Marble Inlay Round Plate Curio with Stand,Decorative Trays & Plates,Stone/Marble,1,20.6,8600.0,9.059633754551479
Marble Inlay Round Plate Curio with Stand,Decorative Trays & Plates,Stone/Marble,1,20.6,8160.0,9.007121989469242
Handcrafted Wood Inlay Desk Organiser - White Peacocks,Desk Sets & Accessories,Wood,1,20.6,2490.0,7.820439515262181
Hand Rendered Madhubani Papier Mache Organiser Tray - Wise Fish,Desk Sets & Accessories,Other,1,20.6,1010.0,6.918695219020472
Hand Rendered Madhubani Papier Mache Organiser Trays - Piscine Pond (Set of Two),Desk Sets & Accessories,Other,1,20.6,1270.0,7.147559271189454
Hand Rendered Madhubani Papier Mache Organiser Trays - Kamal Jaal (Set of Two),Desk Sets & Accessories,Other,1,20.6,1500.0,7.313886831633462
Hand Rendered Madhubani Papier Mache Organiser Trays - Mor Bagh (Set of Two),Desk Sets & Accessories,Other,1,20.6,1680.0,7.427144133408616
Hand Rendered Madhubani Papier Mache Organiser Trays - Aquarium (Set of Two),Desk Sets & Accessories,Other,1,20.6,1270.0,7.147559271189454
Hand Rendered Madhubani Papier Mache Organiser Trays - Mayur Joda (Set of Two),Desk Sets & Accessories,Other,1,20.6,1680.0,7.427144133408616
Exclusive Handcrafted Tarakashi Wooden Desk Set - The Paisley (2 Pc Set),Desk Sets & Accessories,Wood,1,20.6,3940.0,8.279189777195004
Bidri Craft Paper Cutter (Fish),Desk Sets & Accessories,Other,1,20.6,1900.0,7.550135342488429
Exclusive Jaali Wood Craft Book Ends (Set of 2),Desk Sets & Accessories,Wood,2,20.6,5450.0,8.603554357064281
Exclusive Wooden Engraved Desk Set - Paisley (2 Pc Set),Desk Sets & Accessories,Wood,1,20.6,3600.0,8.188966863648876
Exclusive Handcrafted Tarakashi Wooden Desk Set - Paisley (2 Pc Set),Desk Sets & Accessories,Wood,1,20.6,3940.0,8.279189777195004
Kashmiri Art Desk Set - Cream Royale,Desk Sets & Accessories,Other,1,20.6,2660.0,7.886457270977689
Kashmiri Art Desk Set - Beige Ornate,Desk Sets & Accessories,Other,1,20.6,1040.0,6.947937068614969
Kashmiri Art Desk Set - Beige Paisley,Desk Sets & Accessories,Other,1,20.6,1040.0,6.947937068614969
Madhubani Art Papier Mache Desk Set (2 Pc Set),Desk Sets & Accessories,Other,1,20.6,1760.0,7.473637108496206
Jaali Craft Wooden Desk Caddy - Sleek Holder,Desk Sets & Accessories,Wood,1,20.6,2450.0,7.804251383528112
"Exclusive, Fine Kashmiri Art Desk Set - Red Polo (Set of 3)",Desk Sets & Accessories,Other,3,20.6,3150.0,8.055475141757274
"Exclusive, Fine Kashmiri Art Desk Set - Red Expedition (Set of 3)",Desk Sets & Accessories,Other,3,20.6,4620.0,8.438366410870266
"Exclusive, Fine Kashmiri Art Desk Set - Blue Expedition (Set of 3)",Desk Sets & Accessories,Other,3,20.6,4150.0,8.33110454805304
Tarakashi Wooden Inlay Pen Holder - Stars,Desk Sets & Accessories,Wood,1,20.6,1570.0,7.359467638255621
Tarakashi Wooden Inlay Pen Holder - Abstract,Desk Sets & Accessories,Wood,1,20.6,1570.0,7.359467638255621
Tarakashi Wooden Inlay Pen Holder - Floral,Desk Sets & Accessories,Wood,1,20.6,1570.0,7.359467638255621
Floral Tapestry Marble Inlay Desk Curio,Desk Sets & Accessories,Stone/Marble,1,20.6,4050.0,8.30671904320269
Floral Tapestry Marble Inlay Desk Curio,Desk Sets & Accessories,Stone/Marble,1,20.6,4050.0,8.30671904320269
Soapstone Filigree Pen Holder,Desk Sets & Accessories,Stone/Marble,1,20.6,1870.0,7.534228326274089
Soapstone Filigree Pen Holder,Desk Sets & Accessories,Stone/Marble,1,20.6,1870.0,7.534228326274089
Exclusive Jaali Wood Craft Desk Caddy,Desk Sets & Accessories,Wood,1,20.6,4450.0,8.400884069015854
Exclusive Jaali Wood Craft Paper Holder - Square,Desk Sets & Accessories,Wood,1,20.6,2950.0,7.989899374942939
Intricate Jaali Wood Craft Stationery Holder - Mughal Ornate,Desk Sets & Accessories,Wood,1,20.6,2550.0,7.844240718141811
Tarakashi Wooden Inlay Coaster Box,Desk Sets & Accessories,Wood,1,20.6,1860.0,7.528869256642251
Fine Kashmiri Art Pen Stands (Set of 2) - Flora,Desk Sets & Accessories,Other,2,20.6,930.0,6.836259277277067
Rajasthani Miniature Art Stationery Holder - Pink Camel,Desk Sets & Accessories,Other,1,20.6,940.0,6.846943139585379
Handcrafted Wooden Engraved Paper Holder - Red,Desk Sets & Accessories,Wood,1,20.6,2430.0,7.796057974316123
Bidri Craft Paper Cutter - Elephant,Desk Sets & Accessories,Other,1,20.6,1900.0,7.550135342488429
Bidri Craft Set - Paper Cutter & Paper Weight,Desk Sets & Accessories,Other,1,20.6,3380.0,8.125926802707886
Bidri Craft Paper Weight - Round,Desk Sets & Accessories,Other,1,20.6,1900.0,7.550135342488429
Bidri Craft Curio - Card Holder,Desk Sets & Accessories,Other,1,20.6,3380.0,8.125926802707886
Bidri Craft Curio - Ornate Pen Holder,Desk Sets & Accessories,Other,1,20.6,3380.0,8.125926802707886
Bidri Craft Curio - Pen Holder,Desk Sets & Accessories,Other,1,20.6,3380.0,8.125926802707886
"Dhokra Craft Stationery Stand, Spider Web",Desk Sets & Accessories,Other,1,20.6,2210.0,7.701200180857446
"Dhokra Craft Stationery Stand, The Web",Desk Sets & Accessories,Other,1,20.6,2210.0,7.701200180857446
The India Craft House Wooden Jaali Desk Clock,Desk Sets & Accessories,Wood,1,20.6,1980.0,7.591357046698551
Warli Art Decorative Utility Box - Maroon,Desk Sets & Accessories,Other,1,20.6,1420.0,7.259116128097101
Bidri Craft Bookmark - Jaali,Desk Sets & Accessories,Other,1,20.6,1900.0,7.550135342488429
"Kashmiri Art Papier Mache Desk Set - Coaster Set  & Pen Stand, Gold Bloom",Desk Sets & Accessories,Other,1,20.6,1350.0,7.208600337960199
"Kashmiri Art Papier Mache Desk Set - Coaster Set  & Pen Stand, Bloom",Desk Sets & Accessories,Other,1,20.6,1350.0,7.208600337960199
The India Craft House Jaali Hexagonal Desk Clock,Desk Sets & Accessories,Other,1,20.6,1980.0,7.591357046698551
"The India Craft House Intricate, Wooden Jaali Round Desk Clock",Desk Sets & Accessories,Wood,1,20.6,1980.0,7.591357046698551
"The India Craft House Intricate, Wooden Jaali Elephant Desk Clock",Desk Sets & Accessories,Wood,1,20.6,1980.0,7.591357046698551
"The India Craft House Intricate, Wooden Jaali Rectangle Desk Clock",Desk Sets & Accessories,Wood,1,20.6,1980.0,7.591357046698551
"The India Craft House Intricate, Wooden Jaali Rectangle Desk Clock",Desk Sets & Accessories,Wood,1,20.6,1980.0,7.591357046698551
"The India Craft House Intricate, Wooden Jaali Card and Paper Holder (Set of 2)",Desk Sets & Accessories,Wood,2,20.6,2650.0,7.8826922062890254
"The India Craft House Intricate, Wooden Jaali Elephant Pen Stand with Clock",Desk Sets & Accessories,Wood,1,20.6,3650.0,8.202756381655638
Madhubani Art Papier Mache - Stationery Stands (Set of 2),Desk Sets & Accessories,Other,2,20.6,860.0,6.7580945044277305
Wooden Jaali Book Mark,Desk Sets & Accessories,Wood,1,20.6,720.0,6.580639137284949
Wooden Jaali Book Mark,Desk Sets & Accessories,Wood,1,20.6,720.0,6.580639137284949
Wooden Jaali Rectangular Pen Stand,Desk Sets & Accessories,Wood,1,20.6,1850.0,7.523481312573497
Wooden Jaali DeskTray,Desk Sets & Accessories,Wood,1,20.6,1850.0,7.523481312573497
Wooden Jaali Elephant Desk Clock,Desk Sets & Accessories,Wood,1,20.6,1980.0,7.591357046698551
Wooden Jaali Stationery / Paper Holder,Desk Sets & Accessories,Wood,1,20.6,2450.0,7.804251383528112
Wooden Jaali Paisley Pen Stand,Desk Sets & Accessories,Wood,1,20.6,2750.0,7.919719760924575
Wooden Jaali Elephant Pen Stand - Long,Desk Sets & Accessories,Wood,1,20.6,2850.0,7.955425088912672
Wooden Jaali Elephant Pen Stand,Desk Sets & Accessories,Wood,1,20.6,2850.0,7.955425088912672
Wooden Jaali Stationery / Paper Holder,Desk Sets & Accessories,Wood,1,20.6,3250.0,8.086717920303906
Wooden Jaali Stationery / Paper Holder,Desk Sets & Accessories,Wood,1,20.6,3250.0,8.086717920303906
Wooden Jaali Stationery / Paper Holder,Desk Sets & Accessories,Wood,1,20.6,3950.0,8.281723990411392
Wooden Jaali Stationery / Paper Holder,Desk Sets & Accessories,Wood,1,20.6,3950.0,8.281723990411392
Wooden Jaali Elephant Stationery Stand & Clock,Desk Sets & Accessories,Wood,1,20.6,3950.0,8.281723990411392
"Wooden Jaali Desk Set - Pen Stand, Tray & Card Holder (Set of 3)",Desk Sets & Accessories,Wood,3,20.6,4560.0,8.4252971767117
"Wooden Jaali Desk Set - Elephant Pen Stand, Tray (Set of 2)",Desk Sets & Accessories,Wood,2,20.6,4650.0,8.444837529224097
"Wooden Jaali Desk Set - Pen Stand Square, Tray & Card Holder & Pin / Key Holder (Set of 4)",Desk Sets & Accessories,Wood,4,20.6,4650.0,8.444837529224097
Bidri Craft Card Holder,Desk Sets & Accessories,Other,1,20.6,3870.0,8.261268150577648
Bidri Craft Pen Stand - Round,Desk Sets & Accessories,Other,1,20.6,3380.0,8.125926802707886
Carved Filigree Stone Pen Stand,Desk Sets & Accessories,Stone/Marble,1,20.6,1100.0,7.00397413672268
Marble Inlay Pen Stand,Desk Sets & Accessories,Stone/Marble,1,20.6,1590.0,7.372118028337787
Bastar Tribal Art Card Holder,Desk Sets & Accessories,Other,1,20.6,814.0,6.703188113240863
Wooden Jaali Desk Set (3 pc Set),Desk Sets & Accessories,Wood,1,20.6,3650.0,8.202756381655638
Wooden Jaali Desk Set (2 pc Set),Desk Sets & Accessories,Wood,1,20.6,2650.0,7.8826922062890254
Wooden Jaali Stationery Holder,Desk Sets & Accessories,Wood,1,20.6,1950.0,7.576097340623111
Wooden Jaali Desk Set (2 pc Set),Desk Sets & Accessories,Wood,1,20.6,2650.0,7.8826922062890254
Wooden Jaali Desk Set (4 pc Set),Desk Sets & Accessories,Wood,1,20.6,4750.0,8.46611040118692
Dhokra Craft Stationery Holder - Jaali,Desk Sets & Accessories,Other,1,20.6,2550.0,7.844240718141811
Dhokra Craft Stationery Holder - Jaali,Desk Sets & Accessories,Other,1,20.6,2550.0,7.844240718141811
Bamboo Wooden Stationery Holder,Desk Sets & Accessories,Wood,1,20.6,350.0,5.860786223465865
"'Heart Confetti' Hand-Painted Ceramic Dessert Plates (Set of 4, Microwave Safe)",Dessert Plate,Ceramic,4,20.6,999.0,6.907755278982137
"'Tulip Bloom' Hand-Painted Ceramic Dessert Plates (Set of 4, Microwave Safe)",Dessert Plate,Ceramic,4,20.6,999.0,6.907755278982137
"'Nazar Na Lage' Hand-Painted Ceramic Dessert Plates (Set of 4, Microwave Safe)",Dessert Plate,Ceramic,4,20.6,999.0,6.907755278982137
Handwoven Kilim Rug - Ember Chevron,Dhurries & Rugs,Other,1,20.6,19370.0,9.871532381294577
Handwoven Kilim Rug - Teal Garden,Dhurries & Rugs,Other,1,20.6,19370.0,9.871532381294577
Handwoven Kilim Rug - Rust Medallion,Dhurries & Rugs,Other,1,20.6,12420.0,9.427143867544194
Handwoven Kilim Rug - Layered Diamonds,Dhurries & Rugs,Other,1,20.6,12420.0,9.427143867544194
Handwoven Kilim Rug - Ivory Folk,Dhurries & Rugs,Other,1,20.6,12420.0,9.427143867544194
Handwoven Kilim Rug - Rose Meadow,Dhurries & Rugs,Other,1,20.6,12420.0,9.427143867544194
Handwoven Kilim Rug - Turquoise Garden,Dhurries & Rugs,Other,1,20.6,12420.0,9.427143867544194
Handwoven Kilim Rug - Crimson Folk,Dhurries & Rugs,Other,1,20.6,12420.0,9.427143867544194
Handwoven Kilim Rug - Indigo Trellis,Dhurries & Rugs,Other,1,20.6,6600.0,8.79497643168877
Handwoven Kilim Rug - Scarlet Medallion,Dhurries & Rugs,Other,1,20.6,12420.0,9.427143867544194
Handwoven Kilim Rug - Ocean Prism,Dhurries & Rugs,Other,1,20.6,8290.0,9.022925868116218
Handwoven Kilim Rug - Sunset Prism,Dhurries & Rugs,Other,1,20.6,8290.0,9.022925868116218
Handwoven Kilim Rug - Green Gradience,Dhurries & Rugs,Other,1,20.6,8290.0,9.022925868116218
Handwoven Kilim Rug - Ivory field,Dhurries & Rugs,Other,1,20.6,14670.0,9.593628035139645
Handwoven Kilim Rug - Blue Gradience,Dhurries & Rugs,Other,1,20.6,8290.0,9.022925868116218
Handwoven Kilim Rug - Terracotta Field,Dhurries & Rugs,Terracotta/Clay,1,20.6,19370.0,9.871532381294577
Handwoven Kilim Rug - Cream Bouquet,Dhurries & Rugs,Other,1,20.6,26890.0,10.199546937117361
Handwoven Kilim Rug - Bold Medallion,Dhurries & Rugs,Other,1,20.6,19370.0,9.871532381294577
Handwoven Kilim Rug - Soft Yellow Field,Dhurries & Rugs,Other,1,20.6,23130.0,10.0489289881863
Handwoven Kilim Rug - Red Floral,Dhurries & Rugs,Other,1,20.6,19370.0,9.871532381294577
Handwoven Kilim Rug - Blue Angled,Dhurries & Rugs,Other,1,20.6,23130.0,10.0489289881863
Handwoven Kilim Rug - Little Stars,Dhurries & Rugs,Other,1,20.6,12420.0,9.427143867544194
Handwoven Kilim Rug - Red Diamonds,Dhurries & Rugs,Other,1,20.6,12420.0,9.427143867544194
Handwoven Kilim Rug - Colourful Medallion,Dhurries & Rugs,Other,1,20.6,12420.0,9.427143867544194
Handwoven Kilim Rug - Geometric Borders (Length 6ft x Width 4ft),Dhurries & Rugs,Other,1,20.6,23130.0,10.0489289881863
Handwoven Kilim Rug - Candy Mosaic (Length 5ft x Width 3ft),Dhurries & Rugs,Other,1,20.6,14700.0,9.595670797663967
Handwoven Kilim Rug - Charcoal Layers (Length 6 ft x Width 2ft),Dhurries & Rugs,Other,1,20.6,10200.0,9.23024103368252
Handwoven Kilim Rug - Sapphire Heritage Medallion (Length 6 ft x Width 2ft),Dhurries & Rugs,Other,1,20.6,10200.0,9.23024103368252
Handwoven Kilim Rug - Tribal Grid (Length 6 ft x Width 2ft),Dhurries & Rugs,Other,1,20.6,10200.0,9.23024103368252
Handwoven Kilim Rug - Diamond Mosaic (Length 6ft x Width 2ft),Dhurries & Rugs,Other,1,20.6,10200.0,9.23024103368252
Handwoven Kilim Rug - Ember Gradient (Length 6ft x Width 2ft).,Dhurries & Rugs,Other,1,20.6,8320.0,9.02653771890043
Handwoven Kilim Rug - Tribal Bands (Length 6ft x Width 2ft),Dhurries & Rugs,Other,1,20.6,10200.0,9.23024103368252
Handwoven Kilim Rug - Sunset Medallion (Length 6ft x Width 2ft),Dhurries & Rugs,Other,1,20.6,8880.0,9.091669442258505
Handwoven Kilim Rug - Powder Blue Trellis (Length 6ft x Width 2ft).,Dhurries & Rugs,Other,1,20.6,5500.0,8.612685172875459
Handwoven Kilim Rug - Tribal Mosaic (Length 6ft x Width 4ft),Dhurries & Rugs,Other,1,20.6,19370.0,9.871532381294577
Handwoven Kilim Rug - Colour Block (Length 6ft x Width 2ft),Dhurries & Rugs,Other,1,20.6,6250.0,8.740496729931813
Handwoven Kilim Rug - Nomadic Stripes (Length 6ft x Width 2ft),Dhurries & Rugs,Other,1,20.6,10200.0,9.23024103368252
Handwoven Kilim Rug - Tribal Panels (Length 5ft x Width 3ft),Dhurries & Rugs,Other,1,20.6,13190.0,9.48729005784892
Handwoven Kilim Rug - Ivory Tribal Medallion (Length 5ft x Width 3ft),Dhurries & Rugs,Other,1,20.6,12080.0,9.399389249519563
Handwoven Kilim Rug - Crimson Floral Vine (Length 5ft x Width 3ft),Dhurries & Rugs,Other,1,20.6,14700.0,9.595670797663967
Handwoven Kilim Rug - Aqua Floral Vine (Length 6ft x Width 4ft),Dhurries & Rugs,Other,1,20.6,23130.0,10.0489289881863
Exclusive Handmade Jute Mirzapur Dhurrie Rug  - Chandan Bagh (6ft x 4ft),Dhurries & Rugs,Jute,1,20.6,18740.0,9.838468916161679
Exclusive Handmade Wool & Cotton Mirzapur Dhurrie Rug  - Charbagh (6ft x 4ft),Dhurries & Rugs,Cotton,1,20.6,18740.0,9.838468916161679
Exclusive Handmade Wool & Cotton Mirzapur Dhurrie Rug  - Sand Dunes (6ft x 4ft),Dhurries & Rugs,Cotton,1,20.6,11070.0,9.312084355859467
Exclusive Handmade Wool & Cotton Mirzapur Dhurrie Rug  - Rangjaal (5ft x 3ft),Dhurries & Rugs,Cotton,1,20.6,12280.0,9.415808631610384
Exclusive Handmade Wool & Cotton Mirzapur Dhurrie Rug  - Gulaabi Spectrum (5ft x 3ft),Dhurries & Rugs,Cotton,1,20.6,9460.0,9.154933364704444
Exclusive Handmade Wool & Cotton Mirzapur Dhurrie Rug  - Riverdale (5ft x 3ft),Dhurries & Rugs,Cotton,1,20.6,12280.0,9.415808631610384
Exclusive Handmade Wool & Cotton Mirzapur Dhurrie Rug  - Olive Acres (5ft x 3ft),Dhurries & Rugs,Cotton,1,20.6,13690.0,9.524493961633755
Exclusive Handmade Wool & Cotton Mirzapur Dhurrie Rug  - Red Hues (6ft x 2ft),Dhurries & Rugs,Cotton,1,20.6,8460.0,9.0432226489245
Exclusive Handmade Woolen Mirzapur Dhurrie Rug - Red Forest (6ft x 2ft),Dhurries & Rugs,Wool,1,20.6,12030.0,9.395241931033524
Exclusive Handmade Wool & Cotton Mirzapur Dhurrie Rug - Snow Garden (6ft x 2ft),Dhurries & Rugs,Cotton,1,20.6,8460.0,9.0432226489245
Exclusive Handmade Wool & Cotton Mirzapur Dhurrie Rug  - Rust Loom Story (6ft x 2ft),Dhurries & Rugs,Cotton,1,20.6,10150.0,9.225327501784431
Exclusive Handmade Wool & Cotton Mirzapur Dhurrie Rug  - Moonstep Well (6ft x 2ft),Dhurries & Rugs,Cotton,1,20.6,6960.0,8.848078421168667
Exclusive Handmade Wool & Cotton Mirzapur Dhurrie Rug  - Ivory Garden (6ft x 2ft),Dhurries & Rugs,Cotton,1,20.6,8460.0,9.0432226489245
Exclusive Handmade Wool & Cotton Mirzapur Dhurrie Rug  - Prism Peaks (6ft x 2ft),Dhurries & Rugs,Cotton,1,20.6,6390.0,8.762646029650282
Exclusive Handmade Wool & Cotton Mirzapur Dhurrie Rug - Gulnaar Garden (6ft x 2ft),Dhurries & Rugs,Cotton,1,20.6,8460.0,9.0432226489245
Handwoven Premium Woolen Mirzapur Dhurrie - Rustic Heritage,Dhurries & Rugs,Wool,1,20.6,11460.0,9.346705246496699
Exclusive Handmade Wool & Cotton Mirzapur Dhurrie Rug - Pastel Geometry,Dhurries & Rugs,Cotton,1,20.6,10150.0,9.225327501784431
Exclusive Handmade Wool & Cotton Mirzapur Dhurrie Rug - Mystic Bands,Dhurries & Rugs,Cotton,1,20.6,7330.0,8.899867211223587
Exclusive Handmade Wool & Cotton Mirzapur Dhurrie Rug - Jute Facets,Dhurries & Rugs,Cotton,1,20.6,10150.0,9.225327501784431
Exclusive Handmade Wool & Cotton Mirzapur Dhurrie Rug - Red Florets,Dhurries & Rugs,Cotton,1,20.6,10150.0,9.225327501784431
Exclusive Handmade Wool & Cotton Mirzapur Dhurrie Rug - Indigo Garden,Dhurries & Rugs,Cotton,1,20.6,11560.0,9.355392643675321
Exclusive Handmade Wool & Cotton Mirzapur Dhurrie Rug - Sunlit Flora,Dhurries & Rugs,Cotton,1,20.6,11560.0,9.355392643675321
Exclusive Handmade Wool & Cotton Mirzapur Dhurrie Rug - Beige Geometric,Dhurries & Rugs,Cotton,1,20.6,10150.0,9.225327501784431
Exclusive Handmade Jute Mirzapur Dhurrie Rug - Snow Mist Garden,Dhurries & Rugs,Jute,1,20.6,11560.0,9.355392643675321
Exclusive Handmade Jute Mirzapur Dhurrie Rug - Sage Floral,Dhurries & Rugs,Jute,1,20.6,11560.0,9.355392643675321
Exclusive Handmade Jute Mirzapur Dhurrie Rug - Olive Geometry,Dhurries & Rugs,Jute,1,20.6,10150.0,9.225327501784431
Exclusive Handmade Jute Mirzapur Dhurrie Rug - Desert Mosaic,Dhurries & Rugs,Jute,1,20.6,11080.0,9.312987208936326
Exclusive Handmade Jute Mirzapur Dhurrie Rug - Ivory Medallion,Dhurries & Rugs,Jute,1,20.6,11080.0,9.312987208936326
Handwoven Premium Cotton Warangal Dhurrie - Kirti Toran (L 5 ft x W 3 ft),Dhurries & Rugs,Cotton,1,20.6,4100.0,8.31898612539206
Handwoven Premium Cotton Warangal Dhurrie - Bhadrakali (L 5 ft x W 3 ft),Dhurries & Rugs,Cotton,1,20.6,4100.0,8.31898612539206
Handwoven Premium Cotton Warangal Dhurrie - Pakhal Leher (L 5 ft x W 3 ft),Dhurries & Rugs,Cotton,1,20.6,4100.0,8.31898612539206
Handwoven Premium Cotton Warangal Dhurrie - Ramappa Jaali (L 5 ft x W 3 ft),Dhurries & Rugs,Cotton,1,20.6,4100.0,8.31898612539206
Handwoven Premium Cotton Warangal Dhurrie - Kakatiya Neel (L 5 ft x W 3 ft),Dhurries & Rugs,Cotton,1,20.6,4100.0,8.31898612539206
Handwoven Premium Cotton Warangal Dhurrie - Orugallu Rekha (L 5 ft x W 3 ft),Dhurries & Rugs,Cotton,1,20.6,4100.0,8.31898612539206
Handwoven Jawaja Small Rug - Cool Stripes (3ft x 1.5ft),Dhurries & Rugs,Other,1,20.6,2870.0,7.962415680121064
Handwoven Jawaja Small Rug - Cream Lines (3ft x 1.5ft),Dhurries & Rugs,Other,1,20.6,2870.0,7.962415680121064
Handwoven Jawaja Small Rug - Brown Squares (2ft x 2ft),Dhurries & Rugs,Other,1,20.6,2780.0,7.930565854233965
Handwoven Jawaja Small Rug - Cool Lines (2ft x 2ft),Dhurries & Rugs,Other,1,20.6,2780.0,7.930565854233965
Handwoven Jawaja Small Rug - Brown Pattern (2ft x 2ft),Dhurries & Rugs,Other,1,20.6,2780.0,7.930565854233965
Handwoven Jawaja Small Rug - Black Squares (2ft x 2ft),Dhurries & Rugs,Other,1,20.6,2780.0,7.930565854233965
Handwoven Jawaja Small Rug - Zebra Tones (2ft x 2ft),Dhurries & Rugs,Other,1,20.6,2780.0,7.930565854233965
Handwoven Jawaja Small Rug - Black Geomterics (2ft x 2ft),Dhurries & Rugs,Other,1,20.6,2780.0,7.930565854233965
Handwoven Jawaja Small Rug - Cream Linear (2ft x 2ft),Dhurries & Rugs,Other,1,20.6,2780.0,7.930565854233965
Handwoven Jawaja Small Rug - Brown Tones (2ft x 2ft),Dhurries & Rugs,Other,1,20.6,2780.0,7.930565854233965
Handwoven Jawaja Small Rug - Olive Tones (2ft x 2ft),Dhurries & Rugs,Other,1,20.6,2780.0,7.930565854233965
Handwoven Jawaja Small Rug - Black Lines (2ft x 2ft),Dhurries & Rugs,Other,1,20.6,2780.0,7.930565854233965
Handwoven Jawaja Small Rug - Cool Tones (3ft x 1.5ft),Dhurries & Rugs,Other,1,20.6,2870.0,7.962415680121064
Handwoven Jawaja Small Rug - Vibrant Hues (3ft x 1.5ft),Dhurries & Rugs,Other,1,20.6,2870.0,7.962415680121064
Handwoven Jawaja Small Rug - Summer Hues (3ft x 1.5ft),Dhurries & Rugs,Other,1,20.6,2870.0,7.962415680121064
Handwoven Jawaja Slim Rug - Cream Lines (5ft x 2ft),Dhurries & Rugs,Other,1,20.6,7240.0,8.88751459738882
Handwoven Jawaja Slim Rug - Blue Stripes (5ft x 2ft),Dhurries & Rugs,Other,1,20.6,7240.0,8.88751459738882
Handwoven Jawaja Slim Rug - Warm Patterns (5ft x 2ft),Dhurries & Rugs,Other,1,20.6,7240.0,8.88751459738882
Handwoven Jawaja Slim Rug - Blue Patterns (5ft x 2ft),Dhurries & Rugs,Other,1,20.6,7240.0,8.88751459738882
Handwoven Jawaja Slim Rug - Beige Shades (5ft x 2ft),Dhurries & Rugs,Other,1,20.6,5310.0,8.577535420422398
Handwoven Jawaja Slim Rug - Blue Panels (5ft x 2ft),Dhurries & Rugs,Other,1,20.6,7240.0,8.88751459738882
Handwoven Jawaja Slim Rug - Cream Panels (5ft x 2ft),Dhurries & Rugs,Other,1,20.6,5310.0,8.577535420422398
Handwoven Jawaja Slim Rug - Black Stripes (5ft x 2ft),Dhurries & Rugs,Other,1,20.6,7240.0,8.88751459738882
Handwoven Jawaja Rug - Beige Diagonals (5ft x 3ft),Dhurries & Rugs,Other,1,20.6,7240.0,8.88751459738882
Handwoven Jawaja Rug - Cream Stripes (5ft x 3ft),Dhurries & Rugs,Other,1,20.6,8900.0,9.093918908958932
Handwoven Jawaja Rug - Slim Stripes (5ft x 3ft),Dhurries & Rugs,Other,1,20.6,8900.0,9.093918908958932
Handwoven Jawaja Rug - Blue Diagonals (5ft x 3ft),Dhurries & Rugs,Other,1,20.6,10340.0,9.243871855184976
Handwoven Jawaja Rug - Warm Tones (5ft x 3ft),Dhurries & Rugs,Other,1,20.6,8900.0,9.093918908958932
Handwoven Jawaja Rug - Black Impact (5ft x 3ft),Dhurries & Rugs,Other,1,20.6,10340.0,9.243871855184976
Handwoven Jawaja Rug - Red Hues (5ft x 3ft),Dhurries & Rugs,Other,1,20.6,7460.0,8.917444732471514
Handwoven Jawaja Rug - Beige Zigzags (6ft x 4ft),Dhurries & Rugs,Other,1,20.6,15800.0,9.6678285081515
Handwoven Jawaja Rug - Blue Zigzags (5ft x 3ft),Dhurries & Rugs,Other,1,20.6,10340.0,9.243871855184976
Handwoven Jawaja Rug - Shades of Brown (6ft x 4ft),Dhurries & Rugs,Other,1,20.6,19350.0,9.870499376709148
Handwoven Jawaja Rug - Warm Hues (6ft x 4ft),Dhurries & Rugs,Other,1,20.6,15800.0,9.6678285081515
Handwoven Jawaja Rug - Beige Panels (6ft x 4ft),Dhurries & Rugs,Other,1,20.6,15800.0,9.6678285081515
Handwoven Jawaja Rug - Beige Stripes (6ft x 4ft),Dhurries & Rugs,Other,1,20.6,15800.0,9.6678285081515
Hand Felted & Embroidered Kashmiri Namda Woollen Meditation / Yoga Rug,Dhurries & Rugs,Wool,1,20.6,7870.0,8.97094039814245
Handwoven Kilim Long Runner Rug (6 x 2 ft) - Zigzags,Dhurries & Rugs,Other,1,20.6,7270.0,8.891649112650057
Handwoven Kilim Long Runner Rug (6 x 2 ft) - Zigzags,Dhurries & Rugs,Other,1,20.6,7270.0,8.891649112650057
Handwoven Kilim Long Runner Rug (6 x 2 ft),Dhurries & Rugs,Other,1,20.6,6450.0,8.771990436532242
Handwoven Kilim  Long Runner Rug (6 x 2 ft) - Geometric,Dhurries & Rugs,Other,1,20.6,7270.0,8.891649112650057
Handwoven Kilim Long Runner Rug (6 x 2 ft) - Floral,Dhurries & Rugs,Other,1,20.6,6450.0,8.771990436532242
Handwoven Kilim  Long Runner Rug (6 x 2 ft) - Geometric,Dhurries & Rugs,Other,1,20.6,7270.0,8.891649112650057
Handwoven Kilim Long Runner Rug (6 x 2 ft) - Floral,Dhurries & Rugs,Other,1,20.6,6450.0,8.771990436532242
Handwoven Kilim Long Runner Rug (6 x 2 ft) - Geometric,Dhurries & Rugs,Other,1,20.6,7330.0,8.899867211223587
Handwoven Kilim Long Runner Rug (6 x 2 ft),Dhurries & Rugs,Other,1,20.6,9340.0,9.14216859187285
Handwoven Kilim Rug (6 x 4 ft) - Zigzags,Dhurries & Rugs,Other,1,20.6,15310.0,9.636326803305096
Handwoven Kilim Rug (6 x 4 ft) - Zigzags,Dhurries & Rugs,Other,1,20.6,15310.0,9.636326803305096
Handwoven Kilim Rug (6 x 4 ft),Dhurries & Rugs,Other,1,20.6,10800.0,9.287394001418473
Handwoven Kilim Rug (6 x 4 ft) - Geometric,Dhurries & Rugs,Other,1,20.6,15310.0,9.636326803305096
Handwoven Kilim Rug (6 x 4 ft) - Persian Floral,Dhurries & Rugs,Other,1,20.6,19400.0,9.873079890114703
Handwoven Kilim Rug (6 x 4 ft) - Floral,Dhurries & Rugs,Other,1,20.6,17210.0,9.75330399326998
Handwoven Kilim Rug (6 x 4 ft) - Geometric,Dhurries & Rugs,Other,1,20.6,15310.0,9.636326803305096
Handwoven Kilim Rug (6 x 4 ft) - Floral,Dhurries & Rugs,Other,1,20.6,10800.0,9.287394001418473
Handwoven Kilim Rug (6 x 4 ft) - Geometric,Dhurries & Rugs,Other,1,20.6,15310.0,9.636326803305096
Handwoven Kilim Rug (6 x 4 ft) - Geometric,Dhurries & Rugs,Other,1,20.6,15310.0,9.636326803305096
Handwoven Kilim Rug (6 x 4 ft) - Zigzags,Dhurries & Rugs,Other,1,20.6,15310.0,9.636326803305096
Handwoven Kilim Rug (6 x 4 ft),Dhurries & Rugs,Other,1,20.6,17210.0,9.75330399326998
Handwoven Kilim Rug (8 x 5 ft) - Geometric,Dhurries & Rugs,Other,1,20.6,21280.0,9.965569934832672
Handwoven Kilim Rug (8 x 5 ft) - Zigzags,Dhurries & Rugs,Other,1,20.6,25420.0,10.143330883072752
Handwoven Kilim Rug (5 x 3 ft),Dhurries & Rugs,Other,1,20.6,11910.0,9.385217621880901
Handwoven Kilim Rug (5 x 3 ft) - Zigzags,Dhurries & Rugs,Other,1,20.6,9010.0,9.106201332235038
Handwoven KIlim Rug (5 x 3 ft) - Geometric,Dhurries & Rugs,Other,1,20.6,9340.0,9.14216859187285
Handwoven Kilim Rug (5 x 3 ft),Dhurries & Rugs,Other,1,20.6,13320.0,9.497097016351463
Handwoven Kilim Rug (5 x 3 ft),Dhurries & Rugs,Other,1,20.6,12200.0,9.409273194575334
Handwoven Kilim Rug (5 x 3 ft) - Geometric,Dhurries & Rugs,Other,1,20.6,9340.0,9.14216859187285
Handwoven Kilim Rug (5 x 3 ft),Dhurries & Rugs,Other,1,20.6,11830.0,9.378478484253662
Handwoven Kilim Rug (5 x 3 ft) - Floral,Dhurries & Rugs,Other,1,20.6,7880.0,8.97221007835365
Handwoven Kilim Rug (5 x 3 ft) - Geometric,Dhurries & Rugs,Other,1,20.6,9340.0,9.14216859187285
Handwoven Kilim Rug (5 x 3 ft),Dhurries & Rugs,Other,1,20.6,15220.0,9.630431332279667
Handwoven Kilim Rug (5 x 3 ft) - Floral,Dhurries & Rugs,Other,1,20.6,11850.0,9.380167531188448
Handwoven Kilim Rug (5 x 3 ft) - Persian Floral,Dhurries & Rugs,Other,1,20.6,11500.0,9.350189267092581
Handwoven Kilim Rug (5 x 3 ft),Dhurries & Rugs,Other,1,20.6,17110.0,9.747476810531971
Handwoven Kilim Rug (5 x 3 ft) - Geometric,Dhurries & Rugs,Other,1,20.6,9010.0,9.106201332235038
Handwoven Kilim  Rug (5 x 3 ft),Dhurries & Rugs,Other,1,20.6,7880.0,8.97221007835365
Handwoven Kilim Rug (5 x 3 ft) - Zigzags,Dhurries & Rugs,Other,1,20.6,9340.0,9.14216859187285
Handwoven Kilim Rug (5 x 3 ft) - Zigzags,Dhurries & Rugs,Other,1,20.6,9340.0,9.14216859187285
Hand Embossed Leather Diary With Handmade Paper - Brown Ornate,Diaries & Journals,Other,1,20.6,1620.0,7.390798521735676
Hand Embossed Leather Diary with Handmade Paper - Brown Filigree,Diaries & Journals,Other,1,20.6,1380.0,7.2305631534092925
Handcrafted Pure Leather String Diary - Brown,Diaries & Journals,Other,1,20.6,1400.0,7.244941546337007
The India Craft House Jawaja Handmade Leather Diary with Button Closure - Blue,Diaries & Journals,Other,1,20.6,1760.0,7.473637108496206
'Six Mediterranean Bowls' Handpainted Serving Bowls In Ceramic (Set Of 6),Dining Bowl Katoris,Ceramic,6,20.6,780.0,6.660575149839686
'Four Mediterranean Bowls' Handpainted Serving Bowls In Ceramic (Set Of 4),Dining Bowl Katoris,Ceramic,4,20.6,735.0,6.601230118728877
"'Teal Forest' Hand Glazed Ceramic Dinner Bowls/Katoris (Set of 4, 120 ml, Hand-Etched, Microwave Safe)",Dining Bowl Katoris,Ceramic,4,20.6,849.0,6.745236349484363
"'Teal Forest' Hand Glazed Ceramic Dinner Bowls/Katoris (Set of 6, 120 ml, Hand-Etched, Microwave Safe)",Dining Bowl Katoris,Ceramic,6,20.6,999.0,6.907755278982137
"'Indigo Chevron' Hand-painted Ceramic Dining Bowl Katoris (Set of 4, 160 ML, Microwave Safe)",Dining Bowl Katoris,Ceramic,4,20.6,749.0,6.620073206530356
"ExclusiveLane 'Warli Village Tales' Handcrafted Ceramic Dinner Bowls/Katoris (Set of 4, 170 ML, Microwave Safe)",Dining Bowl Katoris,Ceramic,4,20.6,829.0,6.721425700790643
"ExclusiveLane 'Sage Serenity' Porcelain Dinner Bowls/Katoris (Set Of 4, 190 ML, Hand Glazed)",Dining Bowl Katoris,Other,4,20.6,780.0,6.660575149839686
"ExclusiveLane 'Sage Serenity' Porcelain Dinner Bowls/Katoris (Set Of 6, 190 ML, Hand Glazed)",Dining Bowl Katoris,Other,6,20.6,999.0,6.907755278982137
"'Whispers of Warli' Handcrafted Ceramic Dinner Bowls/Katoris (Set of 6, 180 ML, Microwave Safe)",Dining Bowl Katoris,Ceramic,6,20.6,1260.0,7.13966033596492
"'Whispers of Warli' Handcrafted Ceramic Dinner Bowls/Katoris (Set of 4, 180 ML, Microwave Safe)",Dining Bowl Katoris,Ceramic,4,20.6,999.0,6.907755278982137
"ExclusiveLane 'Mariana Blues' Ceramic Dinner Bowls/Katoris (Set Of 6, 175 ML, Microwave Safe, Hand Glazed)",Dining Bowl Katoris,Ceramic,6,20.6,999.0,6.907755278982137
"ExclusiveLane 'Forest Canopy' Ceramic Dinner Bowls/Katoris (Set of 4, 140 ML, Microwave Safe, Hand Glazed)",Dining Bowl Katoris,Ceramic,4,20.6,699.0,6.551080335043404
"ExclusiveLane 'Forest Canopy' Ceramic Dinner Bowls/Katoris (Set of 6, 140 ML, Microwave Safe, Hand Glazed)",Dining Bowl Katoris,Ceramic,6,20.6,875.0,6.775366090936392
"'Californian Sunflowers' Hand-Painted Ceramic Dinner Bowls/Katoris (Set of 4, 180 ML)",Dining Bowl Katoris,Ceramic,4,20.6,875.0,6.775366090936392
"'Californian Sunflowers' Hand-Painted Ceramic Dinner Bowls/Katoris (Set of 6, 180 ML)",Dining Bowl Katoris,Ceramic,6,20.6,999.0,6.907755278982137
'The Serving Hut Goblets'  Hand-Painted Serving Bowls In Ceramic (Set Of 6),Dining Bowl Katoris,Ceramic,6,20.6,999.0,6.907755278982137
"ExclusiveLane 'Mariana Blues' Ceramic Dinner Bowls/Katoris (Set Of 6, 140 ML, Microwave Safe, Hand Glazed)",Dining Bowl Katoris,Ceramic,6,20.6,875.0,6.775366090936392
'The Serving Hut Goblets'  Hand-Painted Serving Bowls In Ceramic (Set Of 4),Dining Bowl Katoris,Ceramic,4,20.6,799.0,6.684611727667927
"ExclusiveLane 'Forest Canopy' Ceramic Dinner Bowls/Katoris (Set of 6, 175 ML, Microwave Safe, Hand Glazed)",Dining Bowl Katoris,Ceramic,6,20.6,999.0,6.907755278982137
"'Earthen Turquoise' Hand Glazed Dining Bowl Katoris In Ceramic (Set of 4, 180 ML, Microwave Safe)",Dining Bowl Katoris,Ceramic,4,20.6,679.0,6.522092798170152
"'Peacock Boulevard' Hand-Engraved Ceramic Dining Bowl Katoris (Set of 6, 200 ML, Microwave Safe)",Dining Bowl Katoris,Ceramic,6,20.6,959.0,6.866933284461882
"ExclusiveLane 'Wheat Serenity' Porcelain Dinner Bowls/Katoris (Set Of 4, 130 ML, Microwave Safe, Hand Glazed)",Dining Bowl Katoris,Other,4,20.6,949.0,6.856461984594587
"'Badamwari Bagheecha' Hand-Painted Ceramic Dinner Bowls/Katoris (Set of 4, 220 ML, Microwave Safe)",Dining Bowl Katoris,Ceramic,4,20.6,999.0,6.907755278982137
"ExclusiveLane 'Spring Garden' Ceramic Dinner Bowls/Katoris (Set Of 6, 190 ML, Microwave Safe, Handcrafted)",Dining Bowl Katoris,Ceramic,6,20.6,999.0,6.907755278982137
"ExclusiveLane 'Spring Garden' Ceramic Dinner Bowls/Katoris (Set Of 4, 190 ML, Microwave Safe, Handcrafted)",Dining Bowl Katoris,Ceramic,4,20.6,899.0,6.802394763324311
"ExclusiveLane 'Mariana Blues' Ceramic Dinner Bowls/Katoris (Set Of 4, 140 ML, Microwave Safe, Hand Glazed)",Dining Bowl Katoris,Ceramic,4,20.6,649.0,6.476972362889683
"'Peacock Boulevard' Hand-Engraved Ceramic Dining Bowl Katoris (Set of 4, 200 ML, Microwave Safe)",Dining Bowl Katoris,Ceramic,4,20.6,639.0,6.461468176353717
"'Caribbean Green' Hand Glazed Ceramic Dinner Bowls/Katoris (Set of 6, 120 ML, Microwave Safe, Hand-Etched)",Dining Bowl Katoris,Ceramic,6,20.6,1260.0,7.13966033596492
"'Caribbean Green' Hand Glazed Ceramic Dinner Bowls/Katoris (Set of 4, 120 ML, Microwave Safe, Hand-Etched)",Dining Bowl Katoris,Ceramic,4,20.6,875.0,6.775366090936392
'Centaur' Handcrafted Dining Chair In Acacia Wood (Honey Finish),Dining Chair,Wood,1,20.6,15189.0,9.628392595589819
'The Hut Platter Pack' Hand-Painted Ceramic Plate With Serving Bowls Set,Dinner Plate & Bowls Set,Ceramic,1,20.6,999.0,6.907755278982137
"'Californian Sunflowers' Hand-Painted Ceramic Dinner Plate With Dinner Katoris (3 Pieces, Serving for 1)",Dinner Plate & Bowls Set,Ceramic,3,20.6,999.0,6.907755278982137
"'Zen Garden' Hand Glazed Ceramic Dinner Plate With Dinner Katoris (3 Pieces, Serving for 1, Microwave Safe)",Dinner Plate & Bowls Set,Ceramic,3,20.6,999.0,6.907755278982137
"'Badamwari Bagheecha' Hand-Painted Ceramic Dinner Plate With Katoris (3 Pieces, Serving for 1, Microwave Safe)",Dinner Plate & Bowls Set,Ceramic,3,20.6,1299.0,7.170119543449628
"'Teal Forest' Hand Glazed Ceramic Dinner Plate With Dinner Katoris (3 Pieces, Serving for 1, Hand-Etched, Microwave Safe)",Dinner Plate & Bowls Set,Ceramic,3,20.6,999.0,6.907755278982137
"'Caribbean Green' Hand Glazed Ceramic Dinner Plate With Dinner Katoris (3 Pieces, Serving for 1, Microwave Safe, Hand-Etched)",Dinner Plate & Bowls Set,Ceramic,3,20.6,1160.0,7.057036981697891
"'The Hut Couple' Hand-Painted Ceramic Dinner Plates (25.4 cm, Set Of 2)",Dinner Plates,Ceramic,2,25.4,1399.0,7.24422751560335
"'The Hut Family' Hand-Painted Ceramic Dinner Plates (25.4 cm, Set Of 6)",Dinner Plates,Ceramic,6,25.4,3499.0,8.160518247477505
"ExclusiveLane 'Forest Canopy' Ceramic Dinner Plates (Set of 4, Microwave Safe, Hand Glazed)",Dinner Plates,Ceramic,4,20.6,2499.0,7.824046010856292
"ExclusiveLane 'Forest Canopy' Ceramic Dinner Plates (Set of 2, Microwave Safe, Hand Glazed)",Dinner Plates,Ceramic,2,20.6,1435.0,7.269616749608169
"'Forest Canopy' Ceramic Dinner Plates (Set of 6, Microwave Safe, Hand Glazed)",Dinner Plates,Ceramic,6,20.6,3349.0,8.116715624819111
"'The Hut Couple' Hand-Painted Ceramic Dinner Plates (10 Inch, Set Of 4)",Dinner Plates,Ceramic,4,25.4,2499.0,7.824046010856292
Amber & Teal' Hand Glazed Studio Pottery Dinner Plates In Ceramic (Set of 6 | Microwave Safe),Dinner Plates,Ceramic,6,20.6,2809.0,7.940939762327791
"'Indigo Chevron' Hand-painted Ceramic Dinner Plates (Set of 6, Microwave Safe)",Dinner Plates,Ceramic,6,20.6,3449.0,8.146129510025405
"ExclusiveLane 'Mariana Blues' Ceramic Dinner Plates (Set of 4, Microwave Safe, Hand Glazed)",Dinner Plates,Ceramic,4,20.6,2499.0,7.824046010856292
"'Californian Sunflowers' Hand-Painted Ceramic Dinner Plates (Set Of 2, 25.4 cm)",Dinner Plates,Ceramic,2,25.4,1299.0,7.170119543449628
"'Zen Garden' Hand Glazed Ceramic Dinner Plates (Set of 6, Microwave Safe)",Dinner Plates,Ceramic,6,20.6,3349.0,8.116715624819111
"'Moroccan Plate Pair' Handpainted Plates In Ceramic (25.4 cm, Set Of 4)",Dinner Plates,Ceramic,4,25.4,1899.0,7.549609165154532
"'Teal Forest' Hand Glazed Ceramic Dinner Plates (Set of 6, Hand-Etched, Microwave Safe)",Dinner Plates,Ceramic,6,20.6,3399.0,8.131530710604252
"'Sage Serenity' Porcelain Dinner Plates (Set of 6, Microwave Safe, Hand Glazed)",Dinner Plates,Other,6,20.6,3899.0,8.268731832117737
"'Caribbean Green' Hand Glazed Ceramic Dinner Plates (Set of 6, Microwave Safe, Hand-Etched)",Dinner Plates,Ceramic,6,20.6,3349.0,8.116715624819111
"'Badamwari Bagh' Hand-Painted Ceramic Dinner Plates (Set of 6, Microwave Safe)",Dinner Plates,Ceramic,6,20.6,3780.0,8.237743803890933
"'Teal Forest' Hand Glazed Ceramic Dinner Plates (Set of 4, Hand-Etched, Microwave Safe)",Dinner Plates,Ceramic,4,20.6,2499.0,7.824046010856292
"'Teal Forest' Hand Glazed Ceramic Dinner Plates (Set of 2, Hand-Etched, Microwave Safe)",Dinner Plates,Ceramic,2,20.6,1349.0,7.2078598714324755
Amber & Teal' Hand Glazed Studio Pottery Dinner Plates In Ceramic (Set of 2 | Microwave Safe),Dinner Plates,Ceramic,2,20.6,939.0,6.84587987526405
"'Earthen Turquoise' Hand Glazed Dinner Plates In Ceramic (Set of 6, Microwave Safe)",Dinner Plates,Ceramic,6,20.6,2869.0,7.962067308753666
"'Moroccan Plate Pair' Handpainted Plates In Ceramic (25.4 cm, Set Of 2)",Dinner Plates,Ceramic,2,25.4,840.0,6.734591659972948
"'Moroccan Plate Family' Handpainted Plates In Ceramic (25.4 cm, Set Of 6)",Dinner Plates,Ceramic,6,25.4,2899.0,7.9724660159745655
"'Californian Sunflowers' Hand-Painted Ceramic Dinner Plates (Set Of 6, 25.4 cm)",Dinner Plates,Ceramic,6,25.4,3349.0,8.116715624819111
Red Chevrons' Hand-Painted Ceramic Dinner Plates (Set Of 4 | 25.4 cm | Microwave Safe),Dinner Plates,Ceramic,4,25.4,1849.0,7.52294091807237
"'Badamwari Bagheecha' Hand-Painted Ceramic Dinner Plates (Set of 4, Microwave Safe)",Dinner Plates,Ceramic,4,20.6,2799.0,7.937374696163295
"'Coral Reef' Ceramic Pasta Plates (Set of 2, Hand Glazed Studio Pottery, Microwave Safe)",Dinner Plates,Ceramic,2,20.6,1129.0,7.029972911706386
"ExclusiveLane 'Sage Serenity' Porcelain Dinner Plates (Set of 4, Microwave Safe, Hand Glazed)",Dinner Plates,Other,4,20.6,2999.0,8.006367567650246
"ExclusiveLane 'Sage Serenity' Porcelain Dinner Plates (Set of 2, Microwave Safe, Hand Glazed)",Dinner Plates,Other,2,20.6,1599.0,7.3777589082278725
"'Californian Sunflowers' Hand-Painted Ceramic Dinner Plates (Set Of 4, 25.4 cm)",Dinner Plates,Ceramic,4,25.4,2399.0,7.783224016336037
"ExclusiveLane 'Wheat Serenity' Porcelain Dinner Plates (Set of 2, Microwave Safe, Hand Glazed)",Dinner Plates,Other,2,20.6,1699.0,7.438383530044307
"'Earthen Turquoise' Hand Glazed Dinner Plates In Ceramic (Set of 2, Microwave Safe)",Dinner Plates,Ceramic,2,20.6,959.0,6.866933284461882
"'Zen Garden' Hand Glazed Ceramic Dinner Plates (Set of 4, Microwave Safe)",Dinner Plates,Ceramic,4,20.6,2499.0,7.824046010856292
"'Zen Garden' Hand Glazed Ceramic Dinner Plates (Set of 2, Microwave Safe)",Dinner Plates,Ceramic,2,20.6,1349.0,7.2078598714324755
"'Badamwari Bagheecha' Hand-Painted Ceramic Dinner Plates (Set of 2, Microwave Safe)",Dinner Plates,Ceramic,2,20.6,1599.0,7.3777589082278725
"'Coral Reef' Ceramic Pasta Plate (Hand Glazed Studio Pottery, Microwave Safe)",Dinner Plates,Ceramic,1,20.6,569.0,6.345636360828596
"'Caribbean Green' Hand Glazed Ceramic Dinner Plates (Set of 4, Microwave Safe, Hand-Etched)",Dinner Plates,Ceramic,4,20.6,2499.0,7.824046010856292
"'Caribbean Green' Hand Glazed Ceramic Dinner Plates (Set of 2, Microwave Safe, Hand-Etched)",Dinner Plates,Ceramic,2,20.6,1349.0,7.2078598714324755
Red Chevrons' Hand-Painted Ceramic Dinner Plates (Set Of 2 | 25.4 cm | Microwave Safe),Dinner Plates,Ceramic,2,25.4,929.0,6.835184586147301
"'Peacock Boulevard' Hand-Engraved Ceramic Dinner Plates (Set of 6, Microwave Safe)",Dinner Plates,Ceramic,6,20.6,2939.0,7.986164860332727
"'Peacock Boulevard' Hand-Engraved Ceramic Dinner Plates (Set of 4, Microwave Safe)",Dinner Plates,Ceramic,4,20.6,1959.0,7.580699752224563
"'Moroccan Platter Package' Hand-Painted Plates In Ceramic (25.4 cm, Set Of 6)",Dinner Plates,Ceramic,6,25.4,2199.0,7.696212639346407
"'Peacock Boulevard' Hand-Engraved Ceramic Dinner Plates (Set of 2, Microwave Safe)",Dinner Plates,Ceramic,2,20.6,979.0,6.887552571664617
"'Moroccan Platter Pair' Hand-Painted Plates In Ceramic (25.4 cm, Set Of 2)",Dinner Plates,Ceramic,2,25.4,739.0,6.606650186198215
"'Moroccan Dining' Handpainted Ceramic Dinner Plates With Katoris (8 Pieces, Serving for 4)",Dinner Set,Ceramic,8,20.6,2599.0,7.8632667240095735
"'Moroccan Dining' Handpainted Ceramic Dinner Plates With Katoris & Serving Bowls (10 Pieces, Serving for 4)",Dinner Set,Ceramic,10,20.6,3499.0,8.160518247477505
"ExclusiveLane 'Sage Serenity' Porcelain Dinner Set (12 Pieces- 4 Dinner Plates, 4 Side/Quarter Plates & 4 Katoris, Serving for 4, Microwave Safe, Hand Glazed)",Dinner Set,Other,12,20.6,5140.0,8.545002892055505
"'Badamwari Bagheecha' Hand-Painted Ceramic Dinner & Side/Quarter Plates With Dinner Katoris (12 Pieces, Serving for 4, Microwave Safe)",Dinner Set,Ceramic,12,20.6,5199.0,8.556413904569519
"ExclusiveLane 'Spring Garden' Ceramic Dinner Set (8 Pieces- 4 Dinner Plates & 4 Katoris, Serving for 4, Microwave Safe, Handcrafted)",Dinner Set,Ceramic,8,20.6,3499.0,8.160518247477505
"ExclusiveLane 'Sage Serenity' Porcelain Dinner Set (10 Pieces- 4 Dinner Plates, 2 Serving Bowls & 4 Katoris, Serving for 4, Microwave Safe, Hand Glazed)",Dinner Set,Other,10,20.6,4549.0,8.422882511944996
"ExclusiveLane 'Sage Serenity' Porcelain Dinner Set (8 Pieces- 4 Dinner Plates & 4 Katoris, Serving for 4, Microwave Safe, Hand Glazed)",Dinner Set,Other,8,20.6,3499.0,8.160518247477505
"'Zen Garden' Hand Glazed Ceramic Dinner Plates With Dinner Katoris (8 Pieces, Serving for 4, Microwave Safe)",Dinner Set,Ceramic,8,20.6,3199.0,8.070906088787819
"'Californian Sunflowers' Hand-Painted Ceramic Dinner Plates, Side/Quarter Plates & Dinner Katoris (12 Pieces, Serving for 4)",Dinner Set,Ceramic,12,20.6,4299.0,8.366370301681654
"'Hut Dining' Handpainted Ceramic Dinner & Quarter Plates With Katoris (12 Pieces, Serving for 4)",Dinner Set,Ceramic,12,20.6,4999.0,8.517193191416238
"'Hut Dining' Handpainted Ceramic Dinner Plates With Katoris & Serving Bowls (10 Pieces, Serving for 4)",Dinner Set,Ceramic,10,20.6,4299.0,8.366370301681654
"'Hut Dining' Handpainted Ceramic Dinner Plates With Katoris (8 Pieces, Serving for 4)",Dinner Set,Ceramic,8,20.6,2999.0,8.006367567650246
"'Caribbean Green' Hand Glazed Ceramic Dinner Plates With Dinner Katoris (8 Pieces, Serving for 4, Microwave Safe, Hand-Etched)",Dinner Set,Ceramic,8,20.6,3199.0,8.070906088787819
"'Californian Sunflowers' Hand-Painted Ceramic Dinner Plates, Serving Bowls & Dinner Katoris (10 Pieces, Serving for 4)",Dinner Set,Ceramic,10,20.6,3499.0,8.160518247477505
"'Badamwari Bagheecha' Hand-Painted Ceramic Dinner Plates, Serving Bowls & Katoris (10 Pieces, Serving for 4, Microwave Safe)",Dinner Set,Ceramic,10,20.6,4699.0,8.45531778769815
"'Badamwari Bagheecha' Hand-Painted Ceramic Dinner Plates With Katoris (8 Pieces, Serving for 4, Microwave Safe)",Dinner Set,Ceramic,8,20.6,3780.0,8.237743803890933
Hand Crafted Ornate Dhokra Craft Door Handles - Fish Blooms (Set of 2),Door Decor,Other,2,20.6,2800.0,7.937731775260109
Jaipur Blue Pottery  Door Knobs - Black Flora (Set of 3),Door Decor,Ceramic,3,20.6,700.0,6.55250788703459
Blue Pottery Door Knobs - Blue Floral  (Set of 2),Door Decor,Ceramic,2,20.6,460.0,6.133398042996649
Blue Pottery Door Knobs - Blue Flower (Set of 2),Door Decor,Ceramic,2,20.6,460.0,6.133398042996649
Blue Pottery Door Knobs - Blue Floral (Set of 4),Door Decor,Ceramic,4,20.6,750.0,6.621405651764134
Dhokra Craft Door Décor Artifact - Sun,Door Decor,Other,1,20.6,2080.0,7.640603826393634
Dhokra Craft Door Décor Artifact - Ganesha,Door Decor,Other,1,20.6,2590.0,7.85979918056211
Blue Pottery Door Knobs - (Set of 2),Door Decor,Ceramic,2,20.6,460.0,6.133398042996649
Lion Laurels ' Hand-Etched Cavred Door Knocker In Brass (343 grams),Door Knockers,Brass,1,20.6,1499.0,7.313220387090301
Elephant Emblems' Hand-Etched Carved Door Knocker In Brass (919 grams),Door Knockers,Brass,1,20.6,2749.0,7.919356190660617
Florets' Hand-Etched Carved Door Handle in Brass (399 grams),Door Knockers,Brass,1,20.6,1599.0,7.3777589082278725
Handwoven Khadi Cotton Dress - Rose Mist (2 Length Options),Dresses & Fusion Wear,Cotton,1,20.6,2670.0,7.890208213109961
Cool Classics. Sanganer Hand Block Printed Easy Dress - White Roses,Dresses & Fusion Wear,Other,1,20.6,2820.0,7.944846711001996
Bagh Print Cool Cotton Dress - Mauve Paisley,Dresses & Fusion Wear,Cotton,1,20.6,2740.0,7.916078096302786
The Work Edit. Bagh Print Cotton Wrap Dress - Paisleys,Dresses & Fusion Wear,Cotton,1,20.6,2800.0,7.937731775260109
The Work Edit. Bagru Hand Block Printed Cotton Dress - Rust Floret,Dresses & Fusion Wear,Cotton,1,20.6,2410.0,7.787796878181171
The Work Edit. Bagru Hand Block Printed Cotton Dress - Brown Lotus,Dresses & Fusion Wear,Cotton,1,20.6,2790.0,7.934155233536322
The Work Edit. Handwoven Kashida Pattu Cotton Wrap Skirt & Top Set - Green Aztec (Set of 2),Dresses & Fusion Wear,Cotton,2,20.6,3090.0,8.036249942132116
Work Chic. Handwoven Kashida Pattu Wrap Set - Black Vibrance,Dresses & Fusion Wear,Other,1,20.6,3310.0,8.105005537547246
The Work Edit. Handwoven Kashida Pattu Dress - Grey Aztec,Dresses & Fusion Wear,Other,1,20.6,2560.0,7.848153086199526
Cool Classics. Sanganer Hand Block Printed Easy Dress - Floral Sunshine,Dresses & Fusion Wear,Other,1,20.6,2820.0,7.944846711001996
Cool Classics. Bagru Block Printed Easy Dress - Red Ornate,Dresses & Fusion Wear,Other,1,20.6,2820.0,7.944846711001996
Bagru Hand Block Printed Shirt Dress - Brick Drops (2 Length Options),Dresses & Fusion Wear,Other,1,20.6,2590.0,7.85979918056211
The Work Edit. Handwoven Kashida Pattu Cotton Wrap Skirt & Top Set -Terracotta Wrap (Set of 2),Dresses & Fusion Wear,Terracotta/Clay,2,20.6,3040.0,8.019941687677365
The Work Edit. Bagru HandBlock Printed Dress - Rhombus Trail,Dresses & Fusion Wear,Other,1,20.6,2880.0,7.9658927350845286
Work Chic. Bagru Block Printed Shirt & Kala Cotton Pants Set  - Red Statement (Set of 2),Dresses & Fusion Wear,Cotton,2,20.6,3560.0,8.177796683277778
Cool Casuals. Hand Woven Kala Cotton Loose Fit Pants Set  - Cream Vibes (Set of 2),Dresses & Fusion Wear,Cotton,2,20.6,4030.0,8.301769763117166
Cool Casuals. Hand Woven Kala Cotton Loose Fit Pants Set  - Plum Vibes (Set of 2),Dresses & Fusion Wear,Cotton,2,20.6,4030.0,8.301769763117166
Work Chic. Handwoven Kala Cotton Buttoned Dress - Blue Skies,Dresses & Fusion Wear,Cotton,1,20.6,3120.0,8.045908742270779
Work Chic. Soft Sanganer Block Printed Wrap Set - Rose Panels (Set of 2),Dresses & Fusion Wear,Other,2,20.6,3200.0,8.071218539969863
Cool Casuals. Handwoven Kashida Pattu Kaftan Dress - Wine Tales,Dresses & Fusion Wear,Other,1,20.6,2880.0,7.9658927350845286
Work Chic. Hand Block Printed Bagru Shirt & Pants Set - Black Ornate (2 pc set),Dresses & Fusion Wear,Other,1,20.6,3870.0,8.261268150577648
Work Chic. Bagh Hand Block Printed Cotton Wrap Dress - Green Paisley,Dresses & Fusion Wear,Cotton,1,20.6,3240.0,8.083637203141548
Work Chic. Hand Block Printed Bagru Flared Skirt Set - Black Vine,Dresses & Fusion Wear,Other,1,20.6,3690.0,8.213652703029998
Work Chic. Handwoven Kashida Pattu Wrap Set - Black Ivory,Dresses & Fusion Wear,Other,1,20.6,3310.0,8.105005537547246
Work Chic. Hand Block Printed Bagru Cotton Straight Dress - Black Arrows,Dresses & Fusion Wear,Cotton,1,20.6,2700.0,7.901377353792616
Summer Cool. Handwoven Kashida Pattu Wrap Set - Colours in Black,Dresses & Fusion Wear,Other,1,20.6,3310.0,8.105005537547246
The Work Edit. Bagru Hand Block Printed Cotton Wrap Skirt Set - Rust Flora (2 pc set),Dresses & Fusion Wear,Cotton,1,20.6,2740.0,7.916078096302786
Cool Classics. Sanganer Hand Block Printed Easy Dress - Blue Lotus,Dresses & Fusion Wear,Other,1,20.6,2820.0,7.944846711001996
Cool Classics. Organic Handwoven Kala Cotton Easy Dress - Summer Lime,Dresses & Fusion Wear,Cotton,1,20.6,3100.0,8.03947991910045
Cool Classics. Sanganer Hand Block Printed Easy Dress - Orange Sprigs,Dresses & Fusion Wear,Other,1,20.6,2820.0,7.944846711001996
Cool Classics. Sanganer Hand Block Printed Halter Dress - Blue Roses,Dresses & Fusion Wear,Other,1,20.6,2820.0,7.944846711001996
Cool Classics. Handwoven Kashida Pattu Strap Dress - Sunshine Straps,Dresses & Fusion Wear,Other,1,20.6,2920.0,7.979681302387741
Cool Classics. Bagh Hand Block Printed Easy Dress - Yellow Paisley,Dresses & Fusion Wear,Other,1,20.6,2890.0,7.969357742016346
The Work Edit. Bagru Hand Block Printed Cotton Wrap Dress - Blue Flora,Dresses & Fusion Wear,Cotton,1,20.6,3240.0,8.083637203141548
Bagru Hand Block Printed & Beadwork Halter Dress - Brown Lotus,Dresses & Fusion Wear,Other,1,20.6,2910.0,7.976251943745623
The Work Edit. Handwoven Kashida Pattu Straight Dress - Ivory & Blue Stripes (2 Length Options),Dresses & Fusion Wear,Other,1,20.6,3380.0,8.125926802707886
Handwoven Khadi Cotton Dress - Mint Horizon (2 Length Options),Dresses & Fusion Wear,Cotton,1,20.6,2580.0,7.855932199718614
Light & Soft. Handwoven Ikat Halter Dress - Ruby Strokes (2 Length Options),Dresses & Fusion Wear,Other,1,20.6,3400.0,8.131824785007195
Bagh Hand Block Printed Flared Dress - Red Flora,Dresses & Fusion Wear,Other,1,20.6,2860.0,7.95892649305011
Bagru Hand Block Printed Halter Dress - Rust Oriental,Dresses & Fusion Wear,Other,1,20.6,2460.0,7.8083230503910555
The Work Edit. Handwoven Kashida Pattu Long Dress - Black Stripes,Dresses & Fusion Wear,Other,1,20.6,3380.0,8.125926802707886
The Work Edit. Bagru Hand Block Printed Cotton Dress - Black Flora,Dresses & Fusion Wear,Cotton,1,20.6,2410.0,7.787796878181171
The Work Edit. Bagh Print Wrap Skirt Set - Flora,Dresses & Fusion Wear,Other,1,20.6,2740.0,7.916078096302786
Handwoven Elegance. Organic Kala Cotton Long Dress - Deep Purple,Dresses & Fusion Wear,Cotton,1,20.6,3160.0,8.058643712215618
Handwoven Elegance. Organic Kala Cotton Long Dress - Deep Lavender,Dresses & Fusion Wear,Cotton,1,20.6,3160.0,8.058643712215618
Organic Kala Cotton Wrap Top & Pants Set - Cream Elegance,Dresses & Fusion Wear,Cotton,1,20.6,3160.0,8.058643712215618
Handwoven Elegance. Organic Kala Cotton Long Dress - Shell Pink,Dresses & Fusion Wear,Cotton,1,20.6,3160.0,8.058643712215618
Handwoven Elegance. Organic Kala Cotton Long Dress - Sea Green,Dresses & Fusion Wear,Cotton,1,20.6,3160.0,8.058643712215618
Handwoven Elegance. Organic Kala Cotton Long Dress - Warm Wine Red,Dresses & Fusion Wear,Cotton,1,20.6,3160.0,8.058643712215618
Organic Kala Cotton Crop Top & Pants (Set of 2),Dresses & Fusion Wear,Cotton,2,20.6,3050.0,8.02322468471667
Ajrakh Handblock Printed Summer Dress With Beadwork,Dresses & Fusion Wear,Other,1,20.6,2100.0,7.650168700845001
Handwoven Elegance. Organic Kala Cotton Wrap Skirt & Top Set - Pure Cream,Dresses & Fusion Wear,Cotton,1,20.6,3660.0,8.205491613120236
Handwoven Elegance. Organic Kala Cotton Long Shirt Dress - Pure Cream,Dresses & Fusion Wear,Cotton,1,20.6,3150.0,8.055475141757274
Handwoven Elegance. Organic Kala Cotton Long Dress - Pure Cream,Dresses & Fusion Wear,Cotton,1,20.6,3050.0,8.02322468471667
Handwoven Elegance. Kashida Pattu Soft Mul Top & Organic Kala Cotton Loose Pants (Set of 2),Dresses & Fusion Wear,Cotton,2,20.6,3370.0,8.12296471523406
Exclusive Lehariya Chanderi Dupatta - Turquoise Wave.,Dupattas,Other,1,20.6,2750.0,7.919719760924575
Exclusive Lehariya Chanderi Dupatta - Berry Blast.,Dupattas,Other,1,20.6,2750.0,7.919719760924575
Exclusive Lehariya Chanderi Dupatta - Marigold Wave.,Dupattas,Other,1,20.6,2750.0,7.919719760924575
Soft Lehariya Kota Doria Cotton Dupatta - Royal Purple.,Dupattas,Cotton,1,20.6,2310.0,7.745435610274381
Soft Lehariya Kota Doria Cotton Dupatta - Rose Pink.,Dupattas,Cotton,1,20.6,2310.0,7.745435610274381
Soft Lehariya Kota Doria Cotton Dupatta - Scarlet Red.,Dupattas,Cotton,1,20.6,2310.0,7.745435610274381
Soft Lehariya Kota Doria Cotton Dupatta - Midnight Blue.,Dupattas,Cotton,1,20.6,2310.0,7.745435610274381
Soft Lehariya Kota Doria Cotton Dupatta - Teal Breeze.,Dupattas,Cotton,1,20.6,2310.0,7.745435610274381
Soft Lehariya Kota Doria Cotton Dupatta - Sunshine Yellow.,Dupattas,Cotton,1,20.6,2310.0,7.745435610274381
Soft Lehariya Kota Doria Cotton Dupatta - Coral Sunset.,Dupattas,Cotton,1,20.6,2310.0,7.745435610274381
Soft Kota Silk Lehariya Dupatta - Lemon,Dupattas,Silk,1,20.6,2650.0,7.8826922062890254
Madhubani Sun Leather Case with Diary,Dwaar,Other,1,20.6,950.0,6.85751406254539
Dwaar Coffee Mug 300 ml,Dwaar,Other,1,20.6,300.0,5.707110264748875
Dwaar Canvas Cushion Covers - 16 in x 16 in - Set of 2,Dwaar,Other,2,40.64,750.0,6.621405651764134
Dwaar Coffee Mugs - Set of 2 (300 ml each),Dwaar,Other,2,20.6,600.0,6.398594934535208
'Tribal Warli Squares' Bohemian Resin Earrings Hand-painted In Warli Art (Punch Pink),Earrings,Other,1,20.6,509.0,6.234410725718371
'Tribal Warli Ovates' Bohemian Resin Earrings Hand-painted In Warli Art (Amber Yellow & Red),Earrings,Other,1,20.6,509.0,6.234410725718371
'Oracle' Silver Handmade Dangler Earrings,Earrings,Other,1,20.6,1349.0,7.2078598714324755
'Eye of Earth' Silver Handmade Smokey Stone Dangler Earrings,Earrings,Stone/Marble,1,20.6,1919.0,7.560080465021827
'Moonshine' Silver Handmade Pearl Dangler Earrings,Earrings,Other,1,20.6,1409.0,7.251344983372214
'Atlantis' Silver Handmade Labradorite Stone Stud Earrings,Earrings,Stone/Marble,1,20.6,1349.0,7.2078598714324755
Pure Silver Traditional Maharashtrian Earrings - Tarakini Studs,Earrings,Other,1,20.6,4030.0,8.301769763117166
Pure Silver Traditional Maharashtrian Earrings - Mayuri,Earrings,Other,1,20.6,10110.0,9.2213792190914
Pure Silver Traditional Maharashtrian Earrings - Ashtapaillumani,Earrings,Other,1,20.6,5790.0,8.66406026722579
Pure Silver Traditional Maharashtrian Earrings -  Bindu Mandal,Earrings,Other,1,20.6,8360.0,9.031333316150057
Pure Silver Traditional Maharashtrian Earrings -  Kusum Moti,Earrings,Other,1,20.6,7310.0,8.897135342293316
Pure Silver Traditional Maharashtrian Earrings -  Chandratara,Earrings,Other,1,20.6,4460.0,8.403128235128264
Pure Silver Traditional Maharashtrian Earrings - Kamalini Studs,Earrings,Other,1,20.6,6050.0,8.707978826622321
Pure Silver Traditional Maharashtrian Earrings - Leher,Earrings,Other,1,20.6,3960.0,8.284251797621916
Pure Silver Traditional Maharashtrian Earrings - Triveni,Earrings,Other,1,20.6,6400.0,8.764209507142004
Pure Silver Traditional Maharashtrian Earrings - Tarangan Studs,Earrings,Other,1,20.6,3960.0,8.284251797621916
Pure Silver Traditional Maharashtrian Earrings - Bakuli Studs,Earrings,Other,1,20.6,4310.0,8.368925174747135
Pure Silver Traditional Maharashtrian Earrings - Taraveli,Earrings,Other,1,20.6,6120.0,8.71948076085107
Pure Silver Traditional Maharashtrian Earrings - Mohanmal Studs,Earrings,Other,1,20.6,4870.0,8.491054533806542
Pure Silver Traditional Maharashtrian Earrings - Leher Studs,Earrings,Other,1,20.6,8780.0,9.080345575359996
Pure Silver Traditional Maharashtrian Earrings - Shankhpushpi,Earrings,Other,1,20.6,7310.0,8.897135342293316
Pure Silver Traditional Maharashtrian Earrings - Tri-AshtaPaillumani,Earrings,Other,1,20.6,7310.0,8.897135342293316
Pure Silver Traditional Maharashtrian Earrings - Mohanmal,Earrings,Other,1,20.6,5280.0,8.571870752706934
Pure Silver Traditional Maharashtrian Earrings - Phool Mandala,Earrings,Other,1,20.6,6890.0,8.837971491357209
Pure Silver Traditional Maharashtrian Earrings - Chandnya,Earrings,Other,1,20.6,8920.0,9.096163326913784
Pure Silver Traditional Maharashtrian Earrings - Gauri Studs,Earrings,Other,1,20.6,8640.0,9.0642735958414
Pure Silver Traditional Maharashtrian Earrings - Vilasini Studs,Earrings,Other,1,20.6,2840.0,7.951911381854188
Pure Silver Traditional Maharashtrian Earrings - Layani,Earrings,Other,1,20.6,8290.0,9.022925868116218
Pure Silver Traditional Maharashtrian Earrings - Shravani,Earrings,Other,1,20.6,7800.0,8.962007209588313
Pure Silver Traditional Maharashtrian Earrings - Vali,Earrings,Other,1,20.6,9480.0,9.15704507491796
Pure Silver Traditional Maharashtrian Earrings - Manjiri,Earrings,Other,1,20.6,9970.0,9.207436158828793
Pure Silver Traditional Maharashtrian Earrings - Chandra-Tilak,Earrings,Other,1,20.6,4450.0,8.400884069015854
Pure Silver Traditional Maharashtrian Earrings - Soma's Crest,Earrings,Other,1,20.6,8570.0,9.056139690898883
Pure Silver Traditional Maharashtrian Earrings - Akarshini,Earrings,Other,1,20.6,8780.0,9.080345575359996
Pure Silver Traditional Maharashtrian Earrings - Chandreshi,Earrings,Other,1,20.6,6750.0,8.81744592104187
Pure Silver Traditional Maharashtrian Earrings - Pohehaar,Earrings,Other,1,20.6,6260.0,8.74209519574531
Pure Silver Traditional Maharashtrian Earrings - Mohar,Earrings,Other,1,20.6,4030.0,8.301769763117166
Pure Silver Traditional Maharashtrian Earrings - NavaLata,Earrings,Other,1,20.6,4450.0,8.400884069015854
Pure Silver Traditional Maharashtrian Earrings - Kusum Roop,Earrings,Other,1,20.6,7730.0,8.952993499320474
Pure Silver Traditional Maharashtrian Earrings - Kusum Laxmi,Earrings,Other,1,20.6,3890.0,8.266421472984554
Pure Silver Traditional Maharashtrian Earrings - Devyani Studs,Earrings,Other,1,20.6,7100.0,8.867990898182093
Pure Silver Traditional Maharashtrian Earrings - Kusum Mandala,Earrings,Other,1,20.6,10810.0,9.288319413292772
Pure Silver Traditional Maharashtrian Earrings - Ashtapaillumani Kusum,Earrings,Other,1,20.6,4170.0,8.335911094196945
Pure Silver Traditional Maharashtrian Earrings - Bakuli,Earrings,Other,1,20.6,7730.0,8.952993499320474
Pure Silver Traditional Maharashtrian Earrings - Tarakini,Earrings,Other,1,20.6,8290.0,9.022925868116218
Pure Silver Traditional Maharashtrian Earrings - Kamalasini Studs,Earrings,Other,1,20.6,6610.0,8.796490207333578
Pure Silver Traditional Maharashtrian Earrings - Pushpak,Earrings,Other,1,20.6,13950.0,9.543306469268108
Pure Silver Traditional Maharashtrian Earrings - Ardhachandra,Earrings,Other,1,20.6,11470.0,9.347577390281268
Pure Silver Traditional Maharashtrian Earrings - Ardhachand,Earrings,Other,1,20.6,4100.0,8.31898612539206
Pure Silver Traditional Maharashtrian Earrings - Tanugaja,Earrings,Other,1,20.6,3660.0,8.205491613120236
Handcrafted Brass Earrings - Mayura,Earrings,Brass,1,20.6,900.0,6.803505257608338
Handcrafted Brass Earrings - Metal Maze,Earrings,Brass,1,20.6,770.0,6.647688373563329
Handcrafted Brass Earrings - Taruja,Earrings,Brass,1,20.6,900.0,6.803505257608338
Handcrafted Brass Earrings - Kusuma,Earrings,Brass,1,20.6,770.0,6.647688373563329
Handcrafted Brass & Copper Earrings - Rohika,Earrings,Brass,1,20.6,900.0,6.803505257608338
Handcrafted Brass Earrings - BanaPushpi,Earrings,Brass,1,20.6,900.0,6.803505257608338
Handcrafted Shell Craft Earrings,Earrings,Other,1,20.6,500.0,6.2166061010848646
Pure Silver Maharashtrian Masoli Earrings,Earrings,Other,1,20.6,12550.0,9.437555622660446
Pure Silver Foral Studs - Ganesha,Earrings,Other,1,20.6,5650.0,8.639587799629844
Pure Silver Danglers,Earrings,Other,1,20.6,5150.0,8.546946149565585
Silver Meenakari Earrings - Oval Long Danglers,Earrings,Other,1,20.6,4350.0,8.37816098272068
Pure Silver Earrings - Peacock Danglers,Earrings,Other,1,20.6,5450.0,8.603554357064281
Pure Silver Earrings - Devi,Earrings,Other,1,20.6,5700.0,8.648396877031582
Pure Silver Earrings - Lotus Danglers,Earrings,Other,1,20.6,7270.0,8.891649112650057
Pure Silver Matsya Pushpa Danglers,Earrings,Other,1,20.6,8520.0,9.050288983827956
Rustic Dhokra Brass Metal Earring,Earrings,Brass,1,20.6,660.0,6.493753839851686
Rustic Dhokra Brass Metal Earring,Earrings,Brass,1,20.6,410.0,6.018593214496234
Rustic Dhokra Brass Metal Earring,Earrings,Brass,1,20.6,410.0,6.018593214496234
Rustic Dhokra Brass Metal Earring,Earrings,Brass,1,20.6,490.0,6.19644412779452
Pure Silver Traditional Maharashtrian Earrings - Flower with Ghungroo,Earrings,Other,1,20.6,9060.0,9.11173476822206
Pure Silver Traditional Maharashtrian Earrings - Flowers,Earrings,Other,1,20.6,11150.0,9.319284458965361
Handcrafted Shell Craft Earrings,Earrings,Other,1,20.6,500.0,6.2166061010848646
Handcrafted Shell Craft Earrings,Earrings,Other,1,20.6,500.0,6.2166061010848646
Light Festive. Bagru Hand Block Printed Chanderi Kurta Set - Gulshan ( 3 pc set),Ethnic Sets & Separates,Other,1,20.6,5740.0,8.655388690167637
Light Festive. Bagru Hand Block Printed Chanderi Kurta Set - Gulab ( 3 pc set),Ethnic Sets & Separates,Other,1,20.6,5740.0,8.655388690167637
Light Festive. Bagru Hand Block Printed Chanderi Kurta Set - Hariyali ( 3 pc set),Ethnic Sets & Separates,Other,1,20.6,5740.0,8.655388690167637
"Exclusive, Authentic Kalamkari Silk Viscose Blend Kaftan Kurta Set - Bamboo Stems (2 pc set)",Ethnic Sets & Separates,Silk,1,20.6,7640.0,8.941283763647567
"Exclusive, Authentic Kalamkari Silk Viscose Blend Loose Fit Kurta Set - Peacocks (2 pc set)",Ethnic Sets & Separates,Silk,1,20.6,7640.0,8.941283763647567
"Exclusive, Authentic Kalamkari Silk Viscose Blend Loose Fit Kurta Set - Black Lotus (2 pc set)",Ethnic Sets & Separates,Silk,1,20.6,7640.0,8.941283763647567
"Exclusive, Authentic Kalamkari Cotton Loose Fit Kurta Set - Soft Grey Flora, (2 pc set)",Ethnic Sets & Separates,Cotton,1,20.6,5420.0,8.598035579260339
"Exclusive, Authentic Kalamkari Cotton Loose Fit Kurta Set - Red Flora (2 pc set)",Ethnic Sets & Separates,Cotton,1,20.6,4970.0,8.511376306094673
Light Festive. Elegant Kerala Kasavu Kurta Set - Golden Cream (2 pc set),Ethnic Sets & Separates,Other,1,20.6,5660.0,8.64135583403666
"Regal Elegance. Benarasi Chanderi Straight Kurta Set - Black & Gold, (2 pc set)",Ethnic Sets & Separates,Other,1,20.6,7250.0,8.888894669371593
"Regal Elegance. Hand Embroidered Kantha Chanderi Kaftan Kurta Set - Bahaar, (2 pc set)",Ethnic Sets & Separates,Other,1,20.6,5470.0,8.607216694063826
"Light Festive. Cotton Zari Checks & Benarasi Brocade Long Kurta Set - Gulnaaz, (2 pc set)",Ethnic Sets & Separates,Cotton,1,20.6,5480.0,8.609042845046117
"Light Festive. Soft Chanderi & Benarasi Brocade Long Kurta Set - Gulbahar, (2 pc set)",Ethnic Sets & Separates,Other,1,20.6,5480.0,8.609042845046117
"Light Festive. Soft Chanderi & Benarasi Brocade Long Kurta Set - Narangi, (2 pc set)",Ethnic Sets & Separates,Other,1,20.6,5370.0,8.58876938990546
"Light Festive. Soft Chanderi & Benarasi Brocade Long Kurta Set - Gulnaar, (2 pc set)",Ethnic Sets & Separates,Other,1,20.6,5480.0,8.609042845046117
"Regal Elegance. Chanderi Long Dress / Kurta Set - Neela Paan, (2 pc set)",Ethnic Sets & Separates,Other,1,20.6,6900.0,8.839421607620602
"Regal Elegance. Chanderi Long Dress / Kurta Set - Deep Hues, (2 pc set)",Ethnic Sets & Separates,Other,1,20.6,6950.0,8.846640813100485
"Regal Elegance. Benaras Cotton Long Dress / Kurta Set -  Mint Ornate, (2 pc set)",Ethnic Sets & Separates,Cotton,1,20.6,5890.0,8.681181041521688
"Regal Elegance. Mangalgiri Cotton Long Dress / Kurta Set - Deep Wine, (2 pc set)",Ethnic Sets & Separates,Cotton,1,20.6,7000.0,8.853808274977197
"Ethnic Weaves. Bengal Handwoven Jamdani Light & Soft Mul Cotton Loose Fit Kurta - Stunning Black, (2 pc set)",Ethnic Sets & Separates,Cotton,1,20.6,4720.0,8.459775920546287
"Ethnic Weaves. Bengal Handwoven Jamdani Light & Soft Mul Cotton Loose Fit Kurta - Soft Grey, (2 pc set)",Ethnic Sets & Separates,Cotton,1,20.6,4500.0,8.412054873292933
Handwoven Kashida Pattu Loose Kurta - Cream Aztec,Ethnic Sets & Separates,Other,1,20.6,2790.0,7.934155233536322
Work Chic. Hand Block Printed Bagru Cotton Kurta Set (Loose Fit) - Rust Petals  (2 pc set),Ethnic Sets & Separates,Cotton,1,20.6,3820.0,8.2482674474469
The Work Edit. Exclusive Hand Block Printed Cotton Kurta - Geometrics,Ethnic Sets & Separates,Cotton,1,20.6,2380.0,7.7752758464868625
Work Chic. Sanganer Block Printed Loose Fit Cotton Kurta Set - Lime Vibes (Set of 2),Ethnic Sets & Separates,Cotton,2,20.6,3860.0,8.258681496264236
Work Chic. Bagru Block Printed Straight Fit Cotton Kurta Set - Brick Vines (Set of 2),Ethnic Sets & Separates,Cotton,2,20.6,3790.0,8.240385115516334
Work Chic. Sanganer Block Printed Straight Fit Cotton Kurta Set - Teal Rosa (Set of 2),Ethnic Sets & Separates,Cotton,2,20.6,3860.0,8.258681496264236
Work Chic. Sanganer Block Printed Ultra Loose Fit Cotton Kurta Set - Red Ornate (Set of 2),Ethnic Sets & Separates,Cotton,2,20.6,3860.0,8.258681496264236
Work Chic. Sanganer Block Printed Loose Fit Cotton Kurta Set - Turquoise Motifs (Set of 2),Ethnic Sets & Separates,Cotton,2,20.6,3860.0,8.258681496264236
Work Chic. Sanganer Block Printed Loose Fit Cotton Kurta Set - Mint Ornate (Set of 2),Ethnic Sets & Separates,Cotton,2,20.6,3860.0,8.258681496264236
Work Chic. Sanganer Block Printed Loose Fit Cotton Kurta Set - Teal Motifs (Set of 2),Ethnic Sets & Separates,Cotton,2,20.6,3860.0,8.258681496264236
Work Chic. Sanganer Block Printed Loose Fit Cotton Kurta Set - Floral Panels (Set of 2),Ethnic Sets & Separates,Cotton,2,20.6,3860.0,8.258681496264236
Work Chic. Handwoven Ikat Shirt & Palazzo Set - Grey Aztec (Set of 2),Ethnic Sets & Separates,Other,2,20.6,3610.0,8.191740021277457
Ethnic Summers. Bengal Handwoven Jamdani Light & Soft Mul Cotton Loose Fit Kurta - Vibrant Pink,Ethnic Sets & Separates,Cotton,1,20.6,3860.0,8.258681496264236
Work Chic. Sanganer Block Printed Straight Fit Cotton Kurta Set - Mint & Blue Flora (Set of 2),Ethnic Sets & Separates,Cotton,2,20.6,3770.0,8.235095497258357
Work Chic. Sanganer Block Printed Loose Fit Cotton Kurta Set - Blue Ornate (Set of 2),Ethnic Sets & Separates,Cotton,2,20.6,3860.0,8.258681496264236
Work Chic. Sanganer Block Printed Straight Fit Cotton Kurta Set - Lavender Flora (Set of 2),Ethnic Sets & Separates,Cotton,2,20.6,3770.0,8.235095497258357
Work Chic. Sanganer Block Printed Loose Fit Cotton Kurta Set - Grey Flora (Set of 2),Ethnic Sets & Separates,Cotton,2,20.6,3860.0,8.258681496264236
Work Chic. Handwoven Kala Cotton Long Shirt & Pants Set - Cream Lines (Set of 2),Ethnic Sets & Separates,Cotton,2,20.6,3850.0,8.25608813381491
Work Chic. Hand Block Printed Bagru Kurta Set - Red Paisley (2 pc set),Ethnic Sets & Separates,Other,1,20.6,3870.0,8.261268150577648
Work Chic. Hand Block Printed Bagru Kurta Set - Mustard Florets (2 pc set),Ethnic Sets & Separates,Other,1,20.6,3870.0,8.261268150577648
Work Chic. Hand Block Printed Bagru Kurta Set - Black Paisley (2 pc set),Ethnic Sets & Separates,Other,1,20.6,3870.0,8.261268150577648
Work Chic. Hand Block Printed Bagru Kurta Set - Floral Red (3 pc set),Ethnic Sets & Separates,Other,1,20.6,4170.0,8.335911094196945
Work Chic. Exclusive Bagh Hand Block Printed Phiran Kurta Set - Maroon & Mauve Paisley (2 pc set),Ethnic Sets & Separates,Other,1,20.6,4200.0,8.343077871169383
Work Chic. Exclusive Bagh Hand Block Printed Loose Fit Kurta Set - Red Motifs (2 pc set),Ethnic Sets & Separates,Other,1,20.6,4170.0,8.335911094196945
Work Chic. Hand Block Printed Bagru Kurta Set - Navy Flora (3 pc set),Ethnic Sets & Separates,Other,1,20.6,4170.0,8.335911094196945
Work Chic. Hand Block Printed Bagru Kurta Set - Ornate Stripes (3 pc set),Ethnic Sets & Separates,Other,1,20.6,4170.0,8.335911094196945
Work Chic. Hand Block Printed Ultra Loose Fit Bagru Kurta Set - Mustard Flora (2 pc set),Ethnic Sets & Separates,Other,1,20.6,3870.0,8.261268150577648
Work Chic. Hand Block Printed Bagru Kurta Set - Stripes & Reds (3 pc set),Ethnic Sets & Separates,Other,1,20.6,4170.0,8.335911094196945
Work Chic. Hand Block Printed Bagru Kurta Set - Florets & Stripes (3 pc set),Ethnic Sets & Separates,Other,1,20.6,4170.0,8.335911094196945
Work Chic. Hand Block Printed Bagru Kurta Set - Stripes & Florets (3 pc set),Ethnic Sets & Separates,Other,1,20.6,4170.0,8.335911094196945
Work Chic. Hand Block Printed Bagru Loose Fit Kurta Set - Beige Florets (2 pc set),Ethnic Sets & Separates,Other,1,20.6,3870.0,8.261268150577648
Work Chic. Hand Block Printed Bagru Kurta Set - Black Zigzags (2 pc set),Ethnic Sets & Separates,Other,1,20.6,3870.0,8.261268150577648
Work Chic. Hand Block Printed Bagru Kurta Set - Ornate Reds (3 pc set),Ethnic Sets & Separates,Other,1,20.6,4170.0,8.335911094196945
Work Chic. Hand Block Printed Bagru Cotton Kurta Set (Loose Fit) - Black Ornate (2 pc set),Ethnic Sets & Separates,Cotton,1,20.6,3820.0,8.2482674474469
Work Chic. Hand Block Printed Bagru Cotton Kurta Set with Dupatta - Ornate Cocoa,Ethnic Sets & Separates,Cotton,1,20.6,4060.0,8.309184527686298
The Work Edit. Bagru Hand Block Printed Cotton Full Kurta Set - Red Flowers (3 pc set),Ethnic Sets & Separates,Cotton,1,20.6,3650.0,8.202756381655638
The Work Edit. Bagru Hand Block Printed Cotton Full Kurta Set - Mustard Florets (3 pc set),Ethnic Sets & Separates,Cotton,1,20.6,3650.0,8.202756381655638
The Work Edit. Light & Soft. Ikat Handwoven Long Shirt - Purple Reverie,Ethnic Sets & Separates,Other,1,20.6,2880.0,7.9658927350845286
"Elegant Classic. Light, Soft Ikat Handwoven Long Kurta Set - Purple Abstract (Set of Two)",Ethnic Sets & Separates,Other,1,20.6,4180.0,8.338305731356565
Bagh Print Cool Cotton Phiran Kurta - Red Paisley,Ethnic Sets & Separates,Cotton,1,20.6,2890.0,7.969357742016346
The Work Edit. Handwoven Kashida Pattu Kurta - Black Aztec,Ethnic Sets & Separates,Other,1,20.6,2690.0,7.897668150726906
The Work Edit. Bagru Hand Block Printed Cotton Full Kurta Set - Black Buds (3 pc set),Ethnic Sets & Separates,Cotton,1,20.6,3650.0,8.202756381655638
The Work Edit. Bagru Hand Block Printed Cotton Full Kurta Set - Floral Vine (3 pc set),Ethnic Sets & Separates,Cotton,1,20.6,3650.0,8.202756381655638
The Work Edit. Bagru Hand Block Printed Cotton Full Kurta Set - Black Floral (3 pc set),Ethnic Sets & Separates,Cotton,1,20.6,3650.0,8.202756381655638
The Work Edit. Bagru Hand Block Printed Cotton Full Kurta Set - Black Paisley (3 pc set),Ethnic Sets & Separates,Cotton,1,20.6,3650.0,8.202756381655638
The Work Edit. Bagru Hand Block Printed Cotton Full Kurta Set - Brick Florets (3 pc set),Ethnic Sets & Separates,Cotton,1,20.6,3650.0,8.202756381655638
The Work Edit. Bagru Hand Block Printed Cotton Full Kurta Set - Red Floral (3 pc set),Ethnic Sets & Separates,Cotton,1,20.6,3650.0,8.202756381655638
The Work Edit. Bagru Hand Block Printed Cotton Full Kurta Set - Black Florets (2 pc set),Ethnic Sets & Separates,Cotton,1,20.6,2980.0,8.000014093678072
Classic Elegance. The Kerala Kasavu Cotton & Zari Long Ethnic Kurta / Dress - White & Gold,Ethnic Sets & Separates,Cotton,1,20.6,3600.0,8.188966863648876
Traditional Elegance. Hand Embroidered Ilkal & Zardozi Ethnic  Kurta / Dress - Royal Emerald,Ethnic Sets & Separates,Other,1,20.6,3450.0,8.146419323098003
Traditional Elegance. Hand Embroidered Ilkal & Zardozi Ethnic  Kurta / Dress - Regal Black,Ethnic Sets & Separates,Other,1,20.6,3450.0,8.146419323098003
Classic Elegance. The Kerala Kasavu Cotton & Zari Ethnic Set (Set of 3) - White & Gold,Ethnic Sets & Separates,Cotton,3,20.6,3510.0,8.163656176168432
Handcrafted Heritage Fabric Kannamma Dolls - Ambujam Mami and Pattu Mama (Set of 2),Fabric Dolls,Other,2,20.6,3670.0,8.208219383496834
Handcrafted Heritage Fabric Kannamma Doll - Kokila Ben,Fabric Dolls,Other,1,20.6,2100.0,7.650168700845001
Handcrafted Heritage Fabric Kannamma Doll - Basanthi,Fabric Dolls,Other,1,20.6,2100.0,7.650168700845001
Handcrafted Heritage Fabric Kannamma Doll - Ambujam Maami,Fabric Dolls,Other,1,20.6,2100.0,7.650168700845001
Handcrafted Heritage Fabric Kannamma Doll - Rasathi,Fabric Dolls,Other,1,20.6,2100.0,7.650168700845001
Handcrafted Heritage Fabric Kannamma Doll - Munmun,Fabric Dolls,Other,1,20.6,2100.0,7.650168700845001
Handcrafted Heritage Fabric Kannamma Doll - Omana Chechi,Fabric Dolls,Other,1,20.6,2100.0,7.650168700845001
Handcrafted Heritage Fabric Kannamma Dolls - Omana Chechi and Lalettan (Set of 2),Fabric Dolls,Other,2,20.6,3670.0,8.208219383496834
Handcrafted Heritage Fabric Kannamma Dolls - Binoy and Munmun (Set of 2),Fabric Dolls,Other,2,20.6,3670.0,8.208219383496834
Handcrafted Heritage Fabric Kannamma Dolls - Narain Bhai and Kokila Ben (Set of 2),Fabric Dolls,Other,2,20.6,3970.0,8.286773231131251
Handcrafted Heritage Fabric Kannamma Doll - Kanmani,Fabric Dolls,Other,1,20.6,1800.0,7.496097345175956
Handcrafted Heritage Fabric Kannamma Dolls - Pattu Mama and Ambujam Maami (Set of 2),Fabric Dolls,Other,2,20.6,3670.0,8.208219383496834
Handcrafted Heritage Fabric Kannamma Dolls - Ratan and Basanti (Set of 2),Fabric Dolls,Other,2,20.6,3970.0,8.286773231131251
Handcrafted Heritage Fabric Kannamma Doll - Radha,Fabric Dolls,Other,1,20.6,2100.0,7.650168700845001
Handcrafted Heritage Fabric Kannamma Dolls - Arjun & Meenu (Set of 2),Fabric Dolls,Other,2,20.6,3550.0,8.174984532943087
Handcrafted Heritage Fabric Kannamma Doll - Meenu Whimsical,Fabric Dolls,Other,1,20.6,1980.0,7.591357046698551
Handcrafted Heritage Fabric Kannamma Doll - Urimila Taai,Fabric Dolls,Other,1,20.6,2100.0,7.650168700845001
Handcrafted Heritage Fabric Kannamma Doll - Jassi,Fabric Dolls,Other,1,20.6,2100.0,7.650168700845001
Handcrafted Heritage Fabric Kannamma Doll - Arjun in Pastel Stripes,Fabric Dolls,Other,1,20.6,1800.0,7.496097345175956
Handcrafted Heritage Fabric Kannamma Doll - Khanna,Fabric Dolls,Other,1,20.6,1800.0,7.496097345175956
Handcrafted Heritage Fabric Kannamma Doll - Arjun in Red Stripes,Fabric Dolls,Other,1,20.6,1800.0,7.496097345175956
Handcrafted Heritage Fabric Kannamma Doll - Meenu in Saree.,Fabric Dolls,Other,1,20.6,1980.0,7.591357046698551
Handcrafted Heritage Fabric Kannamma Doll - Ammu,Fabric Dolls,Other,1,20.6,1800.0,7.496097345175956
Handcrafted Heritage Fabric Kannamma Doll - Meenu in Dhavani,Fabric Dolls,Other,1,20.6,1980.0,7.591357046698551
Handcrafted Heritage Fabric Kannamma Doll - Meenu in Polka,Fabric Dolls,Other,1,20.6,1980.0,7.591357046698551
Handcrafted Heritage Fabric Kannamma Doll - Bindhu,Fabric Dolls,Other,1,20.6,1800.0,7.496097345175956
Handcrafted Heritage Fabric Kannamma Doll - Meenu in Dungree,Fabric Dolls,Other,1,20.6,1980.0,7.591357046698551
Handcrafted Shola Flowers Fairy Light,Fairy Light,Other,1,20.6,2170.0,7.682943169878292
Hand Embroidered Zardozi Xmas Decorations - Blue & Gold Horses (Set of 2),Festive Specials,Other,2,20.6,890.0,6.792344427470809
Hand Embroidered Zardozi Xmas Decorations - Blue & Gold Xmas Trees (Set of 2),Festive Specials,Other,2,20.6,890.0,6.792344427470809
Hand Embroidered Zardozi Xmas Decorations - Green & Gold Horses (Set of 2),Festive Specials,Other,2,20.6,890.0,6.792344427470809
Hand Embroidered Zardozi Xmas Decorations - Green & Gold Elephants (Set of 2),Festive Specials,Other,2,20.6,890.0,6.792344427470809
Hand Embroidered Zardozi Xmas Decorations - Beige Antique Birds (Set of 2),Festive Specials,Other,2,20.6,890.0,6.792344427470809
Hand Embroidered Zardozi Xmas Decorations - Beige Antique Butterflies (Set of 2),Festive Specials,Other,2,20.6,890.0,6.792344427470809
Hand Embroidered Zardozi Xmas Decorations - Beige Antique Elephants (Set of 2),Festive Specials,Other,2,20.6,890.0,6.792344427470809
Hand Embroidered Zardozi Xmas Decorations - Beige Antique Horses (Set of 2),Festive Specials,Other,2,20.6,890.0,6.792344427470809
Hand Embroidered Zardozi Xmas Decorations - Beige & Gold Horses (Set of 2),Festive Specials,Other,2,20.6,890.0,6.792344427470809
Hand Embroidered Zardozi Xmas Decorations - Red Antique Horses (Set of 2),Festive Specials,Other,2,20.6,890.0,6.792344427470809
Hand Embroidered Zardozi Xmas Decorations - Red Antique Birds (Set of 2),Festive Specials,Other,2,20.6,890.0,6.792344427470809
Hand Embroidered Zardozi Xmas Decorations - Blue Antique Xmas Trees (Set of 2),Festive Specials,Other,2,20.6,890.0,6.792344427470809
Hand Embroidered Zardozi Xmas Decorations - Blue Antique Horses (Set of 2),Festive Specials,Other,2,20.6,890.0,6.792344427470809
Hand Embroidered Zardozi Xmas Decorations - Blue Antique Elephants (Set of 2),Festive Specials,Other,2,20.6,890.0,6.792344427470809
Hand Embroidered Zardozi Xmas Decorations - Blue Antique Butterflies (Set of 2),Festive Specials,Other,2,20.6,890.0,6.792344427470809
Hand Embroidered Zardozi Xmas Decorations - Green & Gold Butterflies (Set of 2),Festive Specials,Other,2,20.6,890.0,6.792344427470809
Hand Embroidered Zardozi Xmas Decorations - Green Antique Horses (Set of 2),Festive Specials,Other,2,20.6,890.0,6.792344427470809
Hand Embroidered Zardozi Xmas Decorations - Green Antique Hearts (Set of 2),Festive Specials,Other,2,20.6,890.0,6.792344427470809
Hand Embroidered Zardozi Xmas Decorations - Green Antique Birds (Set of 2),Festive Specials,Other,2,20.6,890.0,6.792344427470809
Hand Embroidered Zardozi Xmas Decorations - Green Antique Stars (Set of 2),Festive Specials,Other,2,20.6,890.0,6.792344427470809
Kashmiri Art Xmas Decorations - Blue Rhapsody (Set of 9),Festive Specials,Other,9,20.6,2150.0,7.67368812926773
Kashmiri Art Xmas Decorations - Red Forests (Set of 9),Festive Specials,Other,9,20.6,2150.0,7.67368812926773
Kashmiri Art Xmas Decorations - Orange & Gold Flora (Set of 9),Festive Specials,Other,9,20.6,2020.0,7.611347717403621
Kashmiri Art Xmas Decorations - Blue & Pink Florals (Set of 9),Festive Specials,Other,9,20.6,2020.0,7.611347717403621
Kashmiri Art Xmas Decorations - Orange Flowers (Set of 9),Festive Specials,Other,9,20.6,2020.0,7.611347717403621
Kashmiri Art Xmas Decorations - Pink Flora (Set of 9),Festive Specials,Other,9,20.6,2020.0,7.611347717403621
Kashmiri Art Xmas Decorations - Blue Red Forests (Set of 9),Festive Specials,Other,9,20.6,2280.0,7.732369222284388
Kashmiri Art Xmas Decorations - Blue Baubles (Set of 4),Festive Specials,Other,4,20.6,1920.0,7.560601162768557
Kashmiri Art Xmas Decorations - Pink & Mauve Flora (Set of 9),Festive Specials,Other,9,20.6,2150.0,7.67368812926773
Kashmiri Art Xmas Decorations - Pink & Orange Flora (Set of 9),Festive Specials,Other,9,20.6,2240.0,7.714677473800927
Kashmiri Art Xmas Decorations - Orange Flora (Set of 9),Festive Specials,Other,9,20.6,2020.0,7.611347717403621
Kashmiri Art Xmas Decorations - Lavender & Green Medley (Set of 9),Festive Specials,Other,9,20.6,2020.0,7.611347717403621
Kashmiri Art Xmas Decorations - Pink & Mauve Rhapsody (Set of 12),Festive Specials,Other,12,20.6,2800.0,7.937731775260109
Kashmiri Art Xmas Decorations - Pink Ornaments (Set of 9),Festive Specials,Other,9,20.6,2020.0,7.611347717403621
Kashmiri Art Xmas Decorations - Blue & Red Forests (Set of 6),Festive Specials,Other,6,20.6,1500.0,7.313886831633462
Kashmiri Art Xmas Decorations - Trees & Forests (Set of 6),Festive Specials,Other,6,20.6,1500.0,7.313886831633462
Kashmiri Art Xmas Decorations - Black & Gold Medley (Set of 9),Festive Specials,Other,9,20.6,2280.0,7.732369222284388
Kashmiri Art Xmas Decorations - Blue & Red Forests (Set of 9),Festive Specials,Other,9,20.6,2150.0,7.67368812926773
Kashmiri Art Xmas Decorations - Gold Chinar (Set of 6),Festive Specials,Other,6,20.6,1370.0,7.223295679562314
Kashmiri Art Xmas Decorations - Pink & Green Medley (Set of 10),Festive Specials,Other,10,20.6,2420.0,7.791935956938058
Kashmiri Art Xmas Decorations - Lavender Medley (Set of 9),Festive Specials,Other,9,20.6,2020.0,7.611347717403621
Kashmiri Art Xmas Decorations - Pastel Rhapsody(Set of 9),Festive Specials,Other,9,20.6,2020.0,7.611347717403621
Kashmiri Art Xmas Decorations - Blue Medley (Set of 9),Festive Specials,Other,9,20.6,2150.0,7.67368812926773
Kashmiri Art Xmas Decorations - Navy Chinar (Set of 6),Festive Specials,Other,6,20.6,1370.0,7.223295679562314
Kashmiri Art Xmas Decorations - Red Forest (Set of 9),Festive Specials,Other,9,20.6,2020.0,7.611347717403621
Kashmiri Art Xmas Decorations - Blue Green Medley (Set of 9),Festive Specials,Other,9,20.6,2150.0,7.67368812926773
Kashmiri Art Xmas Decorations - Gold Chinar (Set of 9),Festive Specials,Other,9,20.6,2020.0,7.611347717403621
Kashmiri Art Xmas Decorations - Mauve & Green Flora (Set of 10),Festive Specials,Other,10,20.6,2420.0,7.791935956938058
Kashmiri Art Xmas Decorations - Pink Floral Medley (Set of 9),Festive Specials,Other,9,20.6,2150.0,7.67368812926773
Kashmiri Art Xmas Decorations - Floral Themes (Set of 9),Festive Specials,Other,9,20.6,2020.0,7.611347717403621
Kashmiri Art Xmas Decorations - Forest Wanderers (Set of 9),Festive Specials,Other,9,20.6,2020.0,7.611347717403621
Kashmiri Art Xmas Decorations - Floral Medley (Set of 10),Festive Specials,Other,10,20.6,2420.0,7.791935956938058
Kashmiri Art Xmas Decorations - Orange Florals (Set of 13),Festive Specials,Other,13,20.6,3010.0,8.010027528481734
"Kashmiri Art Xmas Decorations - Set of 8 (3 Moons, 3 Butterflies, 2 Bells)",Festive Specials,Other,8,20.6,1500.0,7.313886831633462
"Kashmiri Art Xmas Decorations - Set of 5 (3 Baubles, 2 Bells)",Festive Specials,Other,5,20.6,1020.0,6.928537818164665
Shola Craft Xmas Decorations - Set of 3,Festive Specials,Other,3,20.6,670.0,6.508769136971682
Shola Craft Xmas Decorations - Set of 4,Festive Specials,Other,4,20.6,710.0,6.566672429803241
Shola Craft Xmas Decorations - Set of 4,Festive Specials,Other,4,20.6,710.0,6.566672429803241
Shola Craft Xmas Decorations - Set of 4,Festive Specials,Other,4,20.6,710.0,6.566672429803241
Shola Craft Xmas Decorations - Set of 4,Festive Specials,Other,4,20.6,730.0,6.594413459749778
Shola Craft Xmas Decorations - Set of 4,Festive Specials,Other,4,20.6,730.0,6.594413459749778
Kashmiri Art Xmas Decorations - Set of 3 Moon,Festive Specials,Other,3,20.6,700.0,6.55250788703459
Kashmiri Art Xmas Decorations - Set of 3 Baubles,Festive Specials,Other,3,20.6,1010.0,6.918695219020472
Kashmiri Art Xmas Decorations - Set of 4 (2 Baubles & 2 Stars),Festive Specials,Other,4,20.6,1410.0,7.252053951852814
Kashmiri Art Xmas Decorations - Set of 4 (3 Stars & 1 Penguin),Festive Specials,Other,4,20.6,1180.0,7.074116816197362
"Kashmiri Art Xmas Decorations - Set of 7 (3 Butterflies, 2 Baubles, 2 Bells)",Festive Specials,Other,7,20.6,1390.0,7.237778191923443
"Kashmiri Art Xmas Decorations - Set of 9 (3 Stars, 3 Butterflies, 3 Camels)",Festive Specials,Other,9,20.6,1650.0,7.409136443920128
"Kashmiri Art Xmas Decorations - Set of 6 (3 Stars, 1 Bauble, 2 Bells)",Festive Specials,Other,6,20.6,1180.0,7.074116816197362
Kashmiri Art Xmas Decorations - Set of 3 (3 Santa),Festive Specials,Other,3,20.6,740.0,6.608000625296087
Kashmiri Art Xmas Decorations - Set of 6 (6 Moons),Festive Specials,Other,6,20.6,1040.0,6.947937068614969
"Kashmiri Art Xmas Decorations - Set of 6 (3 Moons, 3 Santa)",Festive Specials,Other,6,20.6,1140.0,7.039660349862076
"Kashmiri Art Xmas Decorations - Set of 6 (3 Moons, 3 Santa)",Festive Specials,Other,6,20.6,1040.0,6.947937068614969
"Kashmiri Art Xmas Decorations - Set of 6 (3 Moons, 3 Santa)",Festive Specials,Other,6,20.6,1040.0,6.947937068614969
"'Ember Tower' Decorative Floor Lamp In Mango Wood (70 Cm, Without Bulb, Handcrafted)",Floor Lamps,Wood,1,70.0,2199.0,7.696212639346407
"‘Forever Us’ Mango Wood Decorative Floor Lamp (70 cm, Without Bulb, Handcrafted)",Floor Lamps,Wood,1,70.0,2099.0,7.649692623711514
"'Moroccan Glow' Decorative Floor Lamp In Mango Wood (70 Cm, Without Bulb, Handcrafted)",Floor Lamps,Wood,1,70.0,2199.0,7.696212639346407
Heritage Batik Print Pocket Squares (Set of 3),Formal Accessories,Other,3,20.6,1920.0,7.560601162768557
Heritage Batik Print Pocket Squares (Set of 3),Formal Accessories,Other,3,20.6,1920.0,7.560601162768557
Heritage Batik Print Pocket Squares (Set of 3),Formal Accessories,Other,3,20.6,1920.0,7.560601162768557
Heritage Batik Print Pocket Squares (Set of 3),Formal Accessories,Other,3,20.6,1920.0,7.560601162768557
Heritage Batik Print Pocket Squares (Set of 3),Formal Accessories,Other,3,20.6,1920.0,7.560601162768557
Heritage Batik Print Pocket Squares (Set of 3),Formal Accessories,Other,3,20.6,1920.0,7.560601162768557
Heritage Batik Print Pocket Squares (Set of 3),Formal Accessories,Other,3,20.6,1920.0,7.560601162768557
Heritage Batik Print Pocket Squares (Set of 3),Formal Accessories,Other,3,20.6,1920.0,7.560601162768557
"'Mughal Heritage' Fridge Magnets (8.8 Cm, Set of 3, Iron,Hand-Enameled)",Fridge Magnets,Iron,3,8.8,549.0,6.309918278226516
"'Krishna's Grace' Fridge Magnets (8.8 Cm, Set of 3, Iron, Hand-Enameled)",Fridge Magnets,Iron,3,8.8,549.0,6.309918278226516
"'Village Serenity' Fridge Magnets (8.8 Cm, Set of 5, Iron, Hand-Enameled)",Fridge Magnets,Iron,5,8.8,799.0,6.684611727667927
"'Village Serenity' Fridge Magnets (8.8 Cm, Set of 3, Iron, Hand-Enameled)",Fridge Magnets,Iron,3,8.8,599.0,6.396929655216146
"'Mughal Heritage' Fridge Magnets (8.8 Cm, Set of 5, Iron,Hand-Enameled)",Fridge Magnets,Iron,5,8.8,799.0,6.684611727667927
"Channapatna Wooden Toy - Racing Car, Yellow",Games & Toys,Wood,1,20.6,740.0,6.608000625296087
Handcrafted Wooden Toy - Deer,Games & Toys,Wood,1,20.6,800.0,6.68586094706836
"Channapatna Wooden Toy - Engine, Red",Games & Toys,Wood,1,20.6,660.0,6.493753839851686
"Channapatna Wooden Toy - Balancing Doll, Red",Games & Toys,Wood,1,20.6,760.0,6.634633357861686
"Divine Grace' Ganesha Idol Decorative Showpiece Figurine (Eco-Friendly Clay, Handcrafted, 3.5 Inch)",Ganesha Idol,Terracotta/Clay,1,8.89,475.0,6.16541785423142
"Sacred Glory' Ganesha Idol Decorative Showpiece Figurine (Eco-Friendly Clay, Handcrafted, 6.1 Inch)",Ganesha Idol,Terracotta/Clay,1,15.494,599.0,6.396929655216146
Hand-Etched 'Dancing Ganesha' Idol Showpiece In Brass (300 grams),Ganesha Idol,Brass,1,20.6,980.0,6.8885724595653635
"'Reading Ganesha' Idol Decorative Showpiece Figurine (Resin, Handcrafted, 19.6 cm)",Ganesha Idol,Other,1,19.6,899.0,6.802394763324311
"'Divine Blessing Car Ganesha' Idol Decorative Showpiece Figurine (Resin, Handcrafted, 8.8 Cm)",Ganesha Idol,Other,1,8.8,699.0,6.551080335043404
"'Divine Harmonium Ganesha' Decorative Showpiece Figurine (Resin, Hand-Crafted, 12.6 Cm)",Ganesha Idol,Other,1,12.6,799.0,6.684611727667927
"'Divine Flute Ganesha' Idol Decorative Showpiece Figurine (Resin, Hand-Crafted, 14.5 Cm)",Ganesha Idol,Other,1,14.5,799.0,6.684611727667927
"'Divine Car Ganesha's Grace' Idol Decorative Showpiece Figurine (Resin, Hand-Crafted, 9.8 Cm)",Ganesha Idol,Other,1,9.8,699.0,6.551080335043404
"'Yoga Ganesha' Idol Decorative Showpiece Figurine (Resin, Handcrafted, 23.1 cm)",Ganesha Idol,Other,1,23.1,999.0,6.907755278982137
"'Laxmi Ganesh & Peacock' Idol Showpiece Figurine with Diya (1 Wick, 14.5 cm, Golden, Metal, Handcrafted)",Ganesha Idol,Other,1,14.5,639.0,6.461468176353717
'Happy Fish' Handmade Garden Decorative Hanging In Terracotta (Set of 2),Garden Decorative Hanging,Terracotta/Clay,2,20.6,840.0,6.734591659972948
'Beautiful Birdies' Handmade & Hand Painted Garden Decorative Hanging In Terracotta,Garden Decorative Hanging,Terracotta/Clay,1,20.6,899.0,6.802394763324311
Beautiful Birdies Handmade Terracotta Garden Decorative Hanging (Set Of 2),Garden Decorative Hanging,Terracotta/Clay,2,20.6,1129.0,7.029972911706386
'Spiral Snails' Handmade Garden Decorative Hanging In Terracotta (Set of 2),Garden Decorative Hanging,Terracotta/Clay,2,20.6,840.0,6.734591659972948
'Baby Cuckoos' Handmade Decorative Garden Table Cum Wall Showpiece In Terracotta,Garden Decorative Vase,Terracotta/Clay,1,20.6,589.0,6.380122536899765
'Frog Maiden' Handpainted Garden Decorative Showpiece In Metal (27.9 cm),Garden Showpieces,Other,1,27.9,1279.0,7.154615356913663
The Gift Card from The India Craft House,Gift Cards,Other,1,20.6,500.0,6.2166061010848646
The E-Gift Card from The India Craft House,Gift Cards,Other,1,20.6,500.0,6.2166061010848646
Gift Wrapping,Gift Wrap Customer,Other,1,20.6,150.0,5.017279836814924
Vankatha Tote Bag,Graphic - Bags 002,Other,1,20.6,450.0,6.111467339502679
Camel Design Cotton Bag,Graphic - Bags 002,Cotton,1,20.6,85.0,4.454347296253507
Owl Design Cotton Bag,Graphic - Bags 002,Cotton,1,20.6,85.0,4.454347296253507
Cosmetic Purple Pouch India Centric,Graphic - Bags 002,Other,1,20.6,150.0,5.017279836814924
Camel Design Cotton Pouch,Graphic - Bags 002,Cotton,1,20.6,135.0,4.912654885736052
Owl Design Cotton Pouch,Graphic - Bags 002,Cotton,1,20.6,135.0,4.912654885736052
Cosmetic Cotton Pouch,Graphic - Bags 002,Cotton,1,20.6,149.0,5.0106352940962555
Utility Cotton Pouch,Graphic - Bags 002,Cotton,1,20.6,149.0,5.0106352940962555
Vankatha Mini Handbag,Graphic - Bags 002,Other,1,20.6,990.0,6.898714534329988
Vankatha Poly Canvas Lunch Bag,Graphic - Bags 002,Other,1,20.6,1100.0,7.00397413672268
Vankatha Wristlet,Graphic - Bags 002,Other,1,20.6,450.0,6.111467339502679
India Centric Jute Shopping Bag (Purple),Graphic - Bags 002,Jute,1,20.6,250.0,5.5254529391317835
Mughal Floral Wristlet,Graphic - Bags 002,Other,1,20.6,450.0,6.111467339502679
Mughal Floral Wallet with Mobile Holder,Graphic - Bags 002,Other,1,20.6,1000.0,6.90875477931522
Stripe Canvas Pouch (S/3),Graphic - Bags 002,Other,1,20.6,395.0,5.981414211254481
Multi Flowers Canvas Printed Pouch (S/3),Graphic - Bags 002,Other,1,20.6,395.0,5.981414211254481
India Centric Jute Shopping Bag,Graphic - Bags 002,Jute,1,20.6,250.0,5.5254529391317835
Ajrakh Maroon Poly Canvas Lunch Bag,Graphic - Bags 002,Other,1,20.6,1100.0,7.00397413672268
Elephant Floral Poly Canvas Lunch Bag,Graphic - Bags 002,Other,1,20.6,1100.0,7.00397413672268
Mughal Floral Poly Canvas Lunch Bag,Graphic - Bags 002,Other,1,20.6,1100.0,7.00397413672268
Madhubani Sun Poly Canvas Lunch Bag,Graphic - Bags 002,Other,1,20.6,1100.0,7.00397413672268
Ajrakh Brown Wristlet,Graphic - Bags 002,Other,1,20.6,450.0,6.111467339502679
Bani Thani Wristlet,Graphic - Bags 002,Other,1,20.6,450.0,6.111467339502679
Bani Thani Satin Cushion Cover Set of 2,Graphic - Cushion Covers 002,Other,2,20.6,695.0,6.54534966033442
Vankatha Satin Cushion Covers - 16 in x 16 in - Set of 2,Graphic - Cushion Covers 002,Other,2,40.64,695.0,6.54534966033442
Madhubani Satin Cushion Covers - 16 in x 16 in - Set of 2,Graphic - Cushion Covers 002,Other,2,40.64,695.0,6.54534966033442
Hyderabad Reversible Diary Case,Graphic - Diaries 002,Other,1,20.6,950.0,6.85751406254539
Delhi Reversible Diary Case,Graphic - Diaries 002,Other,1,20.6,950.0,6.85751406254539
Rajasthan Reversible Diary Case,Graphic - Diaries 002,Other,1,20.6,950.0,6.85751406254539
Pune Reversible Diary Case,Graphic - Diaries 002,Other,1,20.6,950.0,6.85751406254539
Bangaluru Reversible Diary Case,Graphic - Diaries 002,Other,1,20.6,950.0,6.85751406254539
Kerala Reversible Diary Case,Graphic - Diaries 002,Other,1,20.6,950.0,6.85751406254539
Vankatha Leather Case with Diary,Graphic - Diaries 002,Other,1,20.6,950.0,6.85751406254539
Mughal Floral Visiting Card Holder,Graphic - Diaries 002,Other,1,20.6,450.0,6.111467339502679
Mumbai Reversible Leather Case with Diary,Graphic - Diaries 002,Other,1,20.6,950.0,6.85751406254539
India Reversible Leather Case with Diary,Graphic - Diaries 002,Other,1,20.6,950.0,6.85751406254539
Fabric Bahi Diary 7.6 in x 11.4 in,Graphic - Diaries 002,Other,1,19.304,349.0,5.857933154483459
Mandala Pink Molidora Diary 5 in x 7 in,Graphic - Diaries 002,Other,1,12.7,200.0,5.303304908059076
Char Minar Diary,Graphic - Diaries 002,Other,1,20.6,450.0,6.111467339502679
Elephant Floral Visiting Card Holder,Graphic - Diaries 002,Other,1,20.6,450.0,6.111467339502679
Signature Elephant Visiting Card Holder,Graphic - Diaries 002,Other,1,20.6,450.0,6.111467339502679
Madhubani Leather Case with Diary,Graphic - Diaries 002,Other,1,20.6,950.0,6.85751406254539
Guldasta Glass Transparent Mug Set of 2,Graphic - Drinkware 002,Glass,2,20.6,600.0,6.398594934535208
Apollo Bunder Coffee Mug 300 ml,Graphic - Drinkware 002,Other,1,20.6,300.0,5.707110264748875
Bani Thani Coffee Mug with Gold Foiling 340 ml,Graphic - Drinkware 002,Other,1,20.6,450.0,6.111467339502679
Mint Green Coffee Mug with Silver Foiling 340 ml,Graphic - Drinkware 002,Other,1,20.6,450.0,6.111467339502679
Royal Elephant Coffee Mug with Gold Foiling 340 ml,Graphic - Drinkware 002,Other,1,20.6,395.0,5.981414211254481
Elephant Floral Coffee Mug with Gold Foiling 340 ml,Graphic - Drinkware 002,Other,1,20.6,450.0,6.111467339502679
Regal Mayura Coffee Mug with Gold Foiling 340 ml,Graphic - Drinkware 002,Other,1,20.6,450.0,6.111467339502679
Chill Beer Mug 480 ml,Graphic - Drinkware 002,Other,1,20.6,450.0,6.111467339502679
Delhi Beer Mug 480 ml,Graphic - Drinkware 002,Other,1,20.6,450.0,6.111467339502679
Desi Swag Beer Mug 480 ml,Graphic - Drinkware 002,Other,1,20.6,450.0,6.111467339502679
Incredible India Beer Mug 480 ml,Graphic - Drinkware 002,Other,1,20.6,450.0,6.111467339502679
Mumbai Meri Jaan Beer Mug 480 ml,Graphic - Drinkware 002,Other,1,20.6,450.0,6.111467339502679
Sher Khan Beer Mug 480 ml,Graphic - Drinkware 002,Other,1,20.6,450.0,6.111467339502679
India Doodle Frosted Tumbler Glass 480 ml,Graphic - Drinkware 002,Glass,1,20.6,450.0,6.111467339502679
Royal Safari Frosted Tumbler Glass 480 ml,Graphic - Drinkware 002,Glass,1,20.6,450.0,6.111467339502679
Mughal Motif Transparent Tumbler Glass 480 ml,Graphic - Drinkware 002,Glass,1,20.6,450.0,6.111467339502679
Royal Jharokha Transparent Tumbler Glass 480 ml,Graphic - Drinkware 002,Glass,1,20.6,450.0,6.111467339502679
Atlas Copper Bottle 1100 ml,Graphic - Drinkware 002,Other,1,20.6,1795.0,7.493317248862145
Enamel Copper Bottle 550 ml,Graphic - Drinkware 002,Other,1,20.6,1100.0,7.00397413672268
Grey Floral Copper Bottle 950 ml,Graphic - Drinkware 002,Other,1,20.6,1495.0,7.310550158534422
Jungle Bliss Copper Bottle 950 ml,Graphic - Drinkware 002,Other,1,20.6,1495.0,7.310550158534422
Mandala Copper Bottle 950 ml,Graphic - Drinkware 002,Other,1,20.6,1495.0,7.310550158534422
Navy Floral Copper Bottle 950 ml,Graphic - Drinkware 002,Other,1,20.6,1495.0,7.310550158534422
Floral Grey Copper Bottle with 2 Glasses in Gift Box,Graphic - Drinkware 002,Glass,1,20.6,2800.0,7.937731775260109
Navy Floral Copper Bottle with 2 Glasses in Gift Box,Graphic - Drinkware 002,Glass,1,20.6,2800.0,7.937731775260109
Jungle Bliss Copper Bottle with 2 Glasses in Gift Box,Graphic - Drinkware 002,Glass,1,20.6,2800.0,7.937731775260109
Mandala Copper Bottle with 2 Glasses in Gift Box,Graphic - Drinkware 002,Glass,1,20.6,2800.0,7.937731775260109
Jungle Bliss Copper Apple Pot 1000 ml,Graphic - Drinkware 002,Other,1,20.6,2800.0,7.937731775260109
Mandala Copper Apple Pot 1000 ml,Graphic - Drinkware 002,Other,1,20.6,2800.0,7.937731775260109
Ikat Teal Copper Glass 340 ml,Graphic - Drinkware 002,Glass,1,20.6,650.0,6.478509642208569
Mandala Copper Glass 340 ml,Graphic - Drinkware 002,Glass,1,20.6,650.0,6.478509642208569
Copper Glasses in Gift Box 450 ml each (Set of 2),Graphic - Drinkware 002,Glass,2,20.6,1600.0,7.3783837129967145
Guldasta Pink Mug,Graphic - Drinkware 002,Other,1,20.6,300.0,5.707110264748875
Royal Jharokha Mug,Graphic - Drinkware 002,Other,1,20.6,300.0,5.707110264748875
India Mug with Coaster,Graphic - Drinkware 002,Other,1,20.6,450.0,6.111467339502679
Mumbai Mug with Coaster,Graphic - Drinkware 002,Other,1,20.6,450.0,6.111467339502679
Madhubani Coffee Mugs Set of 2 (300 ml each),Graphic - Drinkware 002,Other,2,20.6,600.0,6.398594934535208
Blue Pottery Indigo Coffee Mug 300 ml,Graphic - Drinkware 002,Ceramic,1,20.6,300.0,5.707110264748875
Ajrakh Placemat (Maroon),Graphic - Tableware 002,Other,1,20.6,295.0,5.69035945432406
Elephant Floral Small Tray with Gold Foiling,Graphic - Tableware 002,Other,1,20.6,995.0,6.903747257584598
Madhubani Napkin Holder,Graphic - Tableware 002,Other,1,20.6,195.0,5.278114659230517
Vankatha Coaster with Holder (Set of 6),Graphic - Tableware 002,Other,6,20.6,795.0,6.679599185844383
Bani Thani Reversible Table Mats,Graphic - Tableware 002,Other,1,20.6,450.0,6.111467339502679
Vankatha Reversible Tablemat with Matte Finish,Graphic - Tableware 002,Other,1,20.6,450.0,6.111467339502679
Vankatha Round Penstand,Graphic - Tableware 002,Other,1,20.6,195.0,5.278114659230517
Vankatha Coaster with Holder (Set of 4),Graphic - Tableware 002,Other,4,20.6,650.0,6.478509642208569
Vankatha Platter with Metal Handle,Graphic - Tableware 002,Other,1,20.6,1595.0,7.3752557780097545
Vankatha Tissue Box Holder,Graphic - Tableware 002,Other,1,20.6,1300.0,7.170888478512505
Elephant Floral Pen Stand with Gold Foiling,Graphic - Tableware 002,Other,1,20.6,250.0,5.5254529391317835
Blue Pottery Coaster with Holder (Set of 4),Graphic - Tableware 002,Ceramic,4,20.6,495.0,6.206575926724928
Vatika Square Coasters (Set of 6),Graphic - Tableware 002,Other,6,20.6,495.0,6.206575926724928
Pichwai Lotus Square Coasters (Set of 6),Graphic - Tableware 002,Other,6,20.6,500.0,6.2166061010848646
Tropical Square Coasters (Set of 6),Graphic - Tableware 002,Other,6,20.6,495.0,6.206575926724928
Tropical Reversible Tablemat with Matte Finish,Graphic - Tableware 002,Other,1,20.6,450.0,6.111467339502679
Vatika Reversible Tablemat with Matte Finish,Graphic - Tableware 002,Other,1,20.6,450.0,6.111467339502679
Guldasta Pink Rectangle Enamel Medium Tray,Graphic - Tableware 002,Other,1,20.6,1390.0,7.237778191923443
Guldasta Pink Enamel Small Tray,Graphic - Tableware 002,Other,1,20.6,1150.0,7.048386408721883
Guldasta Pink Coaster with Holder (Set of 4),Graphic - Tableware 002,Other,4,20.6,650.0,6.478509642208569
Tropical Square Trivet with Matte Finish,Graphic - Tableware 002,Other,1,20.6,250.0,5.5254529391317835
Vankatha Rectangle Medium Tray with Matte Finish,Graphic - Tableware 002,Other,1,20.6,1390.0,7.237778191923443
Guldasta Pink Rectangle Enamel Mini Tray,Graphic - Tableware 002,Other,1,20.6,950.0,6.85751406254539
Vankatha Rectangle Small Tray with Matte Finish,Graphic - Tableware 002,Other,1,20.6,1150.0,7.048386408721883
Vankatha Rectangle Mini Tray with Matte Finish,Graphic - Tableware 002,Other,1,20.6,950.0,6.85751406254539
Dwaar Rectangle Enamel Medium Tray,Graphic - Tableware 002,Other,1,20.6,995.0,6.903747257584598
Regal Mayura Napkin Holder with Raised Gold Foiling,Graphic - Tableware 002,Other,1,20.6,250.0,5.5254529391317835
Bani Thani Gold Foiled Square Coasters with Holder (Set of 6),Graphic - Tableware 002,Other,6,20.6,595.0,6.39024066706535
Elephant Floral Gold Foiled Square Coasters with Holder (Set of 6),Graphic - Tableware 002,Other,6,20.6,595.0,6.39024066706535
Mint Green Gold Foiled Square Coasters with Holder (Set of 6),Graphic - Tableware 002,Other,6,20.6,595.0,6.39024066706535
Navy Floral Gold Foiled Square Coasters with Holder (Set of 6),Graphic - Tableware 002,Other,6,20.6,595.0,6.39024066706535
Elephant Floral Enamel Square Trivet with Gold Foiling,Graphic - Tableware 002,Other,1,20.6,295.0,5.69035945432406
Bani Thani Enamel Square Trivet with Gold Foiling,Graphic - Tableware 002,Other,1,20.6,295.0,5.69035945432406
Mint Silver Enamel Square Trivet with Gold Foiling,Graphic - Tableware 002,Other,1,20.6,350.0,5.860786223465865
Navy Floral Enamel Square Trivet with Gold Foiling,Graphic - Tableware 002,Other,1,20.6,350.0,5.860786223465865
Blue Pottery Pen Stand,Graphic - Tableware 002,Ceramic,1,20.6,195.0,5.278114659230517
Blue Pottery Napkin Holder,Graphic - Tableware 002,Ceramic,1,20.6,195.0,5.278114659230517
Royal Elephant Square Enamel Tray,Graphic - Tableware 002,Other,1,20.6,895.0,6.79794041297493
Regal Mayura Square Enamel Tray,Graphic - Tableware 002,Other,1,20.6,895.0,6.79794041297493
Royal Elephant Gold Foiled Napkin Holder,Graphic - Tableware 002,Other,1,20.6,250.0,5.5254529391317835
Elephant Floral Gold Foiled Napkin Holder,Graphic - Tableware 002,Other,1,20.6,250.0,5.5254529391317835
Mint Silver Cutlery Holder with Silver Foiling,Graphic - Tableware 002,Other,1,20.6,695.0,6.54534966033442
Navy Floral Cutlery Holder with Gold Foiling,Graphic - Tableware 002,Other,1,20.6,695.0,6.54534966033442
Regal Mayura Tissue & Cutlery Holder with Gold Foiling,Graphic - Tableware 002,Other,1,20.6,895.0,6.79794041297493
Royal Elephant Tissue & Cutlery Holder with Gold Foiling,Graphic - Tableware 002,Other,1,20.6,895.0,6.79794041297493
Regal Mayura Tray with Gold Foiling (Set of 2),Graphic - Tableware 002,Other,2,20.6,1795.0,7.493317248862145
Royal Elephant Tray with Gold Foiling (Set 2),Graphic - Tableware 002,Other,1,20.6,1795.0,7.493317248862145
Blue Pottery Round Tray,Graphic - Tableware 002,Ceramic,1,20.6,695.0,6.54534966033442
Blue Pottery Small Tray,Graphic - Tableware 002,Ceramic,1,20.6,795.0,6.679599185844383
Bani Thani Small Tray with Gold Foiling,Graphic - Tableware 002,Other,1,20.6,995.0,6.903747257584598
Mint Green Small Tray with Silver Foiling,Graphic - Tableware 002,Other,1,20.6,995.0,6.903747257584598
Navy Floral Small Tray with Gold Foiling,Graphic - Tableware 002,Other,1,20.6,995.0,6.903747257584598
Blue Pottery Medium Tray,Graphic - Tableware 002,Ceramic,1,20.6,995.0,6.903747257584598
Mint Green Medium Tray with Silver Foiling,Graphic - Tableware 002,Other,1,20.6,1095.0,6.999422467507961
Navy Floral Medium Tray with Gold Foiling,Graphic - Tableware 002,Other,1,20.6,1095.0,6.999422467507961
Bani Thani Pen Stand with Gold Foiling,Graphic - Tableware 002,Other,1,20.6,250.0,5.5254529391317835
Elephant Floral Square Enamel Tray,Graphic - Tableware 002,Other,1,20.6,895.0,6.79794041297493
Regal Mayura Gold Foiled Square Coasters with Holder (Set of 6),Graphic - Tableware 002,Other,6,20.6,595.0,6.39024066706535
Doodle Mandala Enamel Round Tray,Graphic - Tableware 002,Other,1,20.6,695.0,6.54534966033442
Regal Mayura Tissue Box Holder,Graphic - Tableware 002,Other,1,20.6,850.0,6.7464121285733745
Royal Elephant Tissue Box Holder,Graphic - Tableware 002,Other,1,20.6,850.0,6.7464121285733745
Royal Elephant Pen Stand with Gold Foiling,Graphic - Tableware 002,Other,1,20.6,250.0,5.5254529391317835
Regal Mayura Pen Stand with Gold Foiling,Graphic - Tableware 002,Other,1,20.6,250.0,5.5254529391317835
Royal Elephant Gold Foiled Square Coasters with Holder (Set of 6),Graphic - Tableware 002,Other,6,20.6,595.0,6.39024066706535
Old Bombay Square Coasters with Holder (Set of 4),Graphic - Tableware 002,Other,4,20.6,495.0,6.206575926724928
Blue Pottery Enamel Round Trivet,Graphic - Tableware 002,Ceramic,1,20.6,250.0,5.5254529391317835
Blue Pottery Rectangle Enamel Pen Tray,Graphic - Tableware 002,Ceramic,1,20.6,395.0,5.981414211254481
Blue Pottery Rectangle Enamel Mini tray,Graphic - Tableware 002,Ceramic,1,20.6,595.0,6.39024066706535
Blue Pottery Coaster with Holder (Set of 4),Graphic - Tableware 002,Ceramic,4,20.6,495.0,6.206575926724928
Regal Mayura Enamel Round Trivet with Gold Foiling,Graphic - Tableware 002,Other,1,20.6,295.0,5.69035945432406
Royal Elephant Enamel Round Trivet with Gold Foiling,Graphic - Tableware 002,Other,1,20.6,295.0,5.69035945432406
Pattachitra Jungle Enamel Round Trivet,Graphic - Tableware 002,Other,1,20.6,250.0,5.5254529391317835
Sui Dhaaga Square Coasters with Holder (Set of 4),Graphic - Tableware 002,Other,4,20.6,495.0,6.206575926724928
Sui Dhaaga Rectangle Enamel Medium Tray,Graphic - Tableware 002,Other,1,20.6,995.0,6.903747257584598
Dwaar Tissue Box Holder,Graphic - Tableware 002,Other,1,20.6,750.0,6.621405651764134
Dwaar Square Enamel Small Tray,Graphic - Tableware 002,Other,1,20.6,795.0,6.679599185844383
Dwaar Square Coasters with Holder (Set of 4),Graphic - Tableware 002,Other,4,20.6,495.0,6.206575926724928
Dwaar Rectangle Enamel Small Tray,Graphic - Tableware 002,Other,1,20.6,795.0,6.679599185844383
Dwaar Rectangle Enamel Pen Tray,Graphic - Tableware 002,Other,1,20.6,395.0,5.981414211254481
Dwaar Rectangle Enamel Mini Tray,Graphic - Tableware 002,Other,1,20.6,595.0,6.39024066706535
Dwaar Pen Stand,Graphic - Tableware 002,Other,1,20.6,195.0,5.278114659230517
Dwaar Enamel Round Trivet,Graphic - Tableware 002,Other,1,20.6,250.0,5.5254529391317835
Blue Pottery Rectangle Enamel Medium tray,Graphic - Tableware 002,Ceramic,1,20.6,995.0,6.903747257584598
Blue Pottery Enamel Small tray,Graphic - Tableware 002,Ceramic,1,20.6,795.0,6.679599185844383
Ajrakh Rectangle Small Tray with Matte Finish (Maroon),Graphic - Tableware 002,Other,1,20.6,1150.0,7.048386408721883
Ajrakh Rectangle Medium Tray with Matte Finish (Maroon),Graphic - Tableware 002,Other,1,20.6,1350.0,7.208600337960199
Ajrakh Rectangle Mini Tray with Matte Finish (Maroon),Graphic - Tableware 002,Other,1,20.6,895.0,6.79794041297493
"King Procession Tray, Mug and Coaster Combo Set",Graphic - Tableware 002,Other,1,20.6,1595.0,7.3752557780097545
"Dwaar Tray, Mug and Coaster Combo Set",Graphic - Tableware 002,Other,1,20.6,1595.0,7.3752557780097545
Kalamkari Placemat,Graphic - Tableware 002,Other,1,20.6,295.0,5.69035945432406
Pattachitra Jungle Round Pen Stand,Graphic - Tableware 002,Other,1,20.6,195.0,5.278114659230517
Pattachitra Jungle Napkin Holder,Graphic - Tableware 002,Other,1,20.6,195.0,5.278114659230517
Signature Elephant Rectangle Enamel Small Tray,Graphic - Tableware 002,Other,1,20.6,795.0,6.679599185844383
King Procession Enamel Round Tray,Graphic - Tableware 002,Other,1,20.6,695.0,6.54534966033442
King Procession Rectangle Enamel Medium Tray,Graphic - Tableware 002,Other,1,20.6,995.0,6.903747257584598
King Procession Enamel Round Trivet,Graphic - Tableware 002,Other,1,20.6,250.0,5.5254529391317835
Signature Enamel Round Trivet,Graphic - Tableware 002,Other,1,20.6,250.0,5.5254529391317835
King Procession Round Pen Stand,Graphic - Tableware 002,Other,1,20.6,195.0,5.278114659230517
King Procession Tissue Box Holder,Graphic - Tableware 002,Other,1,20.6,750.0,6.621405651764134
King Procession Napkin Holder,Graphic - Tableware 002,Other,1,20.6,195.0,5.278114659230517
Signature Napkin Holder (Yellow & Green),Graphic - Tableware 002,Other,1,20.6,195.0,5.278114659230517
King Procession Rectangle Enamel Pen Tray,Graphic - Tableware 002,Other,1,20.6,395.0,5.981414211254481
Signature Orange & Yellow Rectangle Enamel Pen Tray,Graphic - Tableware 002,Other,1,20.6,395.0,5.981414211254481
King Procession Rectangle Enamel Small Tray,Graphic - Tableware 002,Other,1,20.6,795.0,6.679599185844383
Signature Yellow Elephant Rectangle Enamel Mini Tray,Graphic - Tableware 002,Other,1,20.6,595.0,6.39024066706535
Signature Round Coasters with Holder (Set of 4),Graphic - Tableware 002,Other,4,20.6,495.0,6.206575926724928
Signature Elephant Square Coasters with Holder (Set of 4),Graphic - Tableware 002,Other,4,20.6,495.0,6.206575926724928
Signature Elephant Rectangle Enamel Medium Tray,Graphic - Tableware 002,Other,1,20.6,995.0,6.903747257584598
Pattachitra Folktales Rectangle Enamel Medium Tray,Graphic - Tableware 002,Other,1,20.6,995.0,6.903747257584598
King Procession Rectangle Enamel Mini Tray,Graphic - Tableware 002,Other,1,20.6,595.0,6.39024066706535
King Procession Square Coasters with Holder (Set of 4),Graphic - Tableware 002,Other,4,20.6,495.0,6.206575926724928
Kalamkari Rectangle Tissue Box Holder,Graphic - Tableware 002,Other,1,20.6,1300.0,7.170888478512505
Kalamkari Rectangle Mini Tray with Matte Finish,Graphic - Tableware 002,Other,1,20.6,895.0,6.79794041297493
Kalamkari Rectangle Medium Tray with Matte Finish,Graphic - Tableware 002,Other,1,20.6,1350.0,7.208600337960199
Kalamkari Rectangle Small Tray with Matte Finish,Graphic - Tableware 002,Other,1,20.6,1150.0,7.048386408721883
Kalamkari Square Coasters with Holder (Set of 4),Graphic - Tableware 002,Other,4,20.6,650.0,6.478509642208569
Elephant Fabrication Rectangle Enamel Medium Tray,Graphic - Tableware 002,Other,1,20.6,995.0,6.903747257584598
Elephant Fabrication Round Coasters with Holder (Set of 4),Graphic - Tableware 002,Other,4,20.6,495.0,6.206575926724928
Madhubani Fish Digital Printed Umbrella (Straight),Graphic - Umbrellas 002,Other,1,20.6,1100.0,7.00397413672268
Tropical Blue Digital Printed Umbrella (3-Fold),Graphic - Umbrellas 002,Other,1,20.6,995.0,6.903747257584598
Madhubani Sun Gree Digital Printed Umbrella (3-Fold),Graphic - Umbrellas 002,Other,1,20.6,995.0,6.903747257584598
Pichwai Blue and Pink Digital Printed Umbrella (3-Fold),Graphic - Umbrellas 002,Other,1,20.6,995.0,6.903747257584598
Royal Jharokha Brown Digital Printed Umbrella (3-Fold),Graphic - Umbrellas 002,Other,1,20.6,995.0,6.903747257584598
Vankatha Royal Blue Digital Printed Umbrella (3-Fold),Graphic - Umbrellas 002,Other,1,20.6,995.0,6.903747257584598
Ajrakh Sitara Digital Printed Umbrella (3-Fold),Graphic - Umbrellas 002,Other,1,20.6,995.0,6.903747257584598
Pichwai Blue and Pink Digital Printed Reversible Umbrella (Straight),Graphic - Umbrellas 002,Other,1,20.6,1595.0,7.3752557780097545
Tropical Blue Digital Printed Reversible Umbrella (Straight),Graphic - Umbrellas 002,Other,1,20.6,1595.0,7.3752557780097545
Royal Jharokha Brown Digital Printed Reversible Umbrella (Straight),Graphic - Umbrellas 002,Other,1,20.6,1595.0,7.3752557780097545
Madhubani Sun Green Digital Printed Reversible Umbrella (Straight),Graphic - Umbrellas 002,Other,1,20.6,1595.0,7.3752557780097545
Ajrakh Sitara Digital Printed Reversible Umbrella (Straight),Graphic - Umbrellas 002,Other,1,20.6,1595.0,7.3752557780097545
Vankatha Royal Blue Reversable Digital Printed Umbrella (Straight),Graphic - Umbrellas 002,Other,1,20.6,1595.0,7.3752557780097545
Orange Mint Digital Printed Umbrella (Straight),Graphic - Umbrellas 002,Other,1,20.6,1100.0,7.00397413672268
Orange Mint Digital Printed Umbrella (3-Fold),Graphic - Umbrellas 002,Other,1,20.6,895.0,6.79794041297493
Royal Jharokha Raised Gold Coaster Set of 6,Graphics - Coasters,Other,6,20.6,595.0,6.39024066706535
Madhubani 2.0 Coaster Set of 4,Graphics - Coasters,Other,4,20.6,495.0,6.206575926724928
Ajrakh Maroon Coaster  Set of 6,Graphics - Coasters,Other,6,20.6,795.0,6.679599185844383
Guldasta Cushion Cover Set of 2,Graphics - Cushion Covers,Other,2,20.6,695.0,6.54534966033442
Elephant Floral Satin Cushion Cover Set of 2,Graphics - Cushion Covers,Other,2,20.6,695.0,6.54534966033442
Royal Jharokha Satin Cushion Cover Set of 2,Graphics - Cushion Covers,Other,2,20.6,695.0,6.54534966033442
Madhubani 2.0 Penstand,Graphics - Desk Accessories,Other,1,20.6,195.0,5.278114659230517
Madhubani 2.0 Yellow Pen Tray,Graphics - Desk Accessories,Other,1,20.6,395.0,5.981414211254481
Royal Jharokha Raised Gold Round Penstand,Graphics - Desk Accessories,Other,1,20.6,195.0,5.278114659230517
Memo Box with Paper Slips (Multicolour),Graphics - Desk Accessories,Other,1,20.6,285.0,5.655991810819852
Peacock Square Glass Mug,Graphics - Glass Mugs,Glass,1,20.6,295.0,5.69035945432406
Floral Cutting Chai Glass,Graphics - Glass Mugs,Glass,1,20.6,225.0,5.420534999272286
Peacock Cutting Chai Glass,Graphics - Glass Mugs,Glass,1,20.6,225.0,5.420534999272286
Guldasta Glass Tranparent Mug Pink,Graphics - Glass Mugs,Glass,1,20.6,300.0,5.707110264748875
Guldasta Glass Transparent Mug Blue,Graphics - Glass Mugs,Glass,1,20.6,300.0,5.707110264748875
Elephant Floral Mini Handbag,Graphics - Handbags,Other,1,20.6,990.0,6.898714534329988
Madhubani Sun Laptop Case,Graphics - Laptop Cases,Other,1,20.6,1490.0,7.307202314764738
Rajasthan  Mug With Coaster Acrylic,Graphics - Mug & Coaster Sets,Other,1,20.6,450.0,6.111467339502679
Hyderabad Mug With Coaster Acrylic,Graphics - Mug & Coaster Sets,Other,1,20.6,450.0,6.111467339502679
Bengaluru Mug With Coaster Acrylic,Graphics - Mug & Coaster Sets,Other,1,20.6,450.0,6.111467339502679
Delhi Mug With Coaster Acrylic,Graphics - Mug & Coaster Sets,Other,1,20.6,450.0,6.111467339502679
Kerala Mug With Coaster Acrylic,Graphics - Mug & Coaster Sets,Other,1,20.6,450.0,6.111467339502679
Pune Mug With Coaster Acrylic,Graphics - Mug & Coaster Sets,Other,1,20.6,450.0,6.111467339502679
Guldasta Raised Gold Mug Set of 4,Graphics - Mugs,Other,4,20.6,995.0,6.903747257584598
Royal Jharokha Mug Set of 2,Graphics - Mugs,Other,2,20.6,600.0,6.398594934535208
Dwaar 2 Coffee Mug 300 ml,Graphics - Mugs,Other,1,20.6,300.0,5.707110264748875
Madhubani 2.0 Napkin Holder,Graphics - Napkin Holders,Other,1,20.6,195.0,5.278114659230517
Hyderabad Reversible Passport holder,Graphics - Passport Holders,Other,1,20.6,590.0,6.3818160174060985
Kerala Reversible Passport holder,Graphics - Passport Holders,Other,1,20.6,590.0,6.3818160174060985
Mumbai and Delhi Shot Glass Set of 2,Graphics - Shot Glasses,Glass,2,20.6,595.0,6.39024066706535
Elephant Floral Shot Glass Set of 2,Graphics - Shot Glasses,Glass,2,20.6,595.0,6.39024066706535
Black Jade Stone Ganesh with Swan 17 x 12In,Graphics - Stone Sculptures,Stone/Marble,1,30.48,255000.0,12.449022745701502
Labradrite Stone Shiva Head 23cm,Graphics - Stone Sculptures,Stone/Marble,1,23.0,195000.0,12.180759965737863
Madhubani 2.0 Reversible Table Mats,Graphics - Table Mats,Other,1,20.6,450.0,6.111467339502679
Table Runner in Assorted Designs 14 in x 72 in,Graphics - Table Mats,Other,1,35.56,1350.0,7.208600337960199
Royal Jharoka Raised Gold Tissue Box,Graphics - Tissue Boxes,Other,1,20.6,850.0,6.7464121285733745
Madhubani 2.0 Tissue Box,Graphics - Tissue Boxes,Other,1,20.6,750.0,6.621405651764134
Bengaluru Reversible Tote Bag,Graphics - Tote Bags,Other,1,20.6,450.0,6.111467339502679
Kerala Reversible Tote Bag,Graphics - Tote Bags,Other,1,20.6,450.0,6.111467339502679
Pune Reversible Tote Bag,Graphics - Tote Bags,Other,1,20.6,450.0,6.111467339502679
Hyderabad Reversible Tote Bag,Graphics - Tote Bags,Other,1,20.6,450.0,6.111467339502679
Indian Reversible Tote Bag,Graphics - Tote Bags,Other,1,20.6,450.0,6.111467339502679
Mumbai Reversible Tote Bag,Graphics - Tote Bags,Other,1,20.6,450.0,6.111467339502679
Auto Ride Cotton Tote Bag Blue,Graphics - Tote Bags,Cotton,1,20.6,180.0,5.198497031265826
Bankura Cotton Tote Bag,Graphics - Tote Bags,Cotton,1,20.6,180.0,5.198497031265826
Gramophone Cotton Tote Bag,Graphics - Tote Bags,Cotton,1,20.6,180.0,5.198497031265826
Gond Cotton Tote Bag,Graphics - Tote Bags,Cotton,1,20.6,180.0,5.198497031265826
Ajrakh Brown Travel Pouch,Graphics - Travel Pouches,Other,1,20.6,890.0,6.792344427470809
Elephant Floral Travel Pouch,Graphics - Travel Pouches,Other,1,20.6,890.0,6.792344427470809
Royal Jharokha Raised Gold Mini Tray,Graphics - Trays,Other,1,20.6,595.0,6.39024066706535
Royal Jharokha Raised Gold Medium Tray,Graphics - Trays,Other,1,20.6,995.0,6.903747257584598
Madhubani 2.0 Yellow Round Tray,Graphics - Trays,Other,1,20.6,695.0,6.54534966033442
Madhubani 2.0 Red Medium Tray,Graphics - Trays,Other,1,20.6,995.0,6.903747257584598
Madhubani 2.0 Yellow Small Tray,Graphics - Trays,Other,1,20.6,795.0,6.679599185844383
Madhubani 2.0 red Mini Tray,Graphics - Trays,Other,1,20.6,595.0,6.39024066706535
Royal Jharokha Raised Gold Square Trivet,Graphics - Trivets,Other,1,20.6,250.0,5.5254529391317835
Madhubani 2.0 Red Trivet,Graphics - Trivets,Other,1,20.6,250.0,5.5254529391317835
Madhubani 2.0 Yellow Trivet,Graphics - Trivets,Other,1,20.6,250.0,5.5254529391317835
Handcrafted Wooden Combs (Set of 3),Hair Accessories,Wood,3,20.6,1270.0,7.147559271189454
The Handcrafted Mughal Era Ornate Wooden Comb (Large),Hair Accessories,Wood,1,20.6,750.0,6.621405651764134
Handcrafted Wooden Hair Stick,Hair Accessories,Wood,1,20.6,550.0,6.311734809152915
Wood Engraved Hand Mirror - Oval,Hand Mirrors,Wood,1,20.6,1750.0,7.467942332285852
Wood Engraved Hand Mirror - Rectangle,Hand Mirrors,Wood,1,20.6,1750.0,7.467942332285852
Wood Engraved Hand Mirror - Round,Hand Mirrors,Wood,1,20.6,1750.0,7.467942332285852
The India Craft House Heritage Gift Hamper - Madhubani & Batik,Handicrafts,Other,1,20.6,4210.0,8.345455428161928
The India Craft House Heritage Gift Hamper - Coconut Craft Collection,Handicrafts,Other,1,20.6,3440.0,8.14351740579748
The India Craft House Heritage Gift Hamper - Brass Wonders,Handicrafts,Brass,1,20.6,4920.0,8.501267040865978
The India Craft House Heritage Gift Hamper - Blue Pottery & Shell Craft,Handicrafts,Ceramic,1,20.6,4150.0,8.33110454805304
The India Craft House Heritage Gift Hamper - The Refined Traveller,Handicrafts,Other,1,20.6,4710.0,8.45765547870004
The India Craft House Heritage Gift Hamper - Hansa & Kashmir,Handicrafts,Other,1,20.6,5750.0,8.657129031713755
The India Craft House Heritage Gift Hamper - Tarakashi Travel Edit,Handicrafts,Other,1,20.6,3650.0,8.202756381655638
The India Craft House Heritage Gift Hamper - Kashmir on the Move,Handicrafts,Other,1,20.6,3220.0,8.0774471493312
The India Craft House Heritage Gift Hamper - Blue Pottery & Tarakashi,Handicrafts,Ceramic,1,20.6,4130.0,8.326274787396764
The India Craft House Heritage Gift Hamper - Tortoise & Blue Pottery,Handicrafts,Ceramic,1,20.6,3440.0,8.14351740579748
The India Craft House Heritage Gift Hamper - Elephant & Kashmir,Handicrafts,Other,1,20.6,5750.0,8.657129031713755
The India Craft House Heritage Gift Hamper - Hiran ka Joda,Handicrafts,Other,1,20.6,4040.0,8.304247465078474
The India Craft House Heritage Gift Hamper - Kashmiri Art & Music,Handicrafts,Other,1,20.6,3390.0,8.128880142125638
The India Craft House Heritage Gift Hamper - Tortoises of Tradition,Handicrafts,Other,1,20.6,3710.0,8.219056661060598
The India Craft House Heritage Gift Hamper - Dance & Play,Handicrafts,Other,1,20.6,3200.0,8.071218539969863
The India Craft House Heritage Gift Hamper - Music in Metal & Wood,Handicrafts,Wood,1,20.6,3910.0,8.271548374755515
The India Craft House Heritage Gift Hamper - Kashmir Meets Dhokra,Handicrafts,Other,1,20.6,4340.0,8.375860015299594
The India Craft House Heritage Gift Hamper - Kashminakari Treasures,Handicrafts,Other,1,20.6,3870.0,8.261268150577648
The India Craft House Heritage Gift Hamper - Deer & Blue Pottery,Handicrafts,Ceramic,1,20.6,3650.0,8.202756381655638
The India Craft House Heritage Gift Hamper - Inlay & Fragrance,Handicrafts,Other,1,20.6,5950.0,8.691314551644853
The India Craft House Heritage Gift Hamper - Tarakashi & Tailoring,Handicrafts,Other,1,20.6,4910.0,8.499232866039245
The India Craft House Heritage Gift Hamper - Shahi Artistry,Handicrafts,Other,1,20.6,5690.0,8.646641258603124
The India Craft House Heritage Gift Hamper - Coastal & Tribal Stories,Handicrafts,Other,1,20.6,3890.0,8.266421472984554
The India Craft House Heritage Gift Hamper - Tribal Grace Duo (Set of 2),Handicrafts,Other,2,20.6,4050.0,8.30671904320269
The India Craft House Heritage Gift Hamper - Lakshmi Saraswati (Set of 2),Handicrafts,Other,2,20.6,3860.0,8.258681496264236
The India Craft House Heritage Gift Hamper - Brass Lotus (Set of 2),Handicrafts,Brass,2,20.6,2950.0,7.989899374942939
The India Craft House Heritage Gift Hamper - Carved Wood Ensemble,Handicrafts,Wood,1,20.6,5040.0,8.525359754082631
The India Craft House Heritage Gift Hamper - The Classic Gentleman Edit,Handicrafts,Other,1,20.6,4440.0,8.398634855292102
The India Craft House Heritage Gift Hamper - Simply Sustainable,Handicrafts,Other,1,20.6,2590.0,7.85979918056211
The India Craft House Heritage Gift Hamper - Brass & Coastal Harmony,Handicrafts,Brass,1,20.6,5090.0,8.535229553902337
The India Craft House Heritage Gift Hamper - East India Artistry,Handicrafts,Other,1,20.6,5530.0,8.618123909994678
The India Craft House Heritage Gift Hamper - Wooden Desk Edit,Handicrafts,Wood,1,20.6,5660.0,8.64135583403666
The India Craft House Heritage Gift Hamper - Marble Floral Classics,Handicrafts,Stone/Marble,1,20.6,5040.0,8.525359754082631
The India Craft House Heritage Gift Hamper - Kashmiri Painted Poetry,Handicrafts,Other,1,20.6,3820.0,8.2482674474469
The India Craft House Heritage Gift Hamper - Dhokra Legacy,Handicrafts,Other,1,20.6,2360.0,7.766840537085513
The India Craft House Heritage Gift Hamper - Bengal Leather Travel Classics,Handicrafts,Other,1,20.6,3530.0,8.169336395928386
The India Craft House Heritage Gift Hamper - Kashida Comforts,Handicrafts,Other,1,20.6,2860.0,7.95892649305011
The India Craft House Heritage Gift Hamper - Conch Elegance,Handicrafts,Other,1,20.6,3300.0,8.101980731853192
The India Craft House Heritage Gift Hamper - Miniature Kaaleen Kashmiri Treasures,Handicrafts,Other,1,20.6,4120.0,8.323851131338817
The India Craft House Heritage Gift Hamper - Travel Times,Handicrafts,Other,1,20.6,3870.0,8.261268150577648
The India Craft House Heritage Gift Hamper - Work & Leisure,Handicrafts,Other,1,20.6,4250.0,8.35490952835879
The India Craft House Heritage Gift Hamper - A Silk Story,Handicrafts,Silk,1,20.6,4250.0,8.35490952835879
The India Craft House Heritage Gift Hamper - Kishangarh Grace,Handicrafts,Other,1,20.6,2390.0,7.779466967458324
The India Craft House Heritage Gift Hamper - Kashmiri Heirloom Set,Handicrafts,Other,1,20.6,4020.0,8.299285906897275
The India Craft House Heritage Gift Hamper - Mountain Heritage Edit,Handicrafts,Other,1,20.6,5190.0,8.55468163582723
The India Craft House Heritage Gift Hamper - Kashmiri Desk Edit,Handicrafts,Other,1,20.6,5290.0,8.57376254290413
The India Craft House Heritage Gift Hamper - Earth & Loom,Handicrafts,Other,1,20.6,2760.0,7.923348211930154
The India Craft House Heritage Gift Hamper - Gond Expressions,Handicrafts,Other,1,20.6,6260.0,8.74209519574531
The India Craft House Heritage Gift Hamper - The Valley & Dhokra,Handicrafts,Other,1,20.6,3580.0,8.183397369998433
The India Craft House Heritage Gift Hamper - Leisure Moments,Handicrafts,Other,1,20.6,5110.0,8.53915035876828
The India Craft House Heritage Gift Hamper - Blue Jasmine,Handicrafts,Other,1,20.6,6060.0,8.709630081951286
The India Craft House Heritage Gift Hamper - Medley in Green,Handicrafts,Other,1,20.6,4600.0,8.434028950155469
The India Craft House Heritage Gift Hamper - Soapstone Filigree Trio,Handicrafts,Stone/Marble,1,20.6,5210.0,8.558527054909215
The India Craft House Heritage Gift Hamper - Dhokra and Tarakashi Abstract,Handicrafts,Other,1,20.6,4810.0,8.478660241699453
The India Craft House Heritage Gift Hamper - Brass Table Grace,Handicrafts,Brass,1,20.6,7720.0,8.951699168308815
The India Craft House Heritage Gift Hamper - The Roses (Set of 2),Handicrafts,Other,2,20.6,5770.0,8.660600654710967
The India Craft House Heritage Gift Hamper - Waterlily and Sculpted Leaves (Set of 3),Handicrafts,Other,3,20.6,6240.0,8.738895704934043
The India Craft House Heritage Gift Hamper - Rose & The Betel Leaf,Handicrafts,Other,1,20.6,4380.0,8.385032287813898
The India Craft House Heritage Gift Hamper - Wine Creeper,Handicrafts,Other,1,20.6,5570.0,8.625329850020815
The India Craft House Heritage Gift Hamper - Coastal Keepsakes (Set of 4),Handicrafts,Other,4,20.6,6450.0,8.771990436532242
The India Craft House Heritage Gift Hamper - Brass Waterlily Tea Light Holders (Set of 2),Handicrafts,Brass,2,20.6,3970.0,8.286773231131251
The India Craft House Heritage Gift Hamper - Dhokra Deer (Set of 2),Handicrafts,Other,2,20.6,5180.0,8.552753366814787
The India Craft House Heritage Gift Hamper - Crafted Confluence,Handicrafts,Other,1,20.6,5560.0,8.623533227187563
The India Craft House Heritage Gift Hamper - Rose Leaves & Light,Handicrafts,Other,1,20.6,3840.0,8.253488028345904
The India Craft House Heritage Gift Hamper - Wooden Style,Handicrafts,Wood,1,20.6,5590.0,8.628913441026645
The India Craft House Heritage Gift Hamper - Gilded Grace,Handicrafts,Other,1,20.6,5790.0,8.66406026722579
The India Craft House Heritage Gift Hamper - Rustic Serve,Handicrafts,Other,1,20.6,6430.0,8.768885326134862
The India Craft House Heritage Gift Hamper - Kashmiri Polo Desk Set,Handicrafts,Other,1,20.6,4250.0,8.35490952835879
The India Craft House Heritage Gift Hamper - The Regal Pair,Handicrafts,Other,1,20.6,5790.0,8.66406026722579
The India Craft House Heritage Gift Hamper - Temple Notes,Handicrafts,Other,1,20.6,6890.0,8.837971491357209
The India Craft House Heritage Gift Hamper - Loom & Light,Handicrafts,Other,1,20.6,5660.0,8.64135583403666
The India Craft House Heritage Gift Hamper - Folk & Fragrance,Handicrafts,Other,1,20.6,4310.0,8.368925174747135
"Peacock Bliss' Hand-Etched Decorative Hanging Diya With Bell In Brass (9 Diyas & Bells, 983 grams)",Hanging Diya,Brass,9,20.6,2699.0,7.90100705199242
"Handcarved 'Dancing Ganesh' Brass Hanging Diya (3 Wicks, 25 ml, 520 grams, Hand-Etched)",Hanging Diya,Brass,1,20.6,1599.0,7.3777589082278725
"Swaying Ganesha' Hand-Etched Decorative Hanging Diya With Bell In Brass (9 Diyas & Bells, 1.20 kg)",Hanging Diya,Brass,9,20.6,3149.0,8.055157731819678
Rustic Mughal Door' Handcrafted Tea-Light Holder & Hanging Pillar Candle In Iron,Hanging Pillar Candle Holder,Iron,1,20.6,599.0,6.396929655216146
'Swinging Dog' Handmade & Hand-painted Hanging Planter Pot In Terracotta (14 cm),Hanging Planters,Terracotta/Clay,1,14.0,999.0,6.907755278982137
"'Night Owl' Hanging Planter Pot In Terracotta (14.2 cm, Handmade & Hand-Painted, Brown)",Hanging Planters,Terracotta/Clay,1,14.2,1299.0,7.170119543449628
"Swinging Dog Hand-painted Hanging Planter Pot In Terracotta (Set of 2, 14 cm)",Hanging Planters,Terracotta/Clay,2,14.0,1049.0,6.956545443151569
Modern Glass Garden' Test Tube Hanging Planter/Vase (25.4 cm | Red),Hanging Planters,Glass,1,25.4,569.0,6.345636360828596
Modern Glass Garden' Test Tube Hanging Planter/Vases (30.5 cm | Black),Hanging Planters,Glass,1,30.5,899.0,6.802394763324311
Modern Glass Garden' Test Tube Hanging Planter/Vase (25.4 cm | Golden),Hanging Planters,Glass,1,25.4,639.0,6.461468176353717
'The Earthern Bottle' Tea-Light Holder In Crimson Red,Hanging Tea Light Holder,Other,1,20.6,780.0,6.660575149839686
'Oasis Radiance' Hand-Painted Hanging Tea-Light Holder In Iron (Turquoise Blue),Hanging Tea Light Holder,Iron,1,20.6,935.0,6.841615476477592
Hanging Bottle Shaped Handapinted Terracotta Tea Light Holder,Hanging Tea Light Holder,Terracotta/Clay,1,20.6,749.0,6.620073206530356
Terracotta Handpainted Bottle Shaped Hanging Cum Table Tea Light Holder,Hanging Tea Light Holder,Terracotta/Clay,1,20.6,749.0,6.620073206530356
Golden Abstract' Hanging Tea-Light Holder In Iron,Hanging Tea Light Holder,Iron,1,20.6,939.0,6.84587987526405
Ajarakh Patch Cushion Cover (Assorted Colour & Design) 16 x 16 in,Home Decor - Cushion Covers 002,Other,1,40.64,275.0,5.62040086571715
Zari Brocade Cushion Cover - Set of 2 (Assorted Colour & Design) 12 x 12 in,Home Decor - Cushion Covers 002,Other,2,30.48,400.0,5.993961427306569
Brocade Patch Work Cushion Cover 16 x 16 in (Assorted Colour & Design),Home Decor - Cushion Covers 002,Other,1,40.64,450.0,6.111467339502679
Heavy Brocade Patchwork Cushion Cover 16 x 16 in (Assorted Colour & Design),Home Decor - Cushion Covers 002,Other,1,40.64,550.0,6.311734809152915
Art Silk Cushion Cover 16 x 16 in - Set of 2 (Assorted Colour & Design),Home Decor - Cushion Covers 002,Silk,2,40.64,490.0,6.19644412779452
Art Silk Cushion Cover 16 x 16 in - Set of 2 (Assorted Colour & Design),Home Decor - Cushion Covers 002,Silk,2,40.64,700.0,6.55250788703459
Cushion Cover with Brocade Patch Work 16 x 16 in (Assorted Colour & Design),Home Decor - Cushion Covers 002,Other,1,40.64,450.0,6.111467339502679
Cushion Cover with Kantha Work 16 x 16 in (Assorted Colour & Design),Home Decor - Cushion Covers 002,Other,1,40.64,400.0,5.993961427306569
Cushion Cover with Brocade Patola 16 x 16 in (Assorted Colour & Design),Home Decor - Cushion Covers 002,Other,1,40.64,400.0,5.993961427306569
Cushion Cover with Brocade Overlapping Pattern (Assorted Colour & Design),Home Decor - Cushion Covers 002,Other,1,20.6,400.0,5.993961427306569
Bolster with Brocade Patch Work Cover (Assorted Colour & Design),Home Decor - Cushion Covers 002,Other,1,20.6,700.0,6.55250788703459
Marble Motifs Satin Cushion Covers - 16 in x 16 in - Set of 2,Home Decor - Cushion Covers 002,Stone/Marble,2,40.64,600.0,6.398594934535208
Royal Tusker Satin Cushion Covers - 16 in x 16 in - Set of 2,Home Decor - Cushion Covers 002,Other,2,40.64,600.0,6.398594934535208
Classical Dancers Canvas Cushion Covers - 16 in x 16 in - Set of 2,Home Decor - Cushion Covers 002,Other,2,40.64,750.0,6.621405651764134
Bolster with Brocade Patch Cushion Cover (Assorted Colour & Design),Home Decor - Cushion Covers 002,Other,1,20.6,1000.0,6.90875477931522
Bani Thani Satin Cushion Covers - 16 in x 16 in - Set of 2,Home Decor - Cushion Covers 002,Other,2,40.64,695.0,6.54534966033442
Pichwai Tea For One (Set of 3),Home Decor - Dining - Drinkware 003,Other,3,20.6,1650.0,7.409136443920128
Desi Jugaad & Horn Ok Please Frosted Shot Glasses (S/2),Home Decor - Dining - Drinkware 003,Glass,1,20.6,595.0,6.39024066706535
Guldasta Shot Glasses (S/2),Home Decor - Dining - Drinkware 003,Glass,1,20.6,595.0,6.39024066706535
Old Bombay Coffee Mugs Set of 2 (300 ml each),Home Decor - Dining - Drinkware 003,Other,2,20.6,600.0,6.398594934535208
Ajrakh Maroon Coffee Mugs Set of 2 (300 ml each),Home Decor - Dining - Drinkware 003,Other,2,20.6,600.0,6.398594934535208
Ajrakh Shot Glasses Set of 2 (30 ml each),Home Decor - Dining - Drinkware 003,Glass,2,20.6,595.0,6.39024066706535
Madhubani Shot Glasses Set of 2 (30 ml each),Home Decor - Dining - Drinkware 003,Glass,2,20.6,595.0,6.39024066706535
Half Hammered Copper Bottle 950ml,Home Decor - Dining - Drinkware 003,Other,1,20.6,1495.0,7.310550158534422
Engraved Copper Bottle Small 500 ml,Home Decor - Dining - Drinkware 003,Other,1,20.6,1150.0,7.048386408721883
Jungle Bliss Copper Glass 340 ml,Home Decor - Dining - Drinkware 003,Glass,1,20.6,650.0,6.478509642208569
Swag & Chill Frosted Shot Glasses (Set of 2),Home Decor - Dining - Drinkware 003,Glass,2,20.6,595.0,6.39024066706535
Camel & Owl Frosted Shot Glasses (Set of 2),Home Decor - Dining - Drinkware 003,Glass,2,20.6,595.0,6.39024066706535
Warli Kullads in Matte Finish (Set of 6),Home Decor - Dining - Drinkware 003,Other,6,20.6,995.0,6.903747257584598
Colour Pop Kullads Set of 6 (180 ml each),Home Decor - Dining - Drinkware 003,Other,6,20.6,995.0,6.903747257584598
Mumbai Line Art Shot Glasses Set of 2 (30ml each),Home Decor - Dining - Drinkware 003,Glass,2,20.6,595.0,6.39024066706535
Elephant Tusker Shot Glasses Set of 2 (30ml each),Home Decor - Dining - Drinkware 003,Glass,2,20.6,595.0,6.39024066706535
Doodle Mandala Shot Glasses Set of 2 (30ml each),Home Decor - Dining - Drinkware 003,Glass,2,20.6,595.0,6.39024066706535
Horn Ok Shot Glasses Set of 2 (30ml each),Home Decor - Dining - Drinkware 003,Glass,2,20.6,595.0,6.39024066706535
India Gate and Charminar Shot Glasses Set of 2 (30ml each),Home Decor - Dining - Drinkware 003,Glass,2,20.6,595.0,6.39024066706535
Alibaug Coffee Mug 300 ml,Home Decor - Dining - Drinkware 003,Other,1,20.6,300.0,5.707110264748875
Kerala Coffee Mugs Set of 2 (300 ml each),Home Decor - Dining - Drinkware 003,Other,2,20.6,600.0,6.398594934535208
High Tea Mug Set of 2,Home Decor - Dining - Drinkware 003,Other,2,20.6,600.0,6.398594934535208
Aaj Ke Liye Coffee Mugs - (Set of 2),Home Decor - Dining - Drinkware 003,Other,2,20.6,600.0,6.398594934535208
Victoria Terminus Coffee Mug 300 ml,Home Decor - Dining - Drinkware 003,Other,1,20.6,300.0,5.707110264748875
Mumbai City Lights Coffee Mugs Set of 2 (300 ml each),Home Decor - Dining - Drinkware 003,Other,2,20.6,600.0,6.398594934535208
Elephant Procession Kullads - Set of 6 (180 ml each),Home Decor - Dining - Drinkware 003,Other,6,20.6,995.0,6.903747257584598
Elephant Ceramic Jar  Block Print 9cm,Home Decor - Dining - Serveware 003,Ceramic,1,9.0,375.0,5.929589143389895
Royal Motif Ceramic Jar  9cm,Home Decor - Dining - Serveware 003,Ceramic,1,9.0,375.0,5.929589143389895
Horn Ok Please Clear Glass Jar,Home Decor - Dining - Serveware 003,Glass,1,20.6,450.0,6.111467339502679
Chai Glass Thela with Wooden Handle,Home Decor - Dining - Serveware 003,Wood,1,20.6,850.0,6.7464121285733745
Shot Glass Hath Gadi,Home Decor - Dining - Serveware 003,Glass,1,20.6,995.0,6.903747257584598
Taj India Laser Cut Coaster,Home Decor - Dining - Serveware 003,Other,1,20.6,195.0,5.278114659230517
Konark Wheel Laser Cut Coaster,Home Decor - Dining - Serveware 003,Other,1,20.6,195.0,5.278114659230517
Divine Lotus Laser Cut Coaster,Home Decor - Dining - Serveware 003,Other,1,20.6,195.0,5.278114659230517
Peacock Feather Laser Cut Coaster,Home Decor - Dining - Serveware 003,Other,1,20.6,195.0,5.278114659230517
Tree of Life Laser Cut Coaster,Home Decor - Dining - Serveware 003,Other,1,20.6,195.0,5.278114659230517
Kerela Houseboat Laser Cut Coaster,Home Decor - Dining - Serveware 003,Other,1,20.6,195.0,5.278114659230517
Spice Masala Chai (25 Tea Bags),Home Decor - Dining - Serveware 003,Other,1,20.6,295.0,5.69035945432406
Brass Meenakari Bowl with Box 6.5 in,Home Decor - Dining - Serveware 003,Brass,1,16.51,1600.0,7.3783837129967145
Indian Art Coaster Set of 6,Home Decor - Dining - Serveware 003,Other,6,20.6,750.0,6.621405651764134
Brass Meenakari Bowl 4 in,Home Decor - Dining - Serveware 003,Brass,1,10.16,495.0,6.206575926724928
Brass Meenakari Bowl 6 in,Home Decor - Dining - Serveware 003,Brass,1,15.24,1300.0,7.170888478512505
Brass Bowl with Meenakari Work 6 in,Home Decor - Dining - Serveware 003,Brass,1,15.24,1200.0,7.0909098220799835
Flower pressed Round Coaster (Flower Vine),Home Decor - Dining - Serveware 003,Other,1,20.6,350.0,5.860786223465865
Flower Pressed Square Coaster (Purple Flower),Home Decor - Dining - Serveware 003,Other,1,20.6,350.0,5.860786223465865
Wooden Handpainted Spreader,Home Decor - Dining - Serveware 003,Wood,1,20.6,295.0,5.69035945432406
Wooden Tray with Brass and Conework,Home Decor - Dining - Serveware 003,Brass,1,20.6,1200.0,7.0909098220799835
Wooden 6 Piece Coaster Set with Gemstone Painting 3 in x 3 in,Home Decor - Dining - Serveware 003,Wood,1,7.62,550.0,6.311734809152915
Wooden Tray with Tile,Home Decor - Dining - Serveware 003,Wood,1,20.6,850.0,6.7464121285733745
Chai Glass Thela,Home Decor - Dining - Serveware 003,Glass,1,20.6,850.0,6.7464121285733745
Kettle Tumbler Set of 3,Home Decor - Dining - Serveware 003,Other,3,20.6,695.0,6.54534966033442
Elephant Fabrication Rectangle Enamel Pen Tray,Home Decor - Dining - Serveware 003,Other,1,20.6,395.0,5.981414211254481
Classic Salt and Pepper Sprinklers,Home Decor - Dining - Serveware 003,Other,1,20.6,599.0,6.396929655216146
Brass Bowl with Handpainted Meenakari Art Small 4 in,Home Decor - Dining - Serveware 003,Brass,1,10.16,550.0,6.311734809152915
MDF Tray with Gemstone Painting (Assorted Prints),Home Decor - Dining - Serveware 003,Stone/Marble,1,20.6,350.0,5.860786223465865
Handpainted Desert Spoon 4pcs With Box,Home Decor - Dining - Tableware 003,Other,4,20.6,995.0,6.903747257584598
Hand Painted Cocktail Spoon 4pcs With Box,Home Decor - Dining - Tableware 003,Other,4,20.6,1295.0,7.16703787691222
Hammred Copper Water Pot 950 ml,Home Decor - Dining - Tableware 003,Other,1,20.6,1490.0,7.307202314764738
Ajrakh Rectangle Tissue Box Holder (Maroon),Home Decor - Dining - Tableware 003,Other,1,20.6,1300.0,7.170888478512505
Indian Heritage Coaster Set of 6,Home Decor - Dining - Tableware 003,Other,6,20.6,750.0,6.621405651764134
Meenakari Work Tea Coasters 4.5 in,Home Decor - Dining - Tableware 003,Other,1,11.43,550.0,6.311734809152915
Handpainted Bottle Opener,Home Decor - Dining - Tableware 003,Other,1,20.6,350.0,5.860786223465865
Classic Chutney Achar Jar (Set of 2) - 10 cm,Home Decor - Dining - Tableware 003,Other,2,10.0,675.0,6.516193076042964
Cork Opener Hand Painted,Home Decor - Dining - Tableware 003,Other,1,20.6,395.0,5.981414211254481
Handpainted Wine Set of 3,Home Decor - Dining - Tableware 003,Other,3,20.6,1195.0,7.086737934510577
Bottle Stopper Cork Hand Painted,Home Decor - Dining - Tableware 003,Other,1,20.6,350.0,5.860786223465865
Table Mats Set of 6 with 1 Runner and 6 Napkins in Brocade (Assorted colours),Home Decor - Dining - Tableware 003,Other,6,20.6,1600.0,7.3783837129967145
Wood Elephant Stool with Brass Sheet 7 in x 10 in x 6.5 in,Home Decor - Furniture 002,Brass,1,17.78,995.0,6.903747257584598
Round Floor Cushion with Mirror Work 24 in (Assorted Colour & Design),Home Decor - Furniture 002,Other,1,60.96,1200.0,7.0909098220799835
Wooden Handpainted Elephant Table,Home Decor - Furniture 002,Wood,1,20.6,1175.0,7.069874128458572
Floor Cushion (Assorted Colour & Design) - 20 in x 20 in,Home Decor - Furniture 002,Other,1,50.8,1050.0,6.957497370876951
Brass Cow Bell,Home Decor - Home Accents - Bells 003,Brass,1,20.6,750.0,6.621405651764134
Brass Bell Nandi 5 in,Home Decor - Home Accents - Bells 003,Brass,1,12.7,995.0,6.903747257584598
Brass Wall Hanging Ganesha Mask with Deepak 8 in,Home Decor - Home Accents - Bells 003,Brass,1,20.32,1800.0,7.496097345175956
Brass Engraved Temple Bell Small (Assorted Designs & Colours),Home Decor - Home Accents - Bells 003,Brass,1,20.6,1300.0,7.170888478512505
Brass Ganesha and Laxmi Temple Bell 5 in x 7 in,Home Decor - Home Accents - Bells 003,Brass,1,12.7,795.0,6.679599185844383
Brass Stonework Ganesha Wall Hanging Bells - 7 in,Home Decor - Home Accents - Bells 003,Brass,1,17.78,1100.0,7.00397413672268
Brass Om Ganesha and Laxmi Temple Bells,Home Decor - Home Accents - Bells 003,Brass,1,20.6,1700.0,7.438971592395862
Brass Om Ganesha and Laxmi Curve Style Temple Bells,Home Decor - Home Accents - Bells 003,Brass,1,20.6,1900.0,7.550135342488429
Brass Ganesha & Laxmi Temple Bell Wall Hanging with 5 Bells,Home Decor - Home Accents - Bells 003,Brass,5,20.6,1300.0,7.170888478512505
Brass Engraved Temple Bell - 3 in,Home Decor - Home Accents - Bells 003,Brass,1,7.62,1500.0,7.313886831633462
Brass Shubh Labh Wall Hanging with 5 Bells,Home Decor - Home Accents - Bells 003,Brass,5,20.6,1200.0,7.0909098220799835
Wooden Chowki with Tiles Small (Assorted Design),Home Decor - Home Accents - Chowki 003,Wood,1,20.6,350.0,5.860786223465865
Wooden Chowki with Brass Engraved on Top 12 in x 12 in,Home Decor - Home Accents - Chowki 003,Brass,1,30.48,1500.0,7.313886831633462
Brass Deepak Paisley Peacock 7 in x 6 in,Home Decor - Home Accents - Diyas 003,Brass,1,17.78,1900.0,7.550135342488429
Superfine Brass Nandi Carved Deepak 3in,Home Decor - Home Accents - Diyas 003,Brass,1,7.62,1600.0,7.3783837129967145
Brass Annam Deepak 8in,Home Decor - Home Accents - Diyas 003,Brass,1,20.32,5000.0,8.517393171418904
Superfine Brass Annam Deepak 6.5in,Home Decor - Home Accents - Diyas 003,Brass,1,16.51,3400.0,8.131824785007195
Brass Stonework Peacock Lamp 9.5in,Home Decor - Home Accents - Diyas 003,Brass,1,24.13,4400.0,8.38958706681109
Brass Meenakari Pooja Thali with Box 8 in,Home Decor - Home Accents - Diyas 003,Brass,1,20.32,4000.0,8.294299608857235
Torch T Lite Holder 7 in x 5 in x 6 in,Home Decor - Home Accents - Diyas 003,Other,1,17.78,795.0,6.679599185844383
Elephant T Lite Holder 7 in x 4 in x 6 in (S/2),Home Decor - Home Accents - Diyas 003,Other,1,17.78,600.0,6.398594934535208
Torch T Lite Holder with Stand 8 in x 5 in x 10 in,Home Decor - Home Accents - Diyas 003,Other,1,20.32,900.0,6.803505257608338
Wire T Lite Holder with Antique Finish 4 in,Home Decor - Home Accents - Diyas 003,Other,1,10.16,350.0,5.860786223465865
Snowflake Candle Holder 21 in,Home Decor - Home Accents - Diyas 003,Other,1,53.34,1100.0,7.00397413672268
Snowflake Candle Holder 17 in,Home Decor - Home Accents - Diyas 003,Other,1,43.18,995.0,6.903747257584598
Brass Deepak in Flower Design 2.5 in x 2.5 in (S/4),Home Decor - Home Accents - Diyas 003,Brass,1,6.35,1700.0,7.438971592395862
Brass Deepak in Leaf Design 3.5 in x 1 in (S/4),Home Decor - Home Accents - Diyas 003,Brass,1,8.89,2100.0,7.650168700845001
Brass Lamp with Box 7 in (S/2),Home Decor - Home Accents - Diyas 003,Brass,1,17.78,2200.0,7.696667081526462
Brass Annam Deepak with Stonework 13 in,Home Decor - Home Accents - Diyas 003,Brass,1,33.02,10000.0,9.210440366976517
Brass Annam Deepak Peacock 14 in,Home Decor - Home Accents - Diyas 003,Brass,1,35.56,8900.0,9.093918908958932
Brass Peacock Lamp with Stonework 9.5 in,Home Decor - Home Accents - Diyas 003,Brass,1,24.13,5100.0,8.537191877922927
Brass Lamp Peacock Ring Stonework 8 in,Home Decor - Home Accents - Diyas 003,Brass,1,20.32,4800.0,8.476579508530941
Brass Deepak Tree 7 in,Home Decor - Home Accents - Diyas 003,Brass,1,17.78,1900.0,7.550135342488429
Brass Deepak with Elephant Handle 3.5 in,Home Decor - Home Accents - Diyas 003,Brass,1,8.89,995.0,6.903747257584598
Brass Peacock Deepak with Stand 12 in,Home Decor - Home Accents - Diyas 003,Brass,1,30.48,6700.0,8.81001204797317
Brass Deepak Lotus 2.5 in,Home Decor - Home Accents - Diyas 003,Brass,1,6.35,350.0,5.860786223465865
Brass Annam Deepak 15 in,Home Decor - Home Accents - Diyas 003,Brass,1,38.1,6800.0,8.824824939175638
Brass Deepak Ganesha 6 in,Home Decor - Home Accents - Diyas 003,Brass,1,15.24,3200.0,8.071218539969863
Brass Sitting Deeplaxmi 9 in,Home Decor - Home Accents - Diyas 003,Brass,1,22.86,7600.0,8.936035096566041
Brass Deepak on Tortoise,Home Decor - Home Accents - Diyas 003,Brass,1,20.6,380.0,5.942799375126701
Brass Annam Deepak Small 5 in,Home Decor - Home Accents - Diyas 003,Brass,1,12.7,3500.0,8.160803920954665
Brass Engraved Arch Deepak 3.5 in,Home Decor - Home Accents - Diyas 003,Brass,1,8.89,750.0,6.621405651764134
Brass Engraved Parrot Oil Lamp 7.5 in,Home Decor - Home Accents - Diyas 003,Brass,1,19.05,1500.0,7.313886831633462
Brass Tortoise Base Aarti Deepak 6 in,Home Decor - Home Accents - Diyas 003,Brass,1,15.24,2900.0,7.972810784121404
Brass Stonework Parrot Oil Lamp 7.5 in,Home Decor - Home Accents - Diyas 003,Brass,1,19.05,1500.0,7.313886831633462
Brass Stonework Aarti Deepak 6.5 in x 5.5 in,Home Decor - Home Accents - Diyas 003,Brass,1,16.51,1900.0,7.550135342488429
Brass Lotus Engraved Aarti Deepak 4 in,Home Decor - Home Accents - Diyas 003,Brass,1,10.16,1900.0,7.550135342488429
Brass Deep Laxmi Small 8 in,Home Decor - Home Accents - Diyas 003,Brass,1,20.32,3400.0,8.131824785007195
Brass Dancing Ganesha Deepak 5 in,Home Decor - Home Accents - Diyas 003,Brass,1,12.7,2100.0,7.650168700845001
Brass Annam Deepak Small 5 in,Home Decor - Home Accents - Diyas 003,Brass,1,12.7,2100.0,7.650168700845001
Sun Burst T-Lite Holder in Gold Finish,Home Decor - Home Accents - Lighting 003,Other,1,20.6,345.0,5.846438775057725
Golden Cage Design T-Lite Holder 6 in,Home Decor - Home Accents - Lighting 003,Other,1,15.24,395.0,5.981414211254481
Buddha Tapering Lantern with Tree 8 in,Home Decor - Home Accents - Lighting 003,Other,1,20.32,600.0,6.398594934535208
Golden Lantern with Cutwork 4.5 in,Home Decor - Home Accents - Lighting 003,Other,1,11.43,575.0,6.3561076606958915
Mosaic Lamp Purse Style Small Assorted Design,Home Decor - Home Accents - Lighting 003,Other,1,20.6,900.0,6.803505257608338
Iron Votive Holder Cutwork in Red 4 in,Home Decor - Home Accents - Lighting 003,Iron,1,10.16,250.0,5.5254529391317835
Iron Votive Holder Cutwork in Black 4 in,Home Decor - Home Accents - Lighting 003,Iron,1,10.16,250.0,5.5254529391317835
Degchi with Cutwork T-Lite Holder,Home Decor - Home Accents - Lighting 003,Other,1,20.6,650.0,6.478509642208569
T-Lite Holder Small Lota with Cutwork,Home Decor - Home Accents - Lighting 003,Other,1,20.6,450.0,6.111467339502679
Camel Bone Tachriya Box with Miniature Painting 6 in,Home Decor - Home Accents - Small Organizers 003,Bone,1,15.24,5300.0,8.575650760987806
Rose Square Candle 3.5 cm x 12 cm,Home Decor - Home Accents - Small Organizers 003,Other,1,3.5,274.0,5.616771097666572
Camel Bone Box with Stonework 5 in x 5 in,Home Decor - Home Accents - Small Organizers 003,Stone/Marble,1,12.7,3900.0,8.268988209506656
Jasmine Incense Sticks (50 pcs),Home Decor - Home Accents - Small Organizers 003,Other,50,20.6,126.0,4.844187086458591
Sandal Saffron Incense Sticks (50 pcs),Home Decor - Home Accents - Small Organizers 003,Other,50,20.6,126.0,4.844187086458591
Jewellery Embroidery Box Off White - 4.5 in x 3.25 in,Home Decor - Home Accents - Small Organizers 003,Other,1,11.43,495.0,6.206575926724928
Shanti Niketan Leather Trinket Box (Set of 3),Home Decor - Home Accents - Small Organizers 003,Other,3,20.6,450.0,6.111467339502679
Soft Stone Hand Painted Box 4 in,Home Decor - Home Accents - Small Organizers 003,Stone/Marble,1,10.16,520.0,6.255750041753367
Soft Stone Hand Painted Box with Elephant Painting 4 x 3 in,Home Decor - Home Accents - Small Organizers 003,Stone/Marble,1,7.62,400.0,5.993961427306569
Soft Stone Box with Carving 4 x 3 in,Home Decor - Home Accents - Small Organizers 003,Stone/Marble,1,7.62,330.0,5.802118375377063
Wooden Pencil Box with Brass Fitting,Home Decor - Home Accents - Small Organizers 003,Brass,1,20.6,1100.0,7.00397413672268
Wooden Box with Brass Fitting,Home Decor - Home Accents - Small Organizers 003,Brass,1,20.6,1800.0,7.496097345175956
Wooden Chest with 2 Ceramic Drawers,Home Decor - Home Accents - Small Organizers 003,Wood,1,20.6,295.0,5.69035945432406
Chest of Drawer in 4 Step (Assorted Colours & Designs),Home Decor - Home Accents - Small Organizers 003,Other,1,20.6,650.0,6.478509642208569
Chest of Drawer in 6 Step,Home Decor - Home Accents - Small Organizers 003,Other,1,20.6,850.0,6.7464121285733745
Marble Handpainted Chopra with Peacock Design 3 in x 5 in,Home Decor - Home Accents - Small Organizers 003,Stone/Marble,1,7.62,490.0,6.19644412779452
Marble Handpainted Flower Vase 6 in,Home Decor - Home Accents - Small Organizers 003,Stone/Marble,1,15.24,1230.0,7.115582126184454
Wooden Elephant Face Bookend,Home Decor - Home Accents - Small Organizers 003,Wood,1,20.6,2100.0,7.650168700845001
Wooden Storage Box with Tiles Print on Top,Home Decor - Home Accents - Small Organizers 003,Wood,1,20.6,895.0,6.79794041297493
Marble Inlay Raja Rani Design Rectangle Gift Box 3 in x 4 in,Home Decor - Home Accents - Small Organizers 003,Stone/Marble,1,7.62,2400.0,7.783640596221253
Marble Inlay Necklace Design Square Gift Box 3 in x 3 in,Home Decor - Home Accents - Small Organizers 003,Stone/Marble,1,7.62,1100.0,7.00397413672268
Marble Inlay Necklace Design Rectangle Gift Box 4 in x 5 in,Home Decor - Home Accents - Small Organizers 003,Stone/Marble,1,10.16,1400.0,7.244941546337007
Marble Plate for Puja with Handpainted Ganesha and Two Diyas - 9 in,Home Decor - Home Accents - Small Organizers 003,Stone/Marble,1,22.86,1350.0,7.208600337960199
Superfine Brass Cow Bell Labh 5.5in,Home Decor - Home Accents - Toran and Hangings 003,Brass,1,13.97,1300.0,7.170888478512505
Superfine Brass Cow Bell Shubh 5.5in,Home Decor - Home Accents - Toran and Hangings 003,Brass,1,13.97,1300.0,7.170888478512505
Superfine Brass Wall Hanging Lakshmi Arch with 2 Bells 6in,Home Decor - Home Accents - Toran and Hangings 003,Brass,2,15.24,2600.0,7.8636512654486515
Fabric Wall Hanging Elephant 68 in,Home Decor - Home Accents - Toran and Hangings 003,Other,1,172.72,650.0,6.478509642208569
Fabric Wall Hanging Elephant and Fish Design,Home Decor - Home Accents - Toran and Hangings 003,Other,1,20.6,550.0,6.311734809152915
Fabric Wall Hanging Birds 105 cm,Home Decor - Home Accents - Toran and Hangings 003,Other,1,105.0,250.0,5.5254529391317835
Elephant Fabric Wall Hanging 45 in,Home Decor - Home Accents - Toran and Hangings 003,Other,1,114.3,850.0,6.7464121285733745
Bird Fabric Wall Hanging 44 in (Assorted Colours),Home Decor - Home Accents - Toran and Hangings 003,Other,1,111.76,850.0,6.7464121285733745
Cow Door Bell with Embroidery,Home Decor - Home Accents - Toran and Hangings 003,Other,1,20.6,695.0,6.54534966033442
Wall Hanging Lacquered Parrot,Home Decor - Home Accents - Toran and Hangings 003,Other,1,20.6,110.0,4.709530201312334
Wall Hanging Lacquered Elephant 2 in,Home Decor - Home Accents - Toran and Hangings 003,Other,1,5.08,110.0,4.709530201312334
Wall Hanging Lacquered Elephant and Balls,Home Decor - Home Accents - Toran and Hangings 003,Other,1,20.6,220.0,5.3981627015177525
Wall Hanging Lacquered Peacock,Home Decor - Home Accents - Toran and Hangings 003,Other,1,20.6,110.0,4.709530201312334
Wall Hanging with Cotton Filled in Multicolor,Home Decor - Home Accents - Toran and Hangings 003,Cotton,1,20.6,395.0,5.981414211254481
Wall Hanging with Cotton Filled Bird in Multicolor,Home Decor - Home Accents - Toran and Hangings 003,Cotton,1,20.6,600.0,6.398594934535208
Wall Hanging Elephant 30 cm,Home Decor - Home Accents - Toran and Hangings 003,Other,1,30.0,250.0,5.5254529391317835
Wall Hanging with Cotton Filled Bird Set of 2,Home Decor - Home Accents - Toran and Hangings 003,Cotton,2,20.6,315.0,5.755742213586912
Wall Hanging Lacquar Elepant 2 in,Home Decor - Home Accents - Toran and Hangings 003,Other,1,5.08,210.0,5.351858133476067
Wall Hanging with Mirror and Kantha Work 48 in,Home Decor - Home Accents - Toran and Hangings 003,Other,1,121.92,850.0,6.7464121285733745
Wall Hanging with Kantha Elephants and Beadwork,Home Decor - Home Accents - Toran and Hangings 003,Other,1,20.6,800.0,6.68586094706836
Wall Hanging with Cotton Filled Elephants in Multicolour 44 in,Home Decor - Home Accents - Toran and Hangings 003,Cotton,1,111.76,550.0,6.311734809152915
Wall Hanging with Cotton Filled Elephants and Mirror work,Home Decor - Home Accents - Toran and Hangings 003,Cotton,1,20.6,600.0,6.398594934535208
Cow Door Bell with Kantha Embroidery on Belt,Home Decor - Home Accents - Toran and Hangings 003,Other,1,20.6,995.0,6.903747257584598
Copper Bells Antique Finish Wind Chime,Home Decor - Home Accents - Toran and Hangings 003,Other,1,20.6,1750.0,7.467942332285852
Brass Om Gayatri Mantra Wall Hanging in Antique Finish 6 in,Home Decor - Home Accents - Toran and Hangings 003,Brass,1,15.24,995.0,6.903747257584598
Namaste Handpainted Wall Hanging,Home Decor - Home Accents - Toran and Hangings 003,Other,1,20.6,750.0,6.621405651764134
Teak Wood Round Wall Clock with Brass Accents 12 in x 2 in x 12 in,Home Decor - Wall Accents - Clocks 003,Brass,1,30.48,2500.0,7.824445930877619
Wooden Round Table Clock with Golden Stand 8 in,Home Decor - Wall Accents - Clocks 003,Wood,1,20.32,2900.0,7.972810784121404
Round Vintange Table Clock with Floral Dial 10 in,Home Decor - Wall Accents - Clocks 003,Other,1,25.4,2900.0,7.972810784121404
Wooden Round Table Clock with Brass Stand 8 in,Home Decor - Wall Accents - Clocks 003,Brass,1,20.32,1500.0,7.313886831633462
Round Iron Table Clock Fitted in Wood with Brass Finish 5 in x 2 in x 8 in,Home Decor - Wall Accents - Clocks 003,Brass,1,12.7,2795.0,7.935945103353701
Brass Pocket Watch with Seconds Movement 2 in x 1 in x 3 in,Home Decor - Wall Accents - Clocks 003,Brass,1,5.08,1100.0,7.00397413672268
Wooden Hand Painted Round Wall Clock 12 in x 2 in x 12 in,Home Decor - Wall Accents - Clocks 003,Wood,1,30.48,1950.0,7.576097340623111
Gola Watch on Robot Stand,Home Decor - Wall Accents - Clocks 003,Other,1,20.6,1100.0,7.00397413672268
Wooden Wall Clock Handpainted 12 in,Home Decor - Wall Accents - Clocks 003,Wood,1,30.48,1700.0,7.438971592395862
Wooden Handpainted Square Wall Clock,Home Decor - Wall Accents - Clocks 003,Wood,1,20.6,2800.0,7.937731775260109
Wooden Wall Clock with Brass Embossed Design,Home Decor - Wall Accents - Clocks 003,Brass,1,20.6,2800.0,7.937731775260109
Wooden Wall Clock with Floral Engraving on Brass Sheeting 18 in,Home Decor - Wall Accents - Clocks 003,Brass,1,45.72,2500.0,7.824445930877619
Wooden Vintage Wall Clock with Brass Floral Engraving 12 in,Home Decor - Wall Accents - Clocks 003,Brass,1,30.48,1500.0,7.313886831633462
Wooden Handpainted Peacocks Wall Clock 24 in x 18 in,Home Decor - Wall Accents - Clocks 003,Wood,1,60.96,3200.0,8.071218539969863
Brass Turtle Shape Table Clock,Home Decor - Wall Accents - Clocks 003,Brass,1,20.6,2700.0,7.901377353792616
Brass Square Blocks Wall Clock,Home Decor - Wall Accents - Clocks 003,Brass,1,20.6,2800.0,7.937731775260109
Frame Pattachitra Dashavatar Painting 5in x 25in,Home Decor - Wall Accents - Frames 003,Other,1,12.7,5000.0,8.517393171418904
King On Elephant Wood Art Frame  12 in x 15 in,Home Decor - Wall Accents - Frames 003,Wood,1,30.48,4250.0,8.35490952835879
Gopal Krishna Wood Art Frame 11 in x 13 in,Home Decor - Wall Accents - Frames 003,Wood,1,27.94,3200.0,8.071218539969863
Ganesha Temple Frame 6.5 in x 5.5 in,Home Decor - Wall Accents - Frames 003,Other,1,16.51,1900.0,7.550135342488429
Laxmi Temple Frame 6.5 in x 5.5 in,Home Decor - Wall Accents - Frames 003,Other,1,16.51,1795.0,7.493317248862145
Sarswati Temple Frame 6.5 in x 5.5 in,Home Decor - Wall Accents - Frames 003,Other,1,16.51,2150.0,7.67368812926773
Phad Camel Handpainted Glass Frame 11.5 in x 7 in,Home Decor - Wall Accents - Frames 003,Glass,1,29.21,3500.0,8.160803920954665
2 Dolls with Matka in Frame 9 in x 4 in x 29 in,Home Decor - Wall Accents - Frames 003,Other,1,22.86,1300.0,7.170888478512505
Phad Welcoming with Horse Painting (Mount) - 9.5 in x 9.5 in,Home Decor - Wall Accents - Frames 003,Other,1,24.13,1980.0,7.591357046698551
Phad Traditional Dancing Painting (Mount) - 9.5 in x 9.5 in,Home Decor - Wall Accents - Frames 003,Other,1,24.13,1980.0,7.591357046698551
Phad Raja Ki Barat Painting (Mount) - 9.5 in x 9.5 in,Home Decor - Wall Accents - Frames 003,Other,1,24.13,1980.0,7.591357046698551
Pattachitra Dashavatar Painting (Mount) - 8 in x 10 in,Home Decor - Wall Accents - Frames 003,Other,1,20.32,1500.0,7.313886831633462
Gond Painting (Mount) - 11 in x 14 in,Home Decor - Wall Accents - Frames 003,Other,1,27.94,3950.0,8.281723990411392
Gond Painting (Mount) - 15 in x 22 in,Home Decor - Wall Accents - Frames 003,Other,1,38.1,7500.0,8.922791623969637
Phad Raja Rani Conversation Painting (Mount) - 9.5 in x 9.5 in,Home Decor - Wall Accents - Frames 003,Other,1,24.13,1980.0,7.591357046698551
Phad Raja Rani Conversation Painting (Mount) - 9.5 in x 9.5 in,Home Decor - Wall Accents - Frames 003,Other,1,24.13,1980.0,7.591357046698551
Phad Royal Soiree Painting (Mount) - 9.5 in x 9.5 in,Home Decor - Wall Accents - Frames 003,Other,1,24.13,1980.0,7.591357046698551
Phad Shree Krishna Painting (Mount) - 9.5 in x 9.5 in,Home Decor - Wall Accents - Frames 003,Other,1,24.13,1980.0,7.591357046698551
Phad Traditional Dancing Painting (Mount) - 9.5 in x 9.5 in,Home Decor - Wall Accents - Frames 003,Other,1,24.13,1980.0,7.591357046698551
Phad Traditional Music & Dancing Painting (Mount) - 9.5 in x 9.5 in,Home Decor - Wall Accents - Frames 003,Other,1,24.13,1980.0,7.591357046698551
Phad Welcoming Painting (Mount) - 9.5 in x 9.5 in,Home Decor - Wall Accents - Frames 003,Other,1,24.13,1980.0,7.591357046698551
Madhubani Tree of Life Painting (Frame) - 30.2 in x 22.2 in,Home Decor - Wall Accents - Frames 003,Other,1,76.708,6200.0,8.732465848349879
Iron 3 Topi Doll Musician Frame 35 cm x 11 cm x 17 cm,Home Decor - Wall Accents - Frames 003,Iron,1,35.0,1300.0,7.170888478512505
Floral Wood Art Frame 11 in x 13 in,Home Decor - Wall Accents - Frames 003,Wood,1,27.94,3200.0,8.071218539969863
Ganesha Wood Art Frame 17 in x 17 in,Home Decor - Wall Accents - Frames 003,Wood,1,43.18,6400.0,8.764209507142004
Gurunanak Wood Art Frame 12 in x 12 in,Home Decor - Wall Accents - Frames 003,Wood,1,30.48,3200.0,8.071218539969863
Peacock Wood Art Frame 12 in x 15 in,Home Decor - Wall Accents - Frames 003,Wood,1,30.48,4250.0,8.35490952835879
Cows Divine Wood Art Frame 8 in x 8 in,Home Decor - Wall Accents - Frames 003,Wood,1,20.32,1350.0,7.208600337960199
Bastar Art Ganesha Frame 6.5 in x 6.5 in,Home Decor - Wall Accents - Frames 003,Other,1,16.51,1700.0,7.438971592395862
Saraswati Wood Art Frame 8 in x 8 in,Home Decor - Wall Accents - Frames 003,Wood,1,20.32,1350.0,7.208600337960199
Pune Monuments Wood Art Frame 12 in x 12 in,Home Decor - Wall Accents - Frames 003,Wood,1,30.48,3200.0,8.071218539969863
Lokmanya Tilak Wood Art Frame 13 in x 16 in,Home Decor - Wall Accents - Frames 003,Wood,1,33.02,5300.0,8.575650760987806
Vitthal Wood Art Frame 13 in x 16 in,Home Decor - Wall Accents - Frames 003,Wood,1,33.02,5300.0,8.575650760987806
Shivaji Maharaj Wood Art Frame 12 in x 12 in,Home Decor - Wall Accents - Frames 003,Wood,1,30.48,3200.0,8.071218539969863
Trimurti Wood Art Frame 12 in x 12 in,Home Decor - Wall Accents - Frames 003,Wood,1,30.48,3200.0,8.071218539969863
Mumbai Monuments Wood Art Frame 12 in x 12 in,Home Decor - Wall Accents - Frames 003,Wood,1,30.48,3200.0,8.071218539969863
Zarethushtra Wood Art Frame 11 in x 13 in,Home Decor - Wall Accents - Frames 003,Wood,1,27.94,3200.0,8.071218539969863
Peacock On Wood Art Frame 8 in x 8 in,Home Decor - Wall Accents - Frames 003,Wood,1,20.32,1350.0,7.208600337960199
Vitthal Wood Art Frame 11 in x 13 in,Home Decor - Wall Accents - Frames 003,Wood,1,27.94,3200.0,8.071218539969863
Elephant Wood Art Frame 5 in x 6 in,Home Decor - Wall Accents - Frames 003,Wood,1,12.7,900.0,6.803505257608338
Peacock Motif Wood Art Frame 5 in x 6 in,Home Decor - Wall Accents - Frames 003,Wood,1,12.7,900.0,6.803505257608338
Costumes of Wood Art Frame 7 in x 12 in,Home Decor - Wall Accents - Frames 003,Wood,1,17.78,2380.0,7.7752758464868625
Taj Mahal Wood Art Frame 5 in x 6 in,Home Decor - Wall Accents - Frames 003,Wood,1,12.7,900.0,6.803505257608338
Balaji Head Wood Art Frame 5 in x 6 in,Home Decor - Wall Accents - Frames 003,Wood,1,12.7,900.0,6.803505257608338
Motif Wood Art Frame 5 in x 6 in,Home Decor - Wall Accents - Frames 003,Wood,1,12.7,900.0,6.803505257608338
Panjim Church Wood Art Frame 8 in x 8 in,Home Decor - Wall Accents - Frames 003,Wood,1,20.32,1350.0,7.208600337960199
Deco Design Wood Art Frame 8 in x 8 in,Home Decor - Wall Accents - Frames 003,Wood,1,20.32,1350.0,7.208600337960199
Elephant Trunkup Wood Art Frame 12 in x 12 in,Home Decor - Wall Accents - Frames 003,Wood,1,30.48,3200.0,8.071218539969863
Floral Wood Art Frame 7 in x 12 in,Home Decor - Wall Accents - Frames 003,Wood,1,17.78,2380.0,7.7752758464868625
Fourteen Dreams Wood Art Frame 12 in x 12 in,Home Decor - Wall Accents - Frames 003,Wood,1,30.48,3200.0,8.071218539969863
Save Tiger Wood Art Frame 8 in x 8 in,Home Decor - Wall Accents - Frames 003,Wood,1,20.32,1350.0,7.208600337960199
Geeta Upadesh Wood Art Frame 13 in x 16 in,Home Decor - Wall Accents - Frames 003,Wood,1,33.02,5300.0,8.575650760987806
Shivaji Maharaj Wood Art Frame 17 in x 17 in,Home Decor - Wall Accents - Frames 003,Wood,1,43.18,6400.0,8.764209507142004
Laxmi Ganesh Saraswati Wood Art Frame 10 in x 19 in,Home Decor - Wall Accents - Frames 003,Wood,1,25.4,5300.0,8.575650760987806
Krishna Wood Art Frame 13 in x 16 in,Home Decor - Wall Accents - Frames 003,Wood,1,33.02,5300.0,8.575650760987806
Animal Procession Wood Art Frame 8 in x 20 in,Home Decor - Wall Accents - Frames 003,Wood,1,20.32,4750.0,8.46611040118692
Two Deers Wood Art Frame 12 in x 15 in,Home Decor - Wall Accents - Frames 003,Wood,1,30.48,4250.0,8.35490952835879
Lotus with Mahavir Wood Art Frame 11 in x 13 in,Home Decor - Wall Accents - Frames 003,Wood,1,27.94,3200.0,8.071218539969863
Allah Muhammad Wood Art Frame 11 in x 13 in,Home Decor - Wall Accents - Frames 003,Wood,1,27.94,3200.0,8.071218539969863
Budha Head Wood Art Frame 10 in x 10 in,Home Decor - Wall Accents - Frames 003,Wood,1,25.4,2380.0,7.7752758464868625
Saibaba Wood Art Frame 8 in x 8 in,Home Decor - Wall Accents - Frames 003,Wood,1,20.32,1350.0,7.208600337960199
Adar Parsi Wood Art Frame 8 in x 8 in,Home Decor - Wall Accents - Frames 003,Wood,1,20.32,1350.0,7.208600337960199
Ganesh Dagadusheth Wood Art Frame 10 in x 10 in,Home Decor - Wall Accents - Frames 003,Wood,1,25.4,2380.0,7.7752758464868625
Gaja Laxmi Wood Art Frame 5 in x 6 in,Home Decor - Wall Accents - Frames 003,Wood,1,12.7,900.0,6.803505257608338
Brass Dokra Warli Art Frame 4 in x 15 in,Home Decor - Wall Accents - Frames 003,Brass,1,10.16,2995.0,8.005033344637111
Brass Dokra Warli Art Frame 6 in X 6 in,Home Decor - Wall Accents - Frames 003,Brass,1,15.24,1500.0,7.313886831633462
Brass Dokra Warli Art Frame 6 in x 11 in,Home Decor - Wall Accents - Frames 003,Brass,1,15.24,2600.0,7.8636512654486515
Brass Buddha Hexagon Temple Frame 11 in x 12.5 in X 2 in,Home Decor - Wall Accents - Frames 003,Brass,1,27.94,4500.0,8.412054873292933
Brass Panch Mukhi Hanuman Temple Frame 4.5 in x 6.5 in,Home Decor - Wall Accents - Frames 003,Brass,1,11.43,1850.0,7.523481312573497
Brass Single Elephant Temple Frame with Stonework 7.5 in x 7.5 in,Home Decor - Wall Accents - Frames 003,Brass,1,19.05,2995.0,8.005033344637111
Iron Dandiya Musicians Frame 13 in,Home Decor - Wall Accents - Frames 003,Iron,1,33.02,995.0,6.903747257584598
Iron 3 Sardar Musicians Frame 16 in,Home Decor - Wall Accents - Frames 003,Iron,1,40.64,1800.0,7.496097345175956
Brass & Wood Krishna Bastar Art Frame 6.5 in x 6.5 in,Home Decor - Wall Accents - Frames 003,Brass,1,16.51,1700.0,7.438971592395862
Brass & Wood Bastar Tribal Frame 6.5 in x 6.5 in,Home Decor - Wall Accents - Frames 003,Brass,1,16.51,1700.0,7.438971592395862
Glass Hand painted Subh Chinha Frame 14 in x 12 in,Home Decor - Wall Accents - Frames 003,Glass,1,35.56,2750.0,7.919719760924575
Resin Vitthal Rukmini Temple Frame 8 in 6 in x 1.75 in,Home Decor - Wall Accents - Frames 003,Other,1,20.32,675.0,6.516193076042964
Glass Hand painted Paramparik Subh Chinha Frame 5.5 in x 17 in,Home Decor - Wall Accents - Frames 003,Glass,1,13.97,1450.0,7.280008252884188
Chess with Slogan Wood Art Frame 12 in x 25 in,Home Decor - Wall Accents - Frames 003,Wood,1,30.48,7800.0,8.962007209588313
Glass Hand painted Bharatiya Subh Chinha Frame 10 in x 5.5 in,Home Decor - Wall Accents - Frames 003,Glass,1,25.4,895.0,6.79794041297493
Durga Wood Art Frame 8 in x 8 in,Home Decor - Wall Accents - Frames 003,Wood,1,20.32,1350.0,7.208600337960199
Shri Ganesha Wood Art Frame 5 in x 6 in,Home Decor - Wall Accents - Frames 003,Wood,1,12.7,900.0,6.803505257608338
Vighnaharta Wood Art Frame 12 in x 12 in,Home Decor - Wall Accents - Frames 003,Wood,1,30.48,3200.0,8.071218539969863
Appu Ganesha Wood Art Frame 5 in x 6 in,Home Decor - Wall Accents - Frames 003,Wood,1,12.7,900.0,6.803505257608338
Vastumangal Wood Art Frame 6 in x 19 in,Home Decor - Wall Accents - Frames 003,Wood,1,15.24,2700.0,7.901377353792616
Metal Guldasta Wall Art,Home Decor - Wall Accents - Frames 003,Other,1,20.6,1995.0,7.59890045687141
Dokra Warli Art Frame 3 in x 5 in,Home Decor - Wall Accents - Frames 003,Other,1,7.62,1100.0,7.00397413672268
Om Wooden Art Frame 8 x 8 in,Home Decor - Wall Accents - Frames 003,Wood,1,20.32,1350.0,7.208600337960199
Om Wooden Art Frame 12 x 12 in,Home Decor - Wall Accents - Frames 003,Wood,1,30.48,3200.0,8.071218539969863
Gateway of India Wooden Art Frame 8 x 8 in,Home Decor - Wall Accents - Frames 003,Wood,1,20.32,1350.0,7.208600337960199
Shaniwarwada Wooden Art Frame 8 x 8 in,Home Decor - Wall Accents - Frames 003,Wood,1,20.32,1350.0,7.208600337960199
Decorative Design Wooden Art Frame 8 x 8 in,Home Decor - Wall Accents - Frames 003,Wood,1,20.32,1350.0,7.208600337960199
Shri Ram Mandir Ayodhya Wood Art Frame 12 in x 12 in,Home Decor - Wall Accents - Frames 003,Wood,1,30.48,3200.0,8.071218539969863
Vallabhbhai Patel Wood Art Frame 10 in x 10 in,Home Decor - Wall Accents - Frames 003,Wood,1,25.4,2380.0,7.7752758464868625
Dhanwantari Wood Art Frame 11 in x 13 in,Home Decor - Wall Accents - Frames 003,Wood,1,27.94,3200.0,8.071218539969863
Gajalaxmi Wood Art Frame 12 in x 15 in,Home Decor - Wall Accents - Frames 003,Wood,1,30.48,4250.0,8.35490952835879
Balkrishna Wood Art Frame 8 in x 8 in,Home Decor - Wall Accents - Frames 003,Wood,1,20.32,1350.0,7.208600337960199
Navkar Mahamantra Wood Art Frame 8 in x 8 in,Home Decor - Wall Accents - Frames 003,Wood,1,20.32,1350.0,7.208600337960199
Mount Board Original Madhubani Art Print,Home Decor - Wall Accents - Frames 003,Other,1,20.6,2000.0,7.601402334583733
Mount Board Original Gond Art Print,Home Decor - Wall Accents - Frames 003,Other,1,20.6,2000.0,7.601402334583733
Ashtamangal Wood Art Frame 6 in x 19 in,Home Decor - Wall Accents - Frames 003,Wood,1,15.24,2700.0,7.901377353792616
Bharatnatyam Wood Art Frame 9 in x 10 in,Home Decor - Wall Accents - Frames 003,Wood,1,22.86,2380.0,7.7752758464868625
Navkar Mantra Wood Art Frame 11 in x 13 in,Home Decor - Wall Accents - Frames 003,Wood,1,27.94,3200.0,8.071218539969863
Ganesha Shlok Wood Art Frame 12 in x 12 in,Home Decor - Wall Accents - Frames 003,Wood,1,30.48,3200.0,8.071218539969863
Brass Engraved Krishna Temple Frame 5 in x 7 in,Home Decor - Wall Accents - Frames 003,Brass,1,12.7,1850.0,7.523481312573497
Radha Krishna Wood Art Frame 13 in x 16 in,Home Decor - Wall Accents - Frames 003,Wood,1,33.02,5300.0,8.575650760987806
"Wooden Temple Frame with Ganesha, Laxmi and Saraswati 7.5 in x 7.5 in",Home Decor - Wall Accents - Frames 003,Wood,1,19.05,4795.0,8.475537516147405
Twin Peacocks Wood Art Frame 12 in x 12 in,Home Decor - Wall Accents - Frames 003,Wood,1,30.48,3200.0,8.071218539969863
Saibaba Wood Art Frame 11 in x 13 in,Home Decor - Wall Accents - Frames 003,Wood,1,27.94,3200.0,8.071218539969863
Laxmi Wood Art Frame Big 12 in x 12 in,Home Decor - Wall Accents - Frames 003,Wood,1,30.48,3200.0,8.071218539969863
Jesus Wood Art Frame 11 in x 13 in,Home Decor - Wall Accents - Frames 003,Wood,1,27.94,3200.0,8.071218539969863
Farohar Wood Art Frame 11 in x 13 in,Home Decor - Wall Accents - Frames 003,Wood,1,27.94,3200.0,8.071218539969863
Elephant Wood Art Frame Big 12 in x 12 in,Home Decor - Wall Accents - Frames 003,Wood,1,30.48,3200.0,8.071218539969863
Two Elephants Wood Art Frame 10 in x 10 in,Home Decor - Wall Accents - Frames 003,Wood,1,25.4,2380.0,7.7752758464868625
Trimurti Elephant Wood Art Frame 10 in x 10 in,Home Decor - Wall Accents - Frames 003,Wood,1,25.4,2380.0,7.7752758464868625
Swami Vivekananda Wood Art Frame 10 in x 10 in,Home Decor - Wall Accents - Frames 003,Wood,1,25.4,2380.0,7.7752758464868625
Shrinathji Wood Art Frame Small 10 in x 10 in,Home Decor - Wall Accents - Frames 003,Wood,1,25.4,2380.0,7.7752758464868625
Saras Birds Wood Art Frame 10 in x 10 in,Home Decor - Wall Accents - Frames 003,Wood,1,25.4,2380.0,7.7752758464868625
Round Peacock Wood Art Frame 10 in x 10 in,Home Decor - Wall Accents - Frames 003,Wood,1,25.4,2380.0,7.7752758464868625
Rabindranath Tagore Wood Art Frame 10 in x 10 in,Home Decor - Wall Accents - Frames 003,Wood,1,25.4,2380.0,7.7752758464868625
Namaste Ganesha Wood Art Frame 10 in x 10 in,Home Decor - Wall Accents - Frames 003,Wood,1,25.4,2380.0,7.7752758464868625
Mushak Ganesha Wood Art Frame 10 in x 10 in,Home Decor - Wall Accents - Frames 003,Wood,1,25.4,2380.0,7.7752758464868625
Mumbai Monuments Wood Art Frame 10 in x 10 in,Home Decor - Wall Accents - Frames 003,Wood,1,25.4,2380.0,7.7752758464868625
Mahatma Gandhi Wood Art Frame 10 in x 10 in,Home Decor - Wall Accents - Frames 003,Wood,1,25.4,2380.0,7.7752758464868625
Maharashtra State Wood Art Frame 10 in x 10 in,Home Decor - Wall Accents - Frames 003,Wood,1,25.4,2380.0,7.7752758464868625
Kathakali Wood Art Frame 9 in x 10 in,Home Decor - Wall Accents - Frames 003,Wood,1,22.86,2380.0,7.7752758464868625
Jaswand Flower Wood Art Frame 10 in x 10 in,Home Decor - Wall Accents - Frames 003,Wood,1,25.4,2380.0,7.7752758464868625
Indian Musical Instruments Wood Art Frame 7 in x 12 in,Home Decor - Wall Accents - Frames 003,Wood,1,17.78,2380.0,7.7752758464868625
Indian Classical Dancer Wood Art Frame 7 in x 12 in,Home Decor - Wall Accents - Frames 003,Wood,1,17.78,2380.0,7.7752758464868625
Incredible India Wood Art Frame 10 in x 10 in,Home Decor - Wall Accents - Frames 003,Wood,1,25.4,2380.0,7.7752758464868625
Hanumanji Wood Art Frame 10 in x 10 in,Home Decor - Wall Accents - Frames 003,Wood,1,25.4,2380.0,7.7752758464868625
Guru Gobind Singh Wood Art Frame 9 in x 10 in,Home Decor - Wall Accents - Frames 003,Wood,1,22.86,2380.0,7.7752758464868625
Elephant Wood Art Frame 10 in x 10 in,Home Decor - Wall Accents - Frames 003,Wood,1,25.4,2380.0,7.7752758464868625
Elephant Trunk Up Wood Art Frame 10 in x 10 in,Home Decor - Wall Accents - Frames 003,Wood,1,25.4,2380.0,7.7752758464868625
Dr. Ambedkar Wood Art Frame 10 in x 10 in,Home Decor - Wall Accents - Frames 003,Wood,1,25.4,2380.0,7.7752758464868625
Bullock Cart Wood Art Frame 9 in x 10 in,Home Decor - Wall Accents - Frames 003,Wood,1,22.86,2380.0,7.7752758464868625
Wooden Temple Frame with Radha Krishna 5 in x 7 in,Home Decor - Wall Accents - Frames 003,Wood,1,12.7,1850.0,7.523481312573497
Wooden Temple Frame with Crown Ganesha and Jaali Pattern 4.5 in x 6.5 in,Home Decor - Wall Accents - Frames 003,Wood,1,11.43,1760.0,7.473637108496206
Karnataka Monuments Wood Art Frame 10 in x 10 in,Home Decor - Wall Accents - Frames 003,Wood,1,25.4,2380.0,7.7752758464868625
Taj Mahal Wood Art Frame 8 in x 8 in,Home Decor - Wall Accents - Frames 003,Wood,1,20.32,1350.0,7.208600337960199
Swastik Ganesha Wood Art Frame 8 in x 8 in,Home Decor - Wall Accents - Frames 003,Wood,1,20.32,1350.0,7.208600337960199
Round Elephant Wood Art Frame 8 in x 8 in,Home Decor - Wall Accents - Frames 003,Wood,1,20.32,1350.0,7.208600337960199
Pothi Ganesha Wood Art Frame 8 in x 8 in,Home Decor - Wall Accents - Frames 003,Wood,1,20.32,1350.0,7.208600337960199
Peacock Wood Art Frame Small 8 in x 8 in,Home Decor - Wall Accents - Frames 003,Wood,1,20.32,1350.0,7.208600337960199
Natraj Wood Art Frame 8 in x 8 in,Home Decor - Wall Accents - Frames 003,Wood,1,20.32,1350.0,7.208600337960199
Laxmi Wood Art Frame Small 8 in x 8 in,Home Decor - Wall Accents - Frames 003,Wood,1,20.32,1350.0,7.208600337960199
Gayatri Mantra Wood Art Frame 8 in x 8 in,Home Decor - Wall Accents - Frames 003,Wood,1,20.32,1350.0,7.208600337960199
Ganpati Wood Art Frame 8 in x 8 in,Home Decor - Wall Accents - Frames 003,Wood,1,20.32,1350.0,7.208600337960199
Floral Design Wood Art Frame 8 in x 8 in,Home Decor - Wall Accents - Frames 003,Wood,1,20.32,1350.0,7.208600337960199
Elephant Wood Art Frame Small 8 in x 8 in,Home Decor - Wall Accents - Frames 003,Wood,1,20.32,1350.0,7.208600337960199
Decorative Swan Wood Art Frame 8 in x 8 in,Home Decor - Wall Accents - Frames 003,Wood,1,20.32,1350.0,7.208600337960199
Decorative Ganesha Wood Art Frame 8 in x 8 in,Home Decor - Wall Accents - Frames 003,Wood,1,20.32,1350.0,7.208600337960199
Dancing Peacock Wood Art Frame 8 in x 8 in,Home Decor - Wall Accents - Frames 003,Wood,1,20.32,1350.0,7.208600337960199
Cross Sign Wood Art Frame 8 in x 8 in,Home Decor - Wall Accents - Frames 003,Wood,1,20.32,1350.0,7.208600337960199
Annapakshi Wood Art Frame 8 in x 8 in,Home Decor - Wall Accents - Frames 003,Wood,1,20.32,1350.0,7.208600337960199
"'Scoops of Royalty' Metal Ice Cream Bowls with Spoons (Set of 4, Handcrafted)",Ice Cream Bowls,Other,4,20.6,2999.0,8.006367567650246
"'Elegant Mandala' Decorative Brass Pooja Chowki (5.2 Cm, 1.6 Kg, Hand-Etched)",Idol Chowki,Brass,1,5.2,3999.0,8.294049640102028
"'Mandala' Handcarved Decorative Brass Pooja Chowki (Hand-Etched, 7.0 x 5.8 cm, 1.62 kg)",Idol Chowki,Brass,1,5.8,3999.0,8.294049640102028
Marble Dust Ganesha with Base in Bone Finish 34.5 in,Idols & Figurines - Masterpieces 003,Stone/Marble,1,87.63,49000.0,10.799595985047786
Bastar Dokra Up Trunk Elephant 14in,Idols & Figurines - Masterpieces 003,Other,1,35.56,25000.0,10.12667110305036
Bastar Dokra Nandi with Shivling 9in,Idols & Figurines - Masterpieces 003,Other,1,22.86,48000.0,10.778977123006351
Bastar Art Elephant Figurine with Down Trunk - 9 Inches,Idols & Figurines - Masterpieces 003,Other,1,22.86,45000.0,10.714439990727769
Bastar Nandi Standing,Idols & Figurines - Masterpieces 003,Other,1,20.6,31000.0,10.34177474101152
Bastar Ganesha Sitting On Musical Instruments,Idols & Figurines - Masterpieces 003,Other,1,20.6,95000.0,11.461642696843066
Bastar Ramdarbar On Elephant,Idols & Figurines - Masterpieces 003,Other,1,20.6,120000.0,11.695255355062795
Marble Elephant with Flower Carving Up Trunk 15 in,Idols & Figurines - Masterpieces 003,Stone/Marble,1,38.1,44000.0,10.691967639914864
Rose Quartz Stone Pooja Ganesha 12 in,Idols & Figurines - Masterpieces 003,Stone/Marble,1,30.48,115000.0,11.652696102959753
Marble Inlay Work Round Plate with Stand & Box 12 in,Idols & Figurines - Masterpieces 003,Stone/Marble,1,30.48,15000.0,9.61587214452889
Marble Hand Painted Durga on Lion 15 in,Idols & Figurines - Masterpieces 003,Stone/Marble,1,38.1,65000.0,11.082157933374816
Marble Hand Painted Radha Krishna Jugal Jodi 24 in,Idols & Figurines - Masterpieces 003,Stone/Marble,1,60.96,158000.0,11.970356641102999
Black Marble Thinking Buddha 28 in,Idols & Figurines - Masterpieces 003,Stone/Marble,1,71.12,195000.0,12.180759965737863
Culture Marble Krishna with Hand Painted Mukut 30 in,Idols & Figurines - Masterpieces 003,Stone/Marble,1,76.2,72000.0,11.184435286790631
Culture Marble Hand Painted Ganesha 10 in,Idols & Figurines - Masterpieces 003,Stone/Marble,1,25.4,17000.0,9.741027444837728
Brass Elephant Up Trunk with Ring Stonework 12 in,Idols & Figurines - Masterpieces 003,Brass,1,30.48,30000.0,10.308985993422082
Acacia Wood Mandir 30 in x 16 in x 39 in,Idols & Figurines - Masterpieces 003,Wood,1,76.2,63000.0,11.050905878263567
Brass U Shape Planter with Base 35 in,Idols & Figurines - Masterpieces 003,Brass,1,88.9,80000.0,11.289794413577894
Brass Wall Hanging Om with Mandala Design In Wooden Frame 45.5 in,Idols & Figurines - Masterpieces 003,Brass,1,115.57000000000001,99000.0,11.502885230075814
Brass Wall Hanging Cow & Calf in Wooden Frame 24 in,Idols & Figurines - Masterpieces 003,Brass,1,60.96,59000.0,10.985309671896763
Brass Krishna with Peacock Standing on Rock in Black & Gold Finish 29 in,Idols & Figurines - Masterpieces 003,Brass,1,73.66,46000.0,10.736418414365376
Brass Elephant with Up Trunk in Black & Gold Finish 20 in,Idols & Figurines - Masterpieces 003,Brass,1,50.8,95000.0,11.461642696843066
Marble Elephant with Hoda & Down Trunk on Base 21 in (1 pc),Idols & Figurines - Masterpieces 003,Stone/Marble,1,53.34,95000.0,11.461642696843066
Marble Dust Krishna Panel in Wood Frame 42 in,Idols & Figurines - Masterpieces 003,Wood,1,106.68,97000.0,11.48247656671073
Culture Marble Krishna & Cow with Silver Plating 24.5 in,Idols & Figurines - Masterpieces 003,Stone/Marble,1,62.230000000000004,185000.0,12.128116509451258
"'Elegant Peacock' Dhoop Dani Brass Incense Burner (15.6 Cm, 0.98 Kg, Hand-Etched)",Incense Burner,Brass,1,15.6,2699.0,7.90100705199242
"'Swan' Dhoop Dani Handcarved Brass Incense Burner (Hand-Etched, 10.9 cm, 600 grams)",Incense Burner,Brass,1,10.9,2299.0,7.7406644019172415
"'Inayaat' Dhoop Dani Handcarved Brass Incense Burner (Hand-Etched, 10.2 cm, 360 grams)",Incense Burner,Brass,1,10.2,999.0,6.907755278982137
"'Inaayat' Dhoop Dani Brass Incense Burner (Hand-Etched, 12.7 cm, 600 grams)",Incense Burner,Brass,1,12.7,1899.0,7.549609165154532
"ExclusiveLane 'Zeenat' Iron & Wood Dhoop Dani Incense Burner (Hand-Etched, 7.8 Cm)",Incense Burner,Wood,1,7.8,660.0,6.493753839851686
Meditating Frogs' Incense Stick Holder In Ceramic (Set of 2 | 10.2 cm),Incense Stick Holder,Ceramic,2,10.2,419.0,6.040254711277414
Handcrafted Wooden Game With Box - Dominoes Sleek,Indoor Games,Wood,1,20.6,1600.0,7.3783837129967145
Marble Chess with Board,Indoor Games,Stone/Marble,1,20.6,2860.0,7.95892649305011
Handcrafted Wooden Game - Tic Tac Toe,Indoor Games,Wood,1,20.6,1010.0,6.918695219020472
Handcrafted Wooden Games (2-in-1) - Tic Tac Toe & Dominos,Indoor Games,Wood,1,20.6,1340.0,7.201170883281678
Handcrafted Ludo Game,Indoor Games,Other,1,20.6,2280.0,7.732369222284388
Wooden Tangram Puzzle - Multicoloured,Indoor Games,Wood,1,20.6,760.0,6.634633357861686
"Handcrafted Wooden Game - Ball-In-A-Maze Puzzle - Dia 4""",Indoor Games,Wood,1,20.6,490.0,6.19644412779452
Marble Chess with Board,Indoor Games,Stone/Marble,1,20.6,1710.0,7.444833273892193
Marble Chess with Board,Indoor Games,Stone/Marble,1,20.6,2220.0,7.7057128238944275
Handcrafted Wooden Solitaire Game (Brainvita),Indoor Games,Wood,1,20.6,970.0,6.878326468291325
Handcrafted Wooden Tangram Puzzle,Indoor Games,Wood,1,20.6,957.0,6.86484777797086
Handcrafted Wooden Tangram Puzzle,Indoor Games,Wood,1,20.6,957.0,6.86484777797086
Handcrafted Wooden Dominoes Game With Box,Indoor Games,Wood,1,20.6,1540.0,7.340186835320115
Handcrafted Wood & Brass Tic Tac Toe Game With Box,Indoor Games,Brass,1,20.6,1100.0,7.00397413672268
Handcrafted Wooden Dice-In Dice Game,Indoor Games,Wood,1,20.6,869.0,6.76849321164863
Handcrafted Wooden Puzzles With Box (Set of 3),Indoor Games,Wood,3,20.6,1530.0,7.333676395657684
Handcrafted Wooden Puzzles With Box (Set of 4),Indoor Games,Wood,4,20.6,1530.0,7.333676395657684
Handcrafted Wood & Brass Tic Tac Toe Game With Box,Indoor Games,Brass,1,20.6,1210.0,7.099201743553092
"Basics 'Crystal Essence' Multi-Utility Storage Jars & Containers (Airtight, 700 ml)",Jar & Container,Other,1,20.6,799.0,6.684611727667927
"Basics 'Crystal Bloom' Multi-Utility Storage Jars & Containers (Airtight, Set of 3, 300 ml)",Jar & Container,Other,3,20.6,999.0,6.907755278982137
"Basics 'Crystal Essence' Multi-Utility Storage Jars & Containers (Airtight, 500 ml)",Jar & Container,Other,1,20.6,649.0,6.476972362889683
"Basics 'Nordic Glass' Multi-Utility Storage Jars & Containers (Airtight, Set of 4, 270 ml, Microwave Safe)",Jar & Containers,Glass,4,20.6,899.0,6.802394763324311
"Basics 'Nordic Glass' Multi-Utility Storage Jars & Containers (Airtight, Set of 6, 270 ml, Microwave Safe)",Jar & Containers,Glass,6,20.6,1199.0,7.090076835776092
"'Nordic Grove' Hand-Glazed Ceramic Multi-Utility Storage Jars & Containers (Airtight, Set of 3, 560 ml, Microwave Safe)",Jar & Containers,Ceramic,3,20.6,999.0,6.907755278982137
"'Nordic Grove' Hand-Glazed Ceramic Multi-Utility Storage Jars & Containers (Airtight, Set of 4, 560 ml, Microwave Safe)",Jar & Containers,Ceramic,4,20.6,1499.0,7.313220387090301
"'Nordic Grove' Hand-Glazed Ceramic Multi-Utility Storage Jars & Containers (Airtight, Set of 2, 560 ml, Microwave Safe)",Jar & Containers,Ceramic,2,20.6,799.0,6.684611727667927
"'Nordic Grove' Hand-Glazed Ceramic Multi-Utility Storage Jar & Container (Airtight, 560 ml, Microwave Safe)",Jar & Containers,Ceramic,1,20.6,540.0,6.293419278846481
"Lavender' Handmade Wax Concrete Jar Scented Candle (28 Hours Burn Time, Soy Blend)",Jar Candles,Other,1,20.6,609.0,6.413458957167357
"Cedarwood' Handmade Wax Concrete Jar Scented Candle (28 Hours Burn Time, Soy Blend)",Jar Candles,Wood,1,20.6,589.0,6.380122536899765
"Musk' Handmade Wax Jar Scented Candle (28 Hours Burn Time, Soy Blend, Reusable Jar)",Jar Candles,Other,1,20.6,569.0,6.345636360828596
"Vanilla' Handmade Wax Jar Scented Candle (28 Hours Burn Time, Soy Blend, Reusable Jar)",Jar Candles,Other,1,20.6,569.0,6.345636360828596
"Rose' Handmade Wax Jar Scented Candle (28 Hours Burn Time, Soy Blend, Reusable Jar)",Jar Candles,Other,1,20.6,569.0,6.345636360828596
"Lemongrass' Handmade Wax Jar Scented Candle (40 Hours Burn Time, Soy Blend, Reusable Jar)",Jar Candles,Other,1,20.6,599.0,6.396929655216146
"Ocean Breeze' Handmade Wax Jar Scented Candle (40 Hours Burn Time, Soy Blend, Reusable Jar)",Jar Candles,Other,1,20.6,599.0,6.396929655216146
"Lily' Handmade Wax Jar Scented Candle (40 Hours Burn Time, Soy Blend, Reusable Jar)",Jar Candles,Other,1,20.6,599.0,6.396929655216146
"ExclusiveLane 'Royal Mughal' Multi-Utility Storage Jars & Containers In Ceramic With Wooden Lid (Set of 2, Airtight, 380 ML, Hand-Painted, 13.4 Cm)",Jars & Containers,Wood,2,13.4,999.0,6.907755278982137
"'Royal Mughal' Multi-Utility Storage Jars & Containers In Ceramic With Wooden Lid (Set of 4, Airtight, 380 ML, Hand-Painted, 13.4 Cm)",Jars & Containers,Wood,4,13.4,1699.0,7.438383530044307
"'White Cuboidal' Handcrafted Multi Utility Jars & Containers In Iron (Set of 2, Air-Tight, 1000 ML)",Jars & Containers,Iron,2,20.6,899.0,6.802394763324311
"'Golden Keepsake' Multi-Utility Storage Brass Jar & Container (100% Pure Brass, Air-Tight, 700 ML, Handcrafted)",Jars & Containers,Brass,1,20.6,999.0,6.907755278982137
"ExclusiveLane 'Royal Mughal' Multi-Utility Storage Jar & Container In Ceramic With Wooden Lid (Airtight, 380 ML, Hand-Painted, 13.4 Cm)",Jars & Containers,Wood,1,13.4,599.0,6.396929655216146
"'Mughal Cuboidal Pair' Floral Hand-painted Multi Utility Storage Jars & Containers In Ceramic (Airtight, Set of 2, 240 ML, 9.7 cm)",Jars & Containers,Ceramic,2,9.7,899.0,6.802394763324311
"'Mughal Cuboidal' Floral Hand-painted Multi Utility Storage Jar & Container In Ceramic (Airtight, 240 ML, 9.7 cm)",Jars & Containers,Ceramic,1,9.7,549.0,6.309918278226516
"'Shatranj Checkered' Hand-painted Multi-Purpose Storage Jars & Containers in Ceramic (Airtight, Set of 2, 410 ML, 13.2 cm)",Jars & Containers,Ceramic,2,13.2,999.0,6.907755278982137
"'Mughal Floral' Hand-Painted Ceramic Storage Jars & Containers with Tray  (Set of 2, 440 ML)",Jars & Containers,Ceramic,2,20.6,1499.0,7.313220387090301
"'Shatranj Checkered' Multi-Purpose Storage Jars & Containers In Ceramic With Iron Tray  (Air-Tight, Set Of 2, 410 ml, Hand-Painted)",Jars & Containers,Ceramic,2,20.6,1099.0,7.003065458786462
"'Mughal Cuboidal' Multi-Purpose Storage Jars & Containers In Ceramic With Wooden Holder (Air-Tight, Set Of 2, 240 ml, Hand-Painted)",Jars & Containers,Wood,2,20.6,1139.0,7.038783541388542
"Mughal Cuboidal Pair Floral Ceramic Kitchen Storage Jars Containers (Set of 4, Airtight, 240 ML)",Jars & Containers,Ceramic,4,20.6,1599.0,7.3777589082278725
"'Shatranj Checkered' Hand-painted Multi-Purpose Storage Jars & Containers in Ceramic (Airtight, Set of 2, 240 ML, 10.2 cm)",Jars & Containers,Ceramic,2,10.2,899.0,6.802394763324311
"'Shatranj Checkered' Hand-painted Multi-Purpose Storage Jar & Container in Ceramic (Airtight, 240 ML, 10.2 cm)",Jars & Containers,Ceramic,1,10.2,599.0,6.396929655216146
"'Shatranj Checkered' Multi-Purpose Storage Jars & Containers In Ceramic With Wooden Holder (Air-Tight, Set Of 2, 240 ml, Hand-Painted)",Jars & Containers,Wood,2,20.6,1139.0,7.038783541388542
"'Mughal Cylindrical' Floral Hand-painted Multi-Utility Storage Jar & Container In Ceramic (Airtight, 410 ML, 13.2 cm)",Jars & Containers,Ceramic,1,13.2,649.0,6.476972362889683
"Hand-Painted Floral Ceramic Storage Jars And Containers (Set of 4, Airtight, 410 ML)",Jars & Containers,Ceramic,4,20.6,1849.0,7.52294091807237
"'Mughal Cylindrical Duo' Floral Hand-painted Multi Utility Storage Jars & Containers In Ceramic (Airtight, Set of 2, 410 ML, 13.2 cm)",Jars & Containers,Ceramic,2,13.2,999.0,6.907755278982137
"'White Doves' Handcrafted Multi Utility Jars & Containers In Iron (Set of 3, Air-Tight, 1080 ML)",Jars & Containers,Iron,3,20.6,1399.0,7.24422751560335
"ExclusiveLane 'The London Tea Club' Multi-Utility Storage Jars & Containers In Ceramic (Set of 3, Non- Airtight, 520 ML, Hand-Embossed, 15.5 Cm)",Jars & Containers,Ceramic,3,15.5,899.0,6.802394763324311
"'Gleeming Ghee' Brass Ghee Pot With Spoon (Hand-Etched, 380 ML, 100% Pure Brass)",Jars & Containers,Brass,1,20.6,1299.0,7.170119543449628
"ExclusiveLane 'London Daily Rituals' Multi-Utility Storage Jars & Containers In Ceramic With Wooden Lid (Set of 3, Airtight, 300 ML, Hand-Embossed, 13.5 Cm)",Jars & Containers,Wood,3,13.5,1499.0,7.313220387090301
"'Vintage Ivory' Multi-Purpose Storage Jars & Containers In Ceramic (Air-Tight, Set of 2, 410 ml, Hand Glazed)",Jars & Containers,Ceramic,2,20.6,999.0,6.907755278982137
"'Vintage Ivory' Multi-Purpose Storage Jar & Container In Ceramic (Air-Tight, 410 ml, Hand Glazed)",Jars & Containers,Ceramic,1,20.6,799.0,6.684611727667927
"'Shatranj Checkered' Hand-painted Multi-Purpose Storage Jar & Container in Ceramic (Airtight, 410 ML, 13.2 cm)",Jars & Containers,Ceramic,1,13.2,660.0,6.493753839851686
"'Roundabout Keepsake' Multi-Utility Storage Brass Jar & Container (100% Pure Brass, Air-Tight, 850 ML, Hand-Hammered)",Jars & Containers,Brass,1,20.6,1799.0,7.495541943884256
"'Mughal Classic' Multi-Purpose Storage Jars & Containers In Ceramic (Air-Tight, Set of 2, 410 ml, Hand-Painted)",Jars & Containers,Ceramic,2,20.6,1109.0,7.01211529430638
"'Mughal Classic' Multi-Purpose Storage Jar & Container In Ceramic (Air-Tight, 410 ml, Hand-Painted)",Jars & Containers,Ceramic,1,20.6,499.0,6.214608098422191
"'Green Keepers' Multi-Utility Storage Jars & Containers In Ceramic With Wooden Lid (Set of 4, Airtight, 390 ML, Hand-Embossed, 13.5 Cm)",Jars & Containers,Wood,4,13.5,1699.0,7.438383530044307
"'Mughal Round' Multi-Purpose Storage Jars & Containers In Ceramic With Iron Holder (Air-Tight, Set Of 2, 300 ml, Hand-Painted)",Jars & Containers,Ceramic,2,20.6,1279.0,7.154615356913663
"'Boho Floral' Hand-Enamelled Multi Utility Jars & Containers In Iron With Tray (Set of 3, Air-Tight, 480 ML)",Jars & Containers,Iron,3,20.6,1399.0,7.24422751560335
"'Mughal Drum Duo' Floral Hand-painted Multi Utility Storage Jars & Containers In Ceramic (Airtight, Set of 2, 570 ML, 15.5 cm)",Jars & Containers,Ceramic,2,15.5,1399.0,7.24422751560335
"'Mughal Drum' Floral Hand-painted Multi Utility Storage Jar & Container In Ceramic (Airtight, 570 ML, 15.5 cm)",Jars & Containers,Ceramic,1,15.5,799.0,6.684611727667927
"'Mughal Barrel' Multi-Purpose Storage Jar & Container In Ceramic (Air-Tight, 420 ml, Hand-Painted)",Jars & Containers,Ceramic,1,20.6,699.0,6.551080335043404
"ExclusiveLane 'Green Keepers' Multi-Utility Storage Jars & Containers In Ceramic With Wooden Lid (Set of 2, Airtight, 390 ML, Hand-Embossed, 13.5 Cm)",Jars & Containers,Wood,2,13.5,730.0,6.594413459749778
"'Persian Floral' Multi-Purpose Storage Jars & Containers In Ceramic (Air-Tight, Set of 2, 410 ml, Hand-Painted)",Jars & Containers,Ceramic,2,20.6,999.0,6.907755278982137
"'Persian Floral' Multi-Purpose Jar & Container In Ceramic (Air-Tight, 410 ml, Hand-Painted)",Jars & Containers,Ceramic,1,20.6,649.0,6.476972362889683
"'Persian Floral' Multi-Purpose Storage Jar & Container In Ceramic (Air-Tight, 660 ml, Hand-Painted)",Jars & Containers,Ceramic,1,20.6,680.0,6.523562306149512
"'Persian Floral' Multi-Purpose Storage Jars & Containers In Ceramic (Air-Tight, Set of 2, 660 ml, Hand-Painted)",Jars & Containers,Ceramic,2,20.6,1535.0,7.336936913707618
"ExclusiveLane 'Forest Glade' Multi-Utility Storage Jar & Container In Ceramic With Wooden Lid (Airtight, 390 ML, Hand-Embossed, 13.5 Cm)",Jars & Containers,Wood,1,13.5,440.0,6.089044875446846
"'Persian Floral' Multi-Purpose Storage Jars & Containers In Ceramic (Air-Tight, Set of 2, 600 ml, Hand-Painted)",Jars & Containers,Ceramic,2,20.6,1529.0,7.333023014386481
"'Persian Floral' Multi-Purpose Storage Jar & Container In Ceramic (Air-Tight, 600 ml, Hand-Painted)",Jars & Containers,Ceramic,1,20.6,769.0,6.646390514847729
Khurja Pottery Decorative and Servingware  - Indigo Bloom Teapot,Kettles,Ceramic,1,20.6,2870.0,7.962415680121064
Pattachitra Art - Tin Teapot,Kettles,Other,1,20.6,4770.0,8.470311205516108
Pattachitra Art - Tin Teapot,Kettles,Other,1,20.6,4770.0,8.470311205516108
"Pattachitra Art - Tin Teapot, Small",Kettles,Other,1,20.6,3690.0,8.213652703029998
"'Bird Meadow' Decorative Key Holder (5 Hooks, Mango Wood, Hand-Carved)",Key Holder,Wood,1,20.6,899.0,6.802394763324311
"'Elephant Trail' Decorative Key Holder (6 Hooks, Mango Wood, Hand-Carved)",Key Holder,Wood,1,20.6,1299.0,7.170119543449628
"'Butterfly Tales' Decorative Key Holder (6 Hooks, Mango Wood, Hand-Carved)",Key Holder,Wood,1,20.6,1299.0,7.170119543449628
'Panels Of Paintings' Warli Hand-Painted Key Holder In Pine & Teak Wood (6 Hooks),Key Hooks,Wood,1,20.6,999.0,6.907755278982137
Flower Block Key Holder In Sheesham Wood,Key Hooks,Wood,1,20.6,999.0,6.907755278982137
'Tribal Borders' Warli Hand-Painted Dhokra Key Holder In Sheesham Wood (6 Hooks),Key Hooks,Wood,1,20.6,1399.0,7.24422751560335
"'Brass, Wood & Colours' Madhubani Hand-Painted Dhokra Key Holder In Sheesham & Teak Wood (6 Hooks)",Key Hooks,Brass,1,20.6,2199.0,7.696212639346407
'Birds On Planks' Warli Hand-Painted Key Holder In Sheesham Wood (6 Hooks),Key Hooks,Wood,1,20.6,1699.0,7.438383530044307
'Brass People On Teak Wood' Warli Hand-Painted Key Holder With Dhokra Art (4 Hooks),Key Hooks,Brass,1,20.6,1949.0,7.575584651557793
'In-Key-Geneous' Madhubani Hand-Painted Key Holder In Sheesham & Teak Wood (6 Hooks),Key Hooks,Wood,1,20.6,2120.0,7.659642954564682
'Twin Cows' Hand-painted Iron Key Holder (4 Hooks),Key Hooks,Iron,1,20.6,929.0,6.835184586147301
'Rajasthani Rang' Hand-painted Wooden Key Holder (2 Hooks),Key Hooks,Wood,1,20.6,679.0,6.522092798170152
'In-Key-Geneous' Warli Hand-Painted Wooden Key Holder With Dhokra Art,Key Hooks,Wood,1,20.6,1019.0,6.927557906278317
King Procession Coffee Mug 300 ml,King Procession,Other,1,20.6,300.0,5.707110264748875
King Procession Coffee Mugs Set of 2 (300 ml each),King Procession,Other,2,20.6,600.0,6.398594934535208
King Procession Leather Case with Diary,King Procession,Other,1,20.6,950.0,6.85751406254539
King Procession Satin Cushion Covers - 16 in x 16 in - Set of 2,King Procession,Other,2,40.64,695.0,6.54534966033442
'Turquoise Blue Hand-painted' Kitchen Chalkboard,Kitchen Chalkboard,Other,1,20.6,999.0,6.907755278982137
Jute Craft - Doll Keychain (Set of 2),Knick Knacks,Jute,2,20.6,180.0,5.198497031265826
Jute Craft - Doll Keychain (Set of 2),Knick Knacks,Jute,2,20.6,180.0,5.198497031265826
Jute Craft - Doll Keychains (Set of 2),Knick Knacks,Jute,2,20.6,180.0,5.198497031265826
"'Terra' Handcrafted Ceramic Tea Kullads (Set of 6, 160 ML, Microwave Safe)",Kullads,Ceramic,6,20.6,599.0,6.396929655216146
'New-Old World Charms' Warli Hand-Painted Kulhads In Terracotta  (Set Of 4),Kullads,Terracotta/Clay,4,20.6,849.0,6.745236349484363
'Terra-Sips' Hand-Painted Kullads In Earthen Terracotta (Set Of 4),Kullads,Terracotta/Clay,4,20.6,799.0,6.684611727667927
"'Terra Tones' Handcrafted Ceramic Tea Kullads (Set of 6, 120 ml, Microwave Safe)",Kullads,Ceramic,6,20.6,735.0,6.601230118728877
Andhra Leather Craft Wall Lamp Shade - Kanaka Valli. Height - 8 inches,Lamp Shades,Other,1,20.32,2620.0,7.8713112033234065
Andhra Leather Craft Wall Lamp Shade - Anil Valli. Height - 8 inches,Lamp Shades,Other,1,20.32,2620.0,7.8713112033234065
Andhra Leather Craft Wall Lamp Shade - Anil Dwandva Anil Dwandva. Height - 8 inches,Lamp Shades,Other,1,20.32,2620.0,7.8713112033234065
Andhra Leather Craft Lamp Shade - Bird and Blooms. Height - 9.5 inches,Lamp Shades,Other,1,24.13,2280.0,7.732369222284388
Andhra Leather Craft Lamp Shade - Blue Flower. Height - 6 inches,Lamp Shades,Other,1,15.24,1530.0,7.333676395657684
Andhra Leather Craft Lamp Shade - Ambari Maharaj. Height - 6 inches,Lamp Shades,Other,1,15.24,1530.0,7.333676395657684
Andhra Leather Craft Lamp Shade - Holiday Floral Blues (Set of Two). Height - 6 inches Each,Lamp Shades,Other,1,15.24,3180.0,8.064950891749143
Andhra Leather Craft Lamp Shade - Chitra Pakshi Kutir (Set of Two). Height - 6 inches Each,Lamp Shades,Other,1,15.24,3180.0,8.064950891749143
Andhra Leather Craft Wall Lamp Shade - Jodi Pakshulu (Set of Two). Height - 8.5 inches Each,Lamp Shades,Other,1,21.59,4960.0,8.509362612301048
Andhra Leather Craft Wall Lamp Shade - Vinayaka Vilasam (Set of Two). Height - 8.5 inches Each,Lamp Shades,Other,1,21.59,4960.0,8.509362612301048
Andhra Leather Craft Lamp Shade - Annapakshi. Height - 13 inches,Lamp Shades,Other,1,33.02,4290.0,8.364275084991524
Andhra Leather Craft Lamp Shade - Hamsa Leela. Height - 13 inches,Lamp Shades,Other,1,33.02,4290.0,8.364275084991524
Andhra Leather Craft Lamp Shade - Sunlit Blooms. Height - 17 inches,Lamp Shades,Other,1,43.18,5400.0,8.594339400592892
Andhra Leather Craft Lamp Shade - Paisley Peacock. Height - 17 inches,Lamp Shades,Other,1,43.18,5400.0,8.594339400592892
Andhra Leather Craft Lamp Shade - Madhura Vanam. Height - 25 inches,Lamp Shades,Other,1,63.5,8350.0,9.03013657115323
Andhra Leather Craft Lamp Shade - Gaja Vana Kathā. Height - 25 inches,Lamp Shades,Other,1,63.5,8350.0,9.03013657115323
Andhra Leather Craft Lamp Shade - Vriksha Leela. Height - 25 inches,Lamp Shades,Other,1,63.5,8350.0,9.03013657115323
Andhra Leather Craft Lamp Shade - Mayur Gardens. Height - 25 inches,Lamp Shades,Other,1,63.5,8350.0,9.03013657115323
Andhra Leather Craft Lamp Shade - Monochrome Mandala. Height - 25 inches,Lamp Shades,Other,1,63.5,8350.0,9.03013657115323
Andhra Leather Craft Lamp Shade - Indigo Mandala. Height - 25 inches,Lamp Shades,Other,1,63.5,8350.0,9.03013657115323
Andhra Leather Craft Lamp Shade - Gaja Vanam. Height - 13 inches,Lamp Shades,Other,1,33.02,4040.0,8.304247465078474
Andhra Leather Craft Lamp Shade - Neela Mayura Valli. Height - 26 inches,Lamp Shades,Other,1,66.04,8350.0,9.03013657115323
Andhra Leather Craft Lamp Shade - Hari Mayura Valli. Height - 26 inches,Lamp Shades,Other,1,66.04,8350.0,9.03013657115323
Andhra Leather Craft Lamp Shade - Nisha Kamal. Height - 17 inches,Lamp Shades,Other,1,43.18,5570.0,8.625329850020815
Andhra Leather Craft Lamp Shade - The Twinning Ten Set of 2. Height - 17 inches Each,Lamp Shades,Other,2,43.18,8540.0,9.052633375946147
Andhra Leather Craft Lamp Shade - Noir Ten. Height - 17 inches,Lamp Shades,Other,1,43.18,5570.0,8.625329850020815
Andhra Leather Craft Lamp Shade - Noir Garden. Height - 17 inches,Lamp Shades,Other,1,43.18,5570.0,8.625329850020815
Andhra Leather Craft Lamp Shade - Kamala Vana. Height - 17 inches,Lamp Shades,Other,1,43.18,5570.0,8.625329850020815
Andhra Leather Craft Lamp Shade - Dashavtaram. Height - 17 inches,Lamp Shades,Other,1,43.18,5570.0,8.625329850020815
Andhra Leather Craft Lamp Shade - Neela Ragam. Height - 17 inches,Lamp Shades,Other,1,43.18,5570.0,8.625329850020815
Andhra Leather Craft Lamp Shade - Blue Raga. Height - 17 inches,Lamp Shades,Other,1,43.18,5490.0,8.610865667278873
Andhra Leather Craft Lamp Shade - Vana Pushpa. Height - 17 inches,Lamp Shades,Other,1,43.18,5490.0,8.610865667278873
The Christmas Tableau - Andhra Leather Craft Lamp Shade Pair - Merry Silhouettes (Set of 2),Lamp Shades,Other,2,20.6,2530.0,7.836369760545124
The Christmas Tableau - Andhra Leather Craft Lamp Shade Pair - Hearthlight Noel (Set of 2),Lamp Shades,Other,2,20.6,2530.0,7.836369760545124
The Christmas Tableau - Andhra Leather Craft Lamp Shade Pair - Evergreen Joy (Set of 2),Lamp Shades,Other,2,20.6,2530.0,7.836369760545124
The Christmas Tableau - Andhra Leather Craft Lamp Shade Pair - Navy Celebrations (Set of 2),Lamp Shades,Other,2,20.6,2530.0,7.836369760545124
The Christmas Tableau - Andhra Leather Craft Lamp Shade Pair - Crimson Tidings (Set of 2),Lamp Shades,Other,2,20.6,2530.0,7.836369760545124
Andhra Leather Craft Lamp Shade - Pasupu Thotam,Lamp Shades,Other,1,20.6,2530.0,7.836369760545124
Andhra Leather Craft Lamp Shade Pair - Poongavanam (Set of 2),Lamp Shades,Other,2,20.6,2530.0,7.836369760545124
Andhra Leather Craft Lamp Shade Pair - Nemali Thottam (Set of 2),Lamp Shades,Other,2,20.6,2530.0,7.836369760545124
Andhra Leather Craft Lamp Shade - Neelambri,Lamp Shades,Other,1,20.6,6050.0,8.707978826622321
Andhra Leather Craft Lamp Shade - Gokulam,Lamp Shades,Other,1,20.6,6050.0,8.707978826622321
Andhra Leather Craft Lamp Shade - Neelam Puvulu,Lamp Shades,Other,1,20.6,2040.0,7.621195162809845
Andhra Leather Craft Lamp Shade - Vana Prabha,Lamp Shades,Other,1,20.6,2040.0,7.621195162809845
Andhra Leather Craft Lamp Shade - Gaja Utsav,Lamp Shades,Other,1,20.6,2040.0,7.621195162809845
Andhra Leather Craft Lamp Shade - Tella Kamalam,Lamp Shades,Other,1,20.6,2040.0,7.621195162809845
Andhra Leather Craft Lamp Shade - Nalupu Enugu,Lamp Shades,Other,1,20.6,3100.0,8.03947991910045
Andhra Leather Craft Lamp Shade - Mayuri,Lamp Shades,Other,1,20.6,3100.0,8.03947991910045
Andhra Leather Craft Lamp Shade - Neela Enugu,Lamp Shades,Other,1,20.6,3100.0,8.03947991910045
Andhra Leather Craft Lamp Shade - Narinja,Lamp Shades,Other,1,20.6,3100.0,8.03947991910045
Andhra Leather Craft Lamp Shade - Neelambri,Lamp Shades,Other,1,20.6,3100.0,8.03947991910045
Andhra Leather Craft Lamp Shade - Kusuma Chitra,Lamp Shades,Other,1,20.6,3100.0,8.03947991910045
Andhra Leather Craft Lamp Shade - Gaja Katha,Lamp Shades,Other,1,20.6,3100.0,8.03947991910045
Andhra Leather Craft Lamp Shade - Chitra Prabha,Lamp Shades,Other,1,20.6,4260.0,8.357259153499912
Andhra Leather Craft Lamp Shade - Kesari Valli,Lamp Shades,Other,1,20.6,4260.0,8.357259153499912
Andhra Leather Craft Lamp Shade - Chaya Rekha,Lamp Shades,Other,1,20.6,4260.0,8.357259153499912
Andhra Leather Craft Lamp Shade - Kamala Hasini,Lamp Shades,Other,1,20.6,4260.0,8.357259153499912
Andhra Leather Craft Lamp Shade - Rangavalli,Lamp Shades,Other,1,20.6,4260.0,8.357259153499912
Andhra Leather Craft Lamp Shade - Nemali Chhaya,Lamp Shades,Other,1,20.6,4260.0,8.357259153499912
Andhra Leather Craft Lamp Shade - Pot of Blooms,Lamp Shades,Other,1,20.6,6450.0,8.771990436532242
Andhra Leather Craft  Lamp Shade (Small) - Black Peacock,Lamp Shades,Other,1,20.6,2130.0,7.664346632098617
"Andhra Leather Craft Table Lamp Shade, Large (17""x 6"") - Ganesha",Lamp Shades,Other,1,20.6,3400.0,8.131824785007195
The India Craft House Andhra Multicoloured Painted Leather Table Lamp Shade - Peacock Motif,Lamp Shades,Other,1,20.6,1620.0,7.390798521735676
The India Craft House Andhra Multicoloured Painted Leather Table Lamp Shade - Floral Motif,Lamp Shades,Other,1,20.6,2880.0,7.9658927350845286
Andhra Leather Craft - Hanging Lamp Shade,Lamp Shades,Other,1,20.6,2450.0,7.804251383528112
Andhra Leather Craft - Wall Lamp Shade,Lamp Shades,Other,1,20.6,2250.0,7.719129840906732
Andhra Leather Craft - Wall Lamp Shade,Lamp Shades,Other,1,20.6,2250.0,7.719129840906732
Sabai Grass Hanging Lamp Shades ( Set of 2),Lamps,Other,2,20.6,2880.0,7.9658927350845286
Handcrafted Wooden Table Lamp Base - Rings Of Colour,Lamps,Wood,1,20.6,2950.0,7.989899374942939
Handcrafted Wooden Table Lamp Base - Symphony,Lamps,Wood,1,20.6,2980.0,8.000014093678072
Handcrafted Table Lamp Base - Warm Colours,Lamps,Other,1,20.6,2980.0,8.000014093678072
Handcrafted Wooden Table Lamp Base - Riot Of Colour,Lamps,Wood,1,20.6,2950.0,7.989899374942939
Coconut Craft Table Lamp,Lamps,Other,1,20.6,2310.0,7.745435610274381
Coconut Craft Table Lamp,Lamps,Other,1,20.6,2310.0,7.745435610274381
Coconut Craft Table Lamp,Lamps,Other,1,20.6,2310.0,7.745435610274381
Coconut Craft Table Lamp,Lamps,Other,1,20.6,2310.0,7.745435610274381
Coconut Craft Table Lamp,Lamps,Other,1,20.6,2310.0,7.745435610274381
Coconut Craft Table Lamp,Lamps,Other,1,20.6,2310.0,7.745435610274381
Coconut Craft Table Lamp,Lamps,Other,1,20.6,2310.0,7.745435610274381
Coconut Craft Table Lamp,Lamps,Other,1,20.6,2310.0,7.745435610274381
Coconut Craft Table Lamp,Lamps,Other,1,20.6,2310.0,7.745435610274381
Coconut Craft Hanging Tier Lamp,Lamps,Other,1,20.6,3650.0,8.202756381655638
Coconut Craft Table Lamp,Lamps,Other,1,20.6,2310.0,7.745435610274381
Coconut Craft Table Lamp,Lamps,Other,1,20.6,2310.0,7.745435610274381
Coconut Craft Table Lamp,Lamps,Other,1,20.6,2310.0,7.745435610274381
Coconut Craft Table Lamp,Lamps,Other,1,20.6,2310.0,7.745435610274381
Sustainable & Handcrafted. Durable Newspaper & Cork - Laptop Sleeve,Laptop & Tablet Holders,Other,1,20.6,3350.0,8.11701408773731
Sustainable & Handcrafted. Durable Newspaper & Cork Laptop Sleeve,Laptop & Tablet Holders,Other,1,20.6,3350.0,8.11701408773731
Handcrafted Jawaja Leather Craft Laptop Sleeve with Hand Stitch Detail - Silver,Laptop & Tablet Holders,Other,1,20.6,3100.0,8.03947991910045
Jute & Silk Ipad Case with Zardozi / Dabka embroidery & Handles - 11 x 8.5 inches,Laptop & Tablet Holders,Silk,1,21.59,1995.0,7.59890045687141
Pure Leather iPad / Tablet Case - 10 x 8.5 inches,Laptop & Tablet Holders,Other,1,21.59,2625.0,7.873217054862741
"ExclusiveLane 'Adhyatmik Lakshmi-Ganesha' Terracotta Decorative Lord Ganesha & Goddess Lakshmi Murti (Set Of 2, Handcrafted, Multicoloured)",Laxmi-Ganesh Idol,Terracotta/Clay,2,20.6,899.0,6.802394763324311
"'Laxmi Ganesh & Saraswati' Idol Showpiece Figurine with Diya (1 Wick, 9.4 cm, Golden, Metal, Handcrafted)",Laxmi-Ganesha Idol,Other,1,9.4,639.0,6.461468176353717
Handwoven Soft Kerala Cotton Kitchen-to-Coast Towels Gift Set in Sabai Grass Basket - Ocean Line (Set of 3),Linen & Towels,Cotton,3,20.6,1150.0,7.048386408721883
Handwoven Soft Kerala Cotton Kitchen-to-Coast Towels Gift Set in Sabai Grass Basket - Teal Contrast (Set of 3),Linen & Towels,Cotton,3,20.6,1150.0,7.048386408721883
Handwoven Soft Kerala Cotton Kitchen-to-Coast Towels Gift Set in Sabai Grass Basket - Classic Contrast (Set of 3),Linen & Towels,Cotton,3,20.6,1250.0,7.1316985104669115
Handwoven Soft Kerala Cotton Kitchen-to-Coast Towels Gift Set in Sabai Grass Basket - Coral Reef (Set of 3),Linen & Towels,Cotton,3,20.6,1220.0,7.107425474110705
Handwoven Soft Kerala Cotton Kitchen-to-Coast Towels Gift Set in Sabai Grass Basket - Indigo Weave (Set of 4),Linen & Towels,Cotton,4,20.6,1480.0,7.300472814267799
Handwoven Soft Kerala Cotton Kitchen-to-Coast Towels Gift Set in Sabai Grass Basket - Azure Rhythm (Set of 4),Linen & Towels,Cotton,4,20.6,1230.0,7.115582126184454
Handwoven Soft Kerala Cotton Kitchen-to-Coast Towels Gift Set in Sabai Grass Basket - Rosewood Blush (Set of 3),Linen & Towels,Cotton,3,20.6,1220.0,7.107425474110705
Handwoven Soft Kerala Cotton Kitchen-to-Coast Towels Gift Set in Sabai Grass Basket - Coral Tide (Set of 3),Linen & Towels,Cotton,3,20.6,1220.0,7.107425474110705
Handwoven Soft Kerala Cotton Kitchen-to-Coast Towels Gift Set in Sabai Grass Basket - Coastal Pop (Set of 4),Linen & Towels,Cotton,4,20.6,1450.0,7.280008252884188
Handwoven Soft Kerala Cotton Kitchen-to-Coast Towels Gift Set in Sabai Grass Basket - Blush Stripe (Set of 3),Linen & Towels,Cotton,3,20.6,1220.0,7.107425474110705
Handwoven Soft Kerala Cotton Kitchen-to-Coast Towels Gift Set in Sabai Grass Basket - Citrus Contrast (Set of 3),Linen & Towels,Cotton,3,20.6,1780.0,7.484930283289661
Handwoven Soft Kerala Cotton Kitchen-to-Coast Towels Gift Set in Sabai Grass Basket - Lime Grove (Set of 3),Linen & Towels,Cotton,3,20.6,1150.0,7.048386408721883
Handwoven Soft Kerala Cotton Kitchen-to-Coast Towels Gift Set in Sabai Grass Basket - Mint Whisper (Set of 6),Linen & Towels,Cotton,6,20.6,1080.0,6.985641817639208
Handwoven Soft Kerala Cotton Kitchen-to-Coast Towels Gift Set in Sabai Grass Basket - Earth & Sky (Set of 4),Linen & Towels,Cotton,4,20.6,1230.0,7.115582126184454
Handwoven Soft Kerala Cotton Kitchen-to-Coast Towels Gift Set in Sabai Grass Basket - Meadow Light (Set of 3),Linen & Towels,Cotton,3,20.6,1080.0,6.985641817639208
Handwoven Soft Kerala Cotton Kitchen-to-Coast Towels Gift Set in Sabai Grass Basket - Twilight Citrus (Set of 4),Linen & Towels,Cotton,4,20.6,1150.0,7.048386408721883
Handwoven Soft Kerala Cotton Kitchen-to-Coast Towels Gift Set in Sabai Grass Basket - Coastal Breeze (Set of 4),Linen & Towels,Cotton,4,20.6,1110.0,7.01301578963963
Handwoven Soft Kerala Cotton Kitchen-to-Coast Towels Gift Set in Sabai Grass Basket - Sunlit Stripes (Set of 5),Linen & Towels,Cotton,5,20.6,1260.0,7.13966033596492
"The Floral Collection - Embroidered Towel Sets (Hand Towels, Set of 2)",Linen & Towels,Other,2,20.6,1710.0,7.444833273892193
"The Floral Collection - Embroidered Towel Sets (Hand Towels, Set of 2)",Linen & Towels,Other,2,20.6,1710.0,7.444833273892193
"The Floral Collection - Embroidered Towel Sets (Hand Towels, Set of 2)",Linen & Towels,Other,2,20.6,1710.0,7.444833273892193
"The Floral Collection - Embroidered Towel Sets (Hand & Face Towels, Set of 4)",Linen & Towels,Other,4,20.6,2130.0,7.664346632098617
"The Floral Collection - Embroidered Towel Sets (Hand & Face Towels, Set of 4)",Linen & Towels,Other,4,20.6,2130.0,7.664346632098617
"'Meditative Buddha' Decorative Showpiece Figurine (100% Pure Brass, Hand-Etched,11.5 Cm)",Lord Buddha Idol,Brass,1,11.5,1319.0,7.1853870155804165
"'Panchmukhi Hanuman' Idol Decorative Showpiece Figurine (Resin,Hand-Crafted, 15 Cm)",Lord Hanuman Idol,Other,1,15.0,935.0,6.841615476477592
'The Elephant Warriors' Hand Carved Table Magazine Stand In Sheesham Wood,Magazine Stand,Wood,1,20.6,1499.0,7.313220387090301
'Lush Life' Magnetic Fridge Planter In Ceramic,Magnetic Planter,Ceramic,1,20.6,649.0,6.476972362889683
'Lush Life' Magnetic Fridge Planters In Ceramic (Set of 2),Magnetic Planter,Ceramic,2,20.6,899.0,6.802394763324311
'Chirping Mockingjay' Magnetic Fridge Planter In Ceramic,Magnetic Planter,Ceramic,1,20.6,599.0,6.396929655216146
'Mughal Tales' Magnetic Fridge Planters In Ceramic (Set of 2),Magnetic Planter,Ceramic,2,20.6,899.0,6.802394763324311
'Mughal Tales' Magnetic Fridge Planter In Ceramic,Magnetic Planter,Ceramic,1,20.6,649.0,6.476972362889683
"Golden Duo' Decorative Ribbed Metal Planters (Set of 2, Metal, Hand-Hammered, 17.5 cm)",Metal Planter,Other,2,17.5,1849.0,7.52294091807237
"Golden Radiance' Decorative Ribbed Metal Planter (Metal, Hand-Hammered, 17.5 cm)",Metal Planter,Other,1,17.5,999.0,6.907755278982137
"Golden Throne' Decorative Metal Planter with Leaf-Shaped Stand (Metal, Hand-Hammered, 21.1 cm)",Metal Planter,Other,1,21.1,1599.0,7.3777589082278725
"Golden Curve' Decorative Metal Planter (Metal, Hand-Hammered, 17.8 cm)",Metal Planter,Other,1,17.8,999.0,6.907755278982137
"Golden Honeycomb' Decorative Metal Planter (Metal, Hand-Hammered, 18.5 cm)",Metal Planter,Other,1,18.5,975.0,6.883462586413092
"Golden Amphora' Decorative Metal Planter (Metal, Hand-Hammered, 17.3 cm)",Metal Planter,Other,1,17.3,999.0,6.907755278982137
"Golden Heights' Decorative Metal Planter (Metal, Hand-Hammered, 20.5 cm)",Metal Planter,Other,1,20.5,1249.0,7.1308988302963465
"Golden Serenity' Round Decorative Metal Planter (Metal, Hand-Hammered, 17 cm)",Metal Planter,Other,1,17.0,999.0,6.907755278982137
"Golden Glow' Decorative Ribbed Metal Planter (Metal, Hand-Hammered, 13 cm)",Metal Planter,Other,1,13.0,740.0,6.608000625296087
"Golden Royale' Decorative Ribbed Metal Planters (Set of 2, Metal, Hand-Hammered, 20.5 cm)",Metal Planter,Other,2,20.5,2049.0,7.6255950721324535
Vankatha Mug,Mug,Other,1,20.6,300.0,5.707110264748875
'The Diagonal Mesh' Fruit Basket In Iron (Handcrafted),Multi Utility Box,Iron,1,20.6,1649.0,7.408530566894626
"Mughal Courtyard' Wooden Napkin Holder (19.0 cm, Enamel coated waterproof surface)",Napkin Holder,Wood,1,19.0,899.0,6.802394763324311
"Peacock Courtyard' Wooden Napkin Holder (19.0 cm, Enamel coated waterproof surface, Gold Engraving)",Napkin Holder,Wood,1,19.0,899.0,6.802394763324311
Wooden Floral Leaf Design Napkin Holder,Napkin Holder,Wood,1,20.6,939.0,6.84587987526405
'Tribal Men Beaded' Warli Hand-painted Bohemian Brass Necklace Handcrafted In Dhokra Art (Matinee),Necklace,Brass,1,20.6,1159.0,7.05617528410041
Lambani Tribal Neckpiece - Gugri Dholki,Neckpieces,Other,1,20.6,2560.0,7.848153086199526
Lambani Tribal Neckpiece - Hasli Cresent Moon,Neckpieces,Other,1,20.6,2560.0,7.848153086199526
Lambani Tribal Neckpiece - Long Metal Rings Chain,Neckpieces,Other,1,20.6,1960.0,7.581209826196346
Lambani Tribal Neckpiece - Trikona,Neckpieces,Other,1,20.6,1860.0,7.528869256642251
Lambani Tribal Neckpiece - Topli (Long),Neckpieces,Other,1,20.6,1820.0,7.507141079727608
Lambani Tribal Neckpiece - Long Tomba (Maroon),Neckpieces,Other,1,20.6,2960.0,7.993282328101591
Lambani Tribal Neckpiece - Beads,Neckpieces,Other,1,20.6,1770.0,7.479299637782834
Lambani Tribal Neckpiece - Trikon Pendant,Neckpieces,Other,1,20.6,2100.0,7.650168700845001
Lambani Tribal Neckpiece - Roma (Multicolored),Neckpieces,Other,1,20.6,2560.0,7.848153086199526
Pure Silver Traditional Maharashtrian Neckpiece - The Hasli,Neckpieces,Other,1,20.6,19860.0,9.896513288798792
Pure Silver Traditional Maharashtrian Neckpiece - Golmani Saar,Neckpieces,Other,1,20.6,13370.0,9.500843461614666
Pure Silver Traditional Maharashtrian Neckpiece - Jodhalepoth,Neckpieces,Other,1,20.6,14200.0,9.561067663645012
Pure Silver Traditional Maharashtrian Neckpiece - Tandulhaar,Neckpieces,Other,1,20.6,15110.0,9.62317823441376
Pure Silver Traditional Maharashtrian Neckpiece - GadiThushi,Neckpieces,Other,1,20.6,11270.0,9.329988334242078
Pure Silver Traditional Maharashtrian Neckpiece - Jondhalemani Thushi,Neckpieces,Other,1,20.6,11970.0,9.39024233725137
Pure Silver Traditional Maharashtrian Neckpiece -  Saaj Mangalsutra,Neckpieces,Other,1,20.6,8960.0,9.10063710688422
Pure Silver Traditional Maharashtrian Neckpiece - Putalihaar (7-Coin),Neckpieces,Other,1,20.6,6870.0,8.835064935031076
Pure Silver Traditional Maharashtrian Neckpiece -  Jondhalemani (4-Strings),Neckpieces,Other,1,20.6,19650.0,9.885883506587767
Handcrafted Brass Neckpiece - Lily Pad,Neckpieces,Brass,1,20.6,1260.0,7.13966033596492
Handcrafted Brass Neckpiece - Floral Strand,Neckpieces,Brass,1,20.6,1260.0,7.13966033596492
Handcrafted Brass Neckpiece - Vrittamala,Neckpieces,Brass,1,20.6,1260.0,7.13966033596492
Handcrafted Lambani Tribal Craft Jewellery - Kasu Mala,Neckpieces,Other,1,20.6,6210.0,8.734077192559303
Handcrafted Lambani Tribal Craft Jewellery - Moonbell,Neckpieces,Other,1,20.6,3020.0,8.013343181386672
Handcrafted Lambani Tribal Craft Jewellery - Vrutta Mandala,Neckpieces,Other,1,20.6,3530.0,8.169336395928386
Handcrafted Lambani Tribal Craft Jewellery - Aikya Mala,Neckpieces,Other,1,20.6,2690.0,7.897668150726906
Handcrafted Lambani Tribal Craft Jewellery - Kasu Triveni,Neckpieces,Other,1,20.6,3740.0,8.227108234348146
Handcrafted Lambani Tribal Craft Jewellery - Vrutta Tara,Neckpieces,Other,1,20.6,3100.0,8.03947991910045
Handcrafted Lambani Tribal Craft Jewellery - Nakshatra,Neckpieces,Other,1,20.6,2810.0,7.941295570906532
Handcrafted Lambani Tribal Craft Jewellery - Lal Chinha,Neckpieces,Other,1,20.6,3330.0,8.11102783819368
Handcrafted Lambani Tribal Craft Jewellery - Kesari Cascade,Neckpieces,Other,1,20.6,3530.0,8.169336395928386
Handcrafted Lambani Tribal Craft Jewellery - Thayam Chinha,Neckpieces,Other,1,20.6,2810.0,7.941295570906532
Handcrafted Lambani Tribal Craft Jewellery - Kasu D?r?,Neckpieces,Other,1,20.6,4770.0,8.470311205516108
Handcrafted Lambani Tribal Craft Jewellery - Kesari Kuzhal,Neckpieces,Other,1,20.6,4350.0,8.37816098272068
Handcrafted Lambani Tribal Craft Jewellery - Kappu Kuzhal,Neckpieces,Other,1,20.6,3530.0,8.169336395928386
Handcrafted Lambani Tribal Craft Jewellery - Silver Crescent,Neckpieces,Other,1,20.6,3020.0,8.013343181386672
Handcrafted Lambani Tribal Craft Jewellery - Chandra Tala,Neckpieces,Other,1,20.6,3530.0,8.169336395928386
Handcrafted Beads & Thread Neckpiece - Black & White,Neckpieces,Other,1,20.6,1430.0,7.266128779556451
Handcrafted Beads & Thread Neckpiece - Purple & Beige,Neckpieces,Other,1,20.6,1430.0,7.266128779556451
Handcrafted Beads & Thread Neckpiece - Yellow & Brown,Neckpieces,Other,1,20.6,1430.0,7.266128779556451
Handcrafted Beads & Thread Neckpiece - Red & Turquoise,Neckpieces,Other,1,20.6,1430.0,7.266128779556451
Hand-Crafted Ceramic Pendant on Thread - Round,Neckpieces,Ceramic,1,20.6,1240.0,7.123672785204607
Handcrafted Ceramic Pendant and Beads Neckpiece - Blue,Neckpieces,Ceramic,1,20.6,1810.0,7.501634457883413
Pure Silver & Thread Neckpiece - Ornate Double Pendant,Neckpieces,Other,1,20.6,3940.0,8.279189777195004
Dhokra Craft Neckpiece,Neckpieces,Other,1,20.6,620.0,6.431331081933479
Dhokra Craft Neckpiece,Neckpieces,Other,1,20.6,840.0,6.734591659972948
Rustic & Ethnic Hand Engraved Terracotta Neckpiece - Brown Triangular,Neckpieces,Terracotta/Clay,1,20.6,1510.0,7.32052696227274
Rustic & Ethnic Hand Engraved Terracotta Neckpiece - Brown Paisley,Neckpieces,Terracotta/Clay,1,20.6,1890.0,7.544861068658458
Rustic & Ethnic Hand Engraved Terracotta Neckpiece - Brown Beads String,Neckpieces,Terracotta/Clay,1,20.6,2930.0,7.983098940710892
Rustic & Ethnic Hand Engraved Terracotta Neckpiece - Black Triangle,Neckpieces,Terracotta/Clay,1,20.6,1310.0,7.1785454837637
Rustic & Ethnic Hand Engraved Terracotta Neckpiece - Black Oval,Neckpieces,Terracotta/Clay,1,20.6,1310.0,7.1785454837637
Rustic & Ethnic Hand Engraved Terracotta Neckpiece - Black Long Leaf,Neckpieces,Terracotta/Clay,1,20.6,1310.0,7.1785454837637
Dhokra Craft Neckpiece,Neckpieces,Other,1,20.6,1140.0,7.039660349862076
Dhokra Craft Neckpiece,Neckpieces,Other,1,20.6,1340.0,7.201170883281678
Dhokra Craft Neckpiece,Neckpieces,Other,1,20.6,1870.0,7.534228326274089
Dhokra Craft Neckpiece,Neckpieces,Other,1,20.6,990.0,6.898714534329988
Dhokra Craft Neckpiece,Neckpieces,Other,1,20.6,640.0,6.46302945692067
Dhokra Craft Neckpiece,Neckpieces,Other,1,20.6,1120.0,7.02197642307216
Dhokra Craft Neckpiece,Neckpieces,Other,1,20.6,980.0,6.8885724595653635
Dhokra Craft Neckpiece,Neckpieces,Other,1,20.6,880.0,6.78105762593618
Dhokra Craft Neckpiece,Neckpieces,Other,1,20.6,1120.0,7.02197642307216
Dhokra Craft Neckpiece,Neckpieces,Other,1,20.6,1075.0,6.98100574072173
Dhokra Craft Neckpiece,Neckpieces,Other,1,20.6,1150.0,7.048386408721883
Dhokra Craft Neckpiece,Neckpieces,Other,1,20.6,1080.0,6.985641817639208
Dhokra Craft Neckpiece,Neckpieces,Other,1,20.6,1050.0,6.957497370876951
Dhokra Craft Neckpiece,Neckpieces,Other,1,20.6,850.0,6.7464121285733745
Dhokra Craft Neckpiece,Neckpieces,Other,1,20.6,1090.0,6.994849985833071
Dhokra Craft Neckpiece,Neckpieces,Other,1,20.6,1220.0,7.107425474110705
Dhokra Craft Neckpiece,Neckpieces,Other,1,20.6,1520.0,7.327123292259293
Terracotta Trinket Necklace,Neckpieces,Terracotta/Clay,1,20.6,1790.0,7.490529402060711
Crimson Whisper Neckpiece,Neckpieces,Other,1,20.6,1880.0,7.53955882930103
Terracotta Fiesta Necklace,Neckpieces,Terracotta/Clay,1,20.6,3720.0,8.221747728346623
Sunbaked Story Necklace,Neckpieces,Other,1,20.6,1690.0,7.43307534889858
Verdant Ascent Necklace,Neckpieces,Other,1,20.6,2250.0,7.719129840906732
Earth Song Necklace,Neckpieces,Other,1,20.6,2620.0,7.8713112033234065
Fired Earth Fiesta Necklace,Neckpieces,Other,1,20.6,3170.0,8.061802274538348
Verdant Embrace Necklace,Neckpieces,Other,1,20.6,2250.0,7.719129840906732
Rhythm of the Earth Neckpiece,Neckpieces,Other,1,20.6,2250.0,7.719129840906732
Earthen Enigma Neckpiece,Neckpieces,Other,1,20.6,2250.0,7.719129840906732
Rive Rhapsody Neckpiece,Neckpieces,Other,1,20.6,2250.0,7.719129840906732
Madhya Muse Neckpiece,Neckpieces,Other,1,20.6,2250.0,7.719129840906732
Dewdrop Garden Bloom Necklace,Neckpieces,Other,1,20.6,1400.0,7.244941546337007
Whispering Bloom Necklace,Neckpieces,Other,1,20.6,1400.0,7.244941546337007
Boho Brilliance Layered Thread & Bead Necklace,Neckpieces,Other,1,20.6,1330.0,7.193685818395112
Sunset Serenade Layered Thread & Shell Necklace,Neckpieces,Other,1,20.6,1330.0,7.193685818395112
Bohemian Rhapsody Layered Thread & Shell Necklace,Neckpieces,Other,1,20.6,1330.0,7.193685818395112
Midnight Meadow Layered Jute Necklace,Neckpieces,Jute,1,20.6,1170.0,7.065613363597717
Emerald Whisper Layered Jute Necklace,Neckpieces,Jute,1,20.6,1170.0,7.065613363597717
Lambani Tribal Neckpiece - Antique Topli Dholki,Neckpieces,Other,1,20.6,2380.0,7.7752758464868625
Lambani Tribal Neckpiece - 50 Paise Coins,Neckpieces,Other,1,20.6,2240.0,7.714677473800927
Lambani Tribal Neckpiece - Black Topli,Neckpieces,Other,1,20.6,1960.0,7.581209826196346
Bengal Wooden Beads Neckpiece - Brown,Neckpieces,Wood,1,20.6,580.0,6.364750756851911
Jaipur Ceramic Beads & Metal Neckpiece - Black & White,Neckpieces,Ceramic,1,20.6,730.0,6.594413459749778
Jaipur Ceramic Beads & Metal Neckpiece - Black & Grey,Neckpieces,Ceramic,1,20.6,730.0,6.594413459749778
"Jaipur Ceramic Beads & Metal Neckpiece - Red, Black",Neckpieces,Ceramic,1,20.6,730.0,6.594413459749778
Jaipur Ceramic Beads & Metal Neckpiece - Blue & Green,Neckpieces,Ceramic,1,20.6,730.0,6.594413459749778
Bengal Wooden Beads Neckpiece - Red,Neckpieces,Wood,1,20.6,580.0,6.364750756851911
Bengal Wooden Beads Neckpiece - Leaf Green,Neckpieces,Wood,1,20.6,580.0,6.364750756851911
Bengal Wooden Beads Neckpiece - Orange,Neckpieces,Wood,1,20.6,580.0,6.364750756851911
Bengal Wooden Beads Neckpiece - Teal,Neckpieces,Wood,1,20.6,580.0,6.364750756851911
Handcrafted Beads & Thread Neckpiece - White & Indigo Blue,Neckpieces,Other,1,20.6,1430.0,7.266128779556451
Handcrafted Beads & Thread Neckpiece - Red & Grey,Neckpieces,Other,1,20.6,1430.0,7.266128779556451
Pure Silver & Thread Neckpiece - Ornate Dome Pendant & Beads,Neckpieces,Other,1,20.6,9600.0,9.169622538697624
Dhokra Craft Neckpiece,Neckpieces,Other,1,20.6,1180.0,7.074116816197362
Dhokra Craft Neckpiece,Neckpieces,Other,1,20.6,920.0,6.825460036255307
Dhokra Craft Neckpiece,Neckpieces,Other,1,20.6,880.0,6.78105762593618
Dhokra Craft Neckpiece,Neckpieces,Other,1,20.6,1160.0,7.057036981697891
Dhokra Craft Neckpiece,Neckpieces,Other,1,20.6,1240.0,7.123672785204607
Dhokra Craft Neckpiece,Neckpieces,Other,1,20.6,1040.0,6.947937068614969
Dhokra Craft Neckpiece,Neckpieces,Other,1,20.6,1410.0,7.252053951852814
Dhokra Craft Neckpiece,Neckpieces,Other,1,20.6,1820.0,7.507141079727608
Pure Silver Traditional Maharashtrian Neckpiece - Spot Boramal,Neckpieces,Other,1,20.6,11270.0,9.329988334242078
Pure Silver Traditional Maharashtrian Set - Putalihar,Neckpieces,Other,1,20.6,14760.0,9.599743846536997
Pure Silver Traditional Maharashtrian Neckpiece - Lambat Mani Thushi,Neckpieces,Other,1,20.6,14760.0,9.599743846536997
Pure Silver Traditional Maharashtrian Set - Astpailumani Thushi,Neckpieces,Other,1,20.6,21750.0,9.987415012471414
Pure Silver Traditional Maharashtrian Neckpiece - Laxmi Putli Har,Neckpieces,Other,1,20.6,21750.0,9.987415012471414
Pure Silver Traditional Maharashtrian Saj Neckpiece,Neckpieces,Other,1,20.6,20350.0,9.920885329712549
Dhokra Craft Neckpiece,Neckpieces,Other,1,20.6,750.0,6.621405651764134
Dhokra Craft Neckpiece,Neckpieces,Other,1,20.6,840.0,6.734591659972948
Dhokra Craft Neckpiece,Neckpieces,Other,1,20.6,1020.0,6.928537818164665
Dhokra Craft Neckpiece,Neckpieces,Other,1,20.6,1220.0,7.107425474110705
Dhokra Craft Neckpiece,Neckpieces,Other,1,20.6,840.0,6.734591659972948
Dhokra Craft Neckpiece,Neckpieces,Other,1,20.6,700.0,6.55250788703459
Dhokra Craft Neckpiece,Neckpieces,Other,1,20.6,700.0,6.55250788703459
Dhokra Craft Neckpiece,Neckpieces,Other,1,20.6,800.0,6.68586094706836
Dhokra Craft Neckpiece,Neckpieces,Other,1,20.6,700.0,6.55250788703459
Dhokra Craft Neckpiece,Neckpieces,Other,1,20.6,980.0,6.8885724595653635
Dhokra Craft Neckpiece,Neckpieces,Other,1,20.6,1080.0,6.985641817639208
Dhokra Craft Neckpiece,Neckpieces,Other,1,20.6,980.0,6.8885724595653635
Dhokra Craft Neckpiece,Neckpieces,Other,1,20.6,1080.0,6.985641817639208
Dhokra Craft Neckpiece,Neckpieces,Other,1,20.6,990.0,6.898714534329988
Dhokra Craft Neckpiece,Neckpieces,Other,1,20.6,1173.0,7.068172000388042
Dhokra Craft Neckpiece,Neckpieces,Other,1,20.6,940.0,6.846943139585379
Dhokra Craft Neckpiece,Neckpieces,Other,1,20.6,1120.0,7.02197642307216
Dhokra Craft Neckpiece,Neckpieces,Other,1,20.6,890.0,6.792344427470809
Dhokra Craft Neckpiece,Neckpieces,Other,1,20.6,890.0,6.792344427470809
Dhokra Craft Neckpiece,Neckpieces,Other,1,20.6,1650.0,7.409136443920128
Dhokra Craft Neckpiece,Neckpieces,Other,1,20.6,950.0,6.85751406254539
Dhokra Craft Neckpiece,Neckpieces,Other,1,20.6,880.0,6.78105762593618
Dhokra Craft Neckpiece,Neckpieces,Other,1,20.6,1050.0,6.957497370876951
Dhokra Craft Neckpiece,Neckpieces,Other,1,20.6,840.0,6.734591659972948
Dhokra Craft Neckpiece,Neckpieces,Other,1,20.6,840.0,6.734591659972948
Dhokra Craft Neckpiece,Neckpieces,Other,1,20.6,840.0,6.734591659972948
Dhokra Craft Neckpiece,Neckpieces,Other,1,20.6,1120.0,7.02197642307216
Dhokra Craft Neckpiece,Neckpieces,Other,1,20.6,840.0,6.734591659972948
Dhokra Craft Neckpiece,Neckpieces,Other,1,20.6,1080.0,6.985641817639208
Dhokra Craft Neckpiece,Neckpieces,Other,1,20.6,1290.0,7.1631723908466425
Dhokra Craft Neckpiece,Neckpieces,Other,1,20.6,1040.0,6.947937068614969
Dhokra Craft Neckpiece,Neckpieces,Other,1,20.6,990.0,6.898714534329988
Dhokra Craft Neckpiece,Neckpieces,Other,1,20.6,1340.0,7.201170883281678
Dhokra Craft Neckpiece,Neckpieces,Other,1,20.6,890.0,6.792344427470809
Dhokra Craft Neckpiece,Neckpieces,Other,1,20.6,1080.0,6.985641817639208
Dhokra Craft Neckpiece,Neckpieces,Other,1,20.6,1120.0,7.02197642307216
Dhokra Craft Neckpiece,Neckpieces,Other,1,20.6,1120.0,7.02197642307216
Dhokra Craft Neckpiece,Neckpieces,Other,1,20.6,920.0,6.825460036255307
Dhokra Craft Neckpiece,Neckpieces,Other,1,20.6,1120.0,7.02197642307216
Dhokra Craft Neckpiece,Neckpieces,Other,1,20.6,1020.0,6.928537818164665
Dhokra Craft Neckpiece,Neckpieces,Other,1,20.6,1180.0,7.074116816197362
Dhokra Craft Neckpiece,Neckpieces,Other,1,20.6,1490.0,7.307202314764738
Dhokra Craft Neckpiece,Neckpieces,Other,1,20.6,1650.0,7.409136443920128
Dhokra Craft Neckpiece,Neckpieces,Other,1,20.6,1290.0,7.1631723908466425
Dhokra Craft Neckpiece,Neckpieces,Other,1,20.6,1190.0,7.0825485693553
Dhokra Craft Neckpiece,Neckpieces,Other,1,20.6,1470.0,7.293697720601438
Dhokra Craft Neckpiece,Neckpieces,Other,1,20.6,1120.0,7.02197642307216
Dhokra Craft Neckpiece,Neckpieces,Other,1,20.6,1220.0,7.107425474110705
Dhokra Craft Neckpiece,Neckpieces,Other,1,20.6,1490.0,7.307202314764738
Dhokra Craft Neckpiece,Neckpieces,Other,1,20.6,1390.0,7.237778191923443
Dhokra Craft Neckpiece,Neckpieces,Other,1,20.6,1190.0,7.0825485693553
Dhokra Craft Neckpiece,Neckpieces,Other,1,20.6,1180.0,7.074116816197362
Dhokra Craft Neckpiece,Neckpieces,Other,1,20.6,1290.0,7.1631723908466425
Dhokra Craft Neckpiece,Neckpieces,Other,1,20.6,1070.0,6.976348070447749
Dhokra Craft Neckpiece,Neckpieces,Other,1,20.6,1270.0,7.147559271189454
Dhokra Craft Neckpiece,Neckpieces,Other,1,20.6,1070.0,6.976348070447749
Dhokra Craft Neckpiece,Neckpieces,Other,1,20.6,1540.0,7.340186835320115
Dhokra Craft Neckpiece,Neckpieces,Other,1,20.6,1140.0,7.039660349862076
Dhokra Craft Neckpiece,Neckpieces,Other,1,20.6,1560.0,7.353081920515432
Dhokra Craft Neckpiece,Neckpieces,Other,1,20.6,1320.0,7.186144304522325
Dhokra Craft Neckpiece,Neckpieces,Other,1,20.6,1420.0,7.259116128097101
Dhokra Craft Neckpiece,Neckpieces,Other,1,20.6,1220.0,7.107425474110705
Dhokra Craft Neckpiece,Neckpieces,Other,1,20.6,1690.0,7.43307534889858
Dhokra Craft Neckpiece,Neckpieces,Other,1,20.6,1890.0,7.544861068658458
Dhokra Craft Neckpiece,Neckpieces,Other,1,20.6,2660.0,7.886457270977689
Exclusive Bidri Craft Choker With Pure Silver Inlay - Royal Charm,Neckpieces,Other,1,20.6,4530.0,8.418697944667139
Exclusive Bidri Craft Choker With Pure Silver Inlay - Diamond Patterns,Neckpieces,Other,1,20.6,5160.0,8.548885638148727
Exclusive Bidri Craft Choker With Pure Silver Inlay - Diamond Mesh Pattern,Neckpieces,Other,1,20.6,4210.0,8.345455428161928
"Bohemian Beauty - Handcrafted Cotton Fabric Beads Neckpiece; Black & Orange, 3 Strings",Neckpieces,Cotton,1,20.6,1500.0,7.313886831633462
Lambani Tribal Neckpiece - Kona (Maroon),Neckpieces,Other,1,20.6,1860.0,7.528869256642251
Lambani Tribal Neckpiece - Chakoli,Neckpieces,Other,1,20.6,1860.0,7.528869256642251
Lambani Tribal Neckpiece - Long Beads & Thread Accent,Neckpieces,Other,1,20.6,1920.0,7.560601162768557
Lambani Tribal Neckpiece - Silver Rings,Neckpieces,Other,1,20.6,1960.0,7.581209826196346
Lambani Tribal Neckpiece - Dolki,Neckpieces,Other,1,20.6,1960.0,7.581209826196346
Lambani Tribal Neckpiece - White Metal (Multicoloured),Neckpieces,Other,1,20.6,1960.0,7.581209826196346
Lambani Tribal Neckpiece - Bela,Neckpieces,Other,1,20.6,1960.0,7.581209826196346
Lambani Tribal Neckpiece - Rings (Multicoloured),Neckpieces,Other,1,20.6,1960.0,7.581209826196346
Lambani Tribal Neckpiece - Topli (Red),Neckpieces,Other,1,20.6,1960.0,7.581209826196346
Lambani Tribal Neckpiece - Long Metal Rings,Neckpieces,Other,1,20.6,1960.0,7.581209826196346
Lambani Tribal Neckpiece - Trikona Jhimli,Neckpieces,Other,1,20.6,2100.0,7.650168700845001
Lambani Tribal Neckpiece - Black Topli,Neckpieces,Other,1,20.6,2240.0,7.714677473800927
Lambani Tribal Neckpiece - Antique Topli (Black),Neckpieces,Other,1,20.6,2240.0,7.714677473800927
Lambani Tribal Neckpiece - Chanda Titri,Neckpieces,Other,1,20.6,2380.0,7.7752758464868625
Lambani Tribal Neckpiece - 2 Paise Coins,Neckpieces,Other,1,20.6,2520.0,7.83241092718792
Lambani Tribal Neckpiece - Titri Chanda,Neckpieces,Other,1,20.6,2660.0,7.886457270977689
Lambani Tribal Neckpiece - Putla (Red),Neckpieces,Other,1,20.6,3080.0,8.033009498596668
Lambani Tribal Neckpiece - Coins (Multicolored),Neckpieces,Other,1,20.6,3640.0,8.200013648175434
Lambani Tribal Neckpiece - Long Coins,Neckpieces,Other,1,20.6,4760.0,8.46821300919452
Pure Silver Traditional Maharashtrian Neckpiece - Saaz,Neckpieces,Other,1,20.6,21750.0,9.987415012471414
Pure Silver Traditional Maharashtrian Choker - Golmani Thushi,Neckpieces,Other,1,20.6,16160.0,9.690356211348643
Pure Silver Traditional Maharashtrian Neckpiece - Laxmi Putli Har,Neckpieces,Other,1,20.6,16160.0,9.690356211348643
Pure Silver Traditional Maharashtrian Neckpiece - Thushi,Neckpieces,Other,1,20.6,17560.0,9.773435813175855
Pure Silver Traditional Maharashtrian Neckpiece - Saaz,Neckpieces,Other,1,20.6,18960.0,9.850139517034204
Pure Silver Traditional Maharashtrian Neckpiece - Tandul Haar,Neckpieces,Other,1,20.6,21750.0,9.987415012471414
Pure Silver Traditional Maharashtrian Neckpiece - Golmanisaar,Neckpieces,Other,1,20.6,16160.0,9.690356211348643
Pure Silver Traditional Maharashtrian Gol Mani Thushi Small,Neckpieces,Other,1,20.6,18260.0,9.812522917162035
Pure Silver Traditional Maharashtrian Choker - Belpan Thushi,Neckpieces,Other,1,20.6,18260.0,9.812522917162035
Pure Silver Traditional Maharashtrian Neckpiece With Gulab Pendant,Neckpieces,Other,1,20.6,18960.0,9.850139517034204
Pure Silver Traditional Maharashtrian Neckpiece With Saaz Pendant,Neckpieces,Other,1,20.6,19650.0,9.885883506587767
Pure Silver Traditional Maharashtrian Neckpiece - Jav Mani Mala,Neckpieces,Other,1,20.6,20350.0,9.920885329712549
Pure Silver Traditional Maharashtrian Mohanmal Neckpiece (Double String),Neckpieces,Other,1,20.6,20350.0,9.920885329712549
Pure Silver Traditional Maharashtrian Neckpiece - Bormal (Double String),Neckpieces,Other,1,20.6,21750.0,9.987415012471414
Handcrafted Shell Pendant on Thread - Diamond Shaped,Neckpieces,Other,1,20.6,1690.0,7.43307534889858
Handcrafted Shell Pendant on Thread - Spiral,Neckpieces,Other,1,20.6,840.0,6.734591659972948
Handcrafted Filigree Shell Pendant on Thread - TearDrop,Neckpieces,Other,1,20.6,1290.0,7.1631723908466425
Handcrafted Filigree Shell Pendant on Thread - Round,Neckpieces,Other,1,20.6,1290.0,7.1631723908466425
Handcrafted Filigree Shell Pendant on Thread - Diamond Shaped,Neckpieces,Other,1,20.6,1290.0,7.1631723908466425
Handcrafted Coconut Craft Pendant on Thread - Floral,Neckpieces,Other,1,20.6,490.0,6.19644412779452
Handcrafted Coconut Craft Pendant on Thread - Leaves,Neckpieces,Other,1,20.6,490.0,6.19644412779452
Handcrafted Coconut Craft Pendant on Thread - Butterfly,Neckpieces,Other,1,20.6,490.0,6.19644412779452
"'Mughal Floral' Hand-Painted Decorative Ceramic Oil Bottle (900 ml, White & Black)",Oil Bottle,Ceramic,1,20.6,775.0,6.654152520183219
The 'Flowy Flora' Mughal Hand-Painted Ink Blue Decorative Ceramic Oil Bottle (1000 ML),Oil Bottle,Ceramic,1,20.6,775.0,6.654152520183219
"'Aquamarine Elixir' Hand Glazed Decorative Ceramic Oil Bottle (Blue, 600 ml)",Oil Bottle,Ceramic,1,20.6,899.0,6.802394763324311
Fine Crystal Glass Ganesha Diya,Oil Lamps,Glass,1,20.6,1700.0,7.438971592395862
Brass Moulded Curio - Ornate Camphor Spoon,Oil Lamps,Brass,1,20.6,1790.0,7.490529402060711
Hand-rendered Stone Dust Painting - Laal Phooldaan,Paintings & Frames,Stone/Marble,1,20.6,7150.0,8.875007486048396
Hand-rendered Stone Dust Painting - Gul Basant,Paintings & Frames,Stone/Marble,1,20.6,13510.0,9.51125944745996
Hand-rendered Stone Dust Painting - Laal Bagh,Paintings & Frames,Stone/Marble,1,20.6,13510.0,9.51125944745996
Hand-rendered Stone Dust Painting - Gulistaan,Paintings & Frames,Stone/Marble,1,20.6,13510.0,9.51125944745996
Hand-rendered Stone Dust Painting - Guldaan,Paintings & Frames,Stone/Marble,1,20.6,13510.0,9.51125944745996
Hand-rendered Stone Dust Painting - Verdant Parrots,Paintings & Frames,Stone/Marble,1,20.6,13510.0,9.51125944745996
Hand-rendered Stone Dust Painting - Midnight Garden,Paintings & Frames,Stone/Marble,1,20.6,8670.0,9.06773940337716
Miniature Art Painting - The Peacocks,Paintings & Frames,Other,1,20.6,4580.0,8.429672593886743
Handpainted Madhubani Painting - Neel Kamadhenu (Unframed - L 22 x W 15 inches),Paintings & Frames,Other,1,38.1,4790.0,8.474494436883122
Handpainted Madhubani Painting - Vat Savitri (Unframed - L 22 x W 15 inches),Paintings & Frames,Other,1,38.1,4400.0,8.38958706681109
Handpainted Madhubani Painting - Elephant Love Story (Unframed - L 22 x W 15 inches),Paintings & Frames,Other,1,38.1,4400.0,8.38958706681109
Handpainted Madhubani Painting - Fish Happy Dance (Unframed - L 22 x W 15 inches),Paintings & Frames,Other,1,38.1,4110.0,8.321421586897879
Handpainted Madhubani Painting - Doli Kahar Story (Unframed - L 22 x W 15 inches),Paintings & Frames,Other,1,38.1,4110.0,8.321421586897879
Handpainted Madhubani Painting - Radha Krishna Story (Unframed - L 22 x W 15 inches),Paintings & Frames,Other,1,38.1,4110.0,8.321421586897879
Handpainted Madhubani Painting - Jeev Vriksha Leela (Unframed - L 22 x W 15 inches),Paintings & Frames,Other,1,38.1,4110.0,8.321421586897879
Handpainted Madhubani Painting - Veena Vaadini (Unframed - L 22 x W 15 inches),Paintings & Frames,Other,1,38.1,4110.0,8.321421586897879
Handpainted Madhubani Painting - Aranya Saakshi (Unframed - L 22 x W 15 inches),Paintings & Frames,Other,1,38.1,4400.0,8.38958706681109
Handpainted Madhubani Painting - Elephant Family (Unframed - L 22 x W 11 inches),Paintings & Frames,Other,1,27.94,4600.0,8.434028950155469
Handpainted Madhubani Painting - Mithila Rani Swagat (Unframed - L 30 x W 11 inches),Paintings & Frames,Other,1,27.94,5090.0,8.535229553902337
Handpainted Madhubani Painting - Mithila Vivaah Katha (Unframed - L 22 x W 7 inches),Paintings & Frames,Other,1,17.78,2930.0,7.983098940710892
Handpainted Madhubani Painting - Radha Krishna (Unframed - L 22 x W 7 inches),Paintings & Frames,Other,1,17.78,2930.0,7.983098940710892
Handpainted Madhubani Painting - Ganesh ji (Unframed - L 22 x W 7 inches),Paintings & Frames,Other,1,17.78,2930.0,7.983098940710892
Handpainted Madhubani Painting - Gaj Rekha (Unframed - L 22 x W 7 inches),Paintings & Frames,Other,1,17.78,3030.0,8.016647877057803
Handpainted Madhubani Painting (Set of 2) - Mayur Nrityantar (Unframed - L 22 x W 7 inches Each),Paintings & Frames,Other,2,17.78,5260.0,8.568076401730806
Handpainted Madhubani Painting (Set of 2) - Mayur Yugma (Unframed - L 22 x W 7 inches Each),Paintings & Frames,Other,2,17.78,5260.0,8.568076401730806
Handpainted Madhubani Painting - Mayurnrithyam (Unframed - L 22 x W 7 inches),Paintings & Frames,Other,1,17.78,2930.0,7.983098940710892
Handpainted Madhubani Painting - Mayurnatyam (Unframed - L 30 x W 11 inches),Paintings & Frames,Other,1,27.94,4210.0,8.345455428161928
Handpainted Madhubani Painting - Matsya Mandala (Unframed - L 30 x W 22 inches),Paintings & Frames,Other,1,55.88,7810.0,8.963288275610298
Handpainted Madhubani Painting - Ardhnareshwer (Unframed - L 30 x W 22 inches),Paintings & Frames,Other,1,55.88,8590.0,9.058470422638056
Handpainted Madhubani Painting - Mayur Vriksha Nach (Unframed - L 30 x W 22 inches),Paintings & Frames,Other,1,55.88,7810.0,8.963288275610298
Handpainted Madhubani Painting - Gaj Mayur Utsav (Unframed - L 30 x W 22 inches),Paintings & Frames,Other,1,55.88,8590.0,9.058470422638056
Handpainted Madhubani Painting - Krishna Vriksha Leela (Unframed - L 30 x W 22 inches),Paintings & Frames,Other,1,55.88,8590.0,9.058470422638056
Handpainted Madhubani Painting - Chakra Vistaar (Unframed - L 30 x W 22 inches),Paintings & Frames,Other,1,55.88,8590.0,9.058470422638056
Handpainted Madhubani Painting - Vanraaj Jaal (Unframed - L 30 x W 22 inches),Paintings & Frames,Other,1,55.88,8590.0,9.058470422638056
Handpainted Madhubani Painting - Maithil Milan (Unframed - L 30 x W 22 inches),Paintings & Frames,Other,1,55.88,8590.0,9.058470422638056
"Handpainted Sohrai Painting - Saajhi Dhara (Unframed, Different Sizes available)",Paintings & Frames,Other,1,20.6,2150.0,7.67368812926773
"Handpainted Sohrai Painting - Jeevan Samanvay (Unframed, Different Sizes available)",Paintings & Frames,Other,1,20.6,2150.0,7.67368812926773
"Handpainted Sohrai Painting - Griha Gaj (Unframed, Different Sizes available)",Paintings & Frames,Other,1,20.6,2150.0,7.67368812926773
"Handpainted Sohrai Painting - Utsav Mayur (Unframed, Different Sizes available)",Paintings & Frames,Other,1,20.6,2150.0,7.67368812926773
"Handpainted Sohrai Painting - Bhoomadevi (Unframed, Different Sizes available)",Paintings & Frames,Other,1,20.6,2150.0,7.67368812926773
"Handpainted Sohrai Painting - Prakriti Aavaran (Unframed, Different Sizes available)",Paintings & Frames,Other,1,20.6,2150.0,7.67368812926773
"Handpainted Sohrai Painting - Nav Mayur (Unframed, Different Sizes available)",Paintings & Frames,Other,1,20.6,2150.0,7.67368812926773
"Handpainted Sohrai Painting - Van Shobha (Unframed, Different Sizes available)",Paintings & Frames,Other,1,20.6,2150.0,7.67368812926773
"Handpainted Sohrai Painting - Mayur Saaj (Unframed, Different Sizes available)",Paintings & Frames,Other,1,20.6,2150.0,7.67368812926773
"Handpainted Sohrai Painting - Gaja Rakshaka (Unframed, Different Sizes available)",Paintings & Frames,Other,1,20.6,2150.0,7.67368812926773
"Handpainted Sohrai Painting - Mayur Prakasha (Unframed, Different Sizes available)",Paintings & Frames,Other,1,20.6,2150.0,7.67368812926773
"Handpainted Sohrai Painting - Vrishabh Kripa (Unframed, Different Sizes available)",Paintings & Frames,Other,1,20.6,2150.0,7.67368812926773
"Handpainted Sohrai Painting - Pushpa Palan (Unframed, Different Sizes available)",Paintings & Frames,Other,1,20.6,2150.0,7.67368812926773
"Handpainted Sohrai Painting - Saal Samriddhi (Unframed, Different Sizes available)",Paintings & Frames,Other,1,20.6,2150.0,7.67368812926773
"Handpainted Sohrai Painting - Van Parampara (Unframed, Different Sizes available)",Paintings & Frames,Other,1,20.6,2150.0,7.67368812926773
"Handpainted Sohrai Painting - Dharti Samanvay (Unframed, Different Sizes available)",Paintings & Frames,Other,1,20.6,2150.0,7.67368812926773
"Handpainted Sohrai Painting - Gaja Vansh (Unframed, Different Sizes available)",Paintings & Frames,Other,1,20.6,2150.0,7.67368812926773
"Handpainted Sohrai Painting - Jeev Jaati (Unframed, Different Sizes available)",Paintings & Frames,Other,1,20.6,2150.0,7.67368812926773
"Handpainted Sohrai Painting - Nav Jeevan (Unframed, Different Sizes available)",Paintings & Frames,Other,1,20.6,2150.0,7.67368812926773
"Handpainted Sohrai Painting - Prakriti Samvaad (Unframed, Different Sizes available)",Paintings & Frames,Other,1,20.6,2150.0,7.67368812926773
"Handpainted Sohrai Painting - Mriga Udaan (Unframed, Different Sizes available)",Paintings & Frames,Other,1,20.6,2150.0,7.67368812926773
"Handpainted Sohrai Painting - Van Saheli (Unframed, Different Sizes available)",Paintings & Frames,Other,1,20.6,2150.0,7.67368812926773
"Handpainted Khovar Painting - Saparivar (Unframed, Different Sizes available)",Paintings & Frames,Other,1,20.6,2150.0,7.67368812926773
"Handpainted Khovar Painting - Griha Rekha (Unframed, Different Sizes available)",Paintings & Frames,Other,1,20.6,2150.0,7.67368812926773
"Handpainted Khovar Painting - Van Utsav (Unframed, Different Sizes available)",Paintings & Frames,Other,1,20.6,2150.0,7.67368812926773
"Handpainted Khovar Painting - Gaja Saubhagya (Unframed, Different Sizes available)",Paintings & Frames,Other,1,20.6,2150.0,7.67368812926773
"Handpainted Khovar Painting - Milan Sankalp (Unframed, Different Sizes available)",Paintings & Frames,Other,1,20.6,2150.0,7.67368812926773
"Handpainted Khovar Painting - Mrig Maai (Unframed, Different Sizes available)",Paintings & Frames,Other,1,20.6,2150.0,7.67368812926773
"Handpainted Khovar Painting - Mrig Kunba (Unframed, Different Sizes available)",Paintings & Frames,Other,1,20.6,2150.0,7.67368812926773
"Handpainted Khovar Painting - Mrignaini (Unframed, Different Sizes available)",Paintings & Frames,Other,1,20.6,2150.0,7.67368812926773
"Handpainted Khovar Painting - Mrig Joda (Unframed, Different Sizes available)",Paintings & Frames,Other,1,20.6,2150.0,7.67368812926773
"Handpainted Khovar Painting - Kutumbh (Unframed, Different Sizes available)",Paintings & Frames,Other,1,20.6,2150.0,7.67368812926773
"Handpainted Khovar Painting - Saajha Jeevan (Unframed, Different Sizes available)",Paintings & Frames,Other,1,20.6,2150.0,7.67368812926773
"Handpainted Khovar Painting - Vansh Pushpa (Unframed, Different Sizes available)",Paintings & Frames,Other,1,20.6,2150.0,7.67368812926773
"Handpainted Khovar Painting - Yugma Saath (Unframed, Different Sizes available)",Paintings & Frames,Other,1,20.6,2150.0,7.67368812926773
"Handpainted Khovar Painting - Mriga Vachan (Unframed, Different Sizes available)",Paintings & Frames,Other,1,20.6,2150.0,7.67368812926773
"Handpainted Khovar Painting - Mayur Milan (Unframed, Different Sizes available)",Paintings & Frames,Other,1,20.6,2150.0,7.67368812926773
"Handpainted Khovar Painting - Vrishabh Sankalp (Unframed, Different Sizes available)",Paintings & Frames,Other,1,20.6,2150.0,7.67368812926773
"Handpainted Pattachitra Canvas Painting - Krishna Yatra (Unframed Height-19"" ; Width-13"")",Paintings & Frames,Other,1,20.6,8280.0,9.0217190130337
"Handpainted Pattachitra Canvas Painting - Raas Panchadhyayi (Unframed Height-19"" ; Width-13"")",Paintings & Frames,Other,1,20.6,8280.0,9.0217190130337
"Handpainted Pattachitra Canvas Painting - Venu Gaan (Unframed Height-19"" ; Width-13"")",Paintings & Frames,Other,1,20.6,8280.0,9.0217190130337
"Handpainted Pattachitra Canvas Painting - Naukha Vihar (Unframed Height-19"" ; Width-13"")",Paintings & Frames,Other,1,20.6,8280.0,9.0217190130337
"Handpainted Pattachitra Canvas Painting - Madhava Mandpa (Unframed Height-19"" ; Width-13"")",Paintings & Frames,Other,1,20.6,8280.0,9.0217190130337
"Handpainted Pattachitra Silk Painting - Raas Vilaasa (Unframed Height-19"" ; Width-13"")",Paintings & Frames,Silk,1,20.6,8280.0,9.0217190130337
"The Kalpavriksha Collection : Exclusive Pattachitra Art Silk Painting - Neela Valli (Unframed with mount Height-20"" ; Width-10"")",Paintings & Frames,Silk,1,20.6,1930.0,7.565793282428515
"The Kalpavriksha Collection : Exclusive Pattachitra Art Silk Painting - Nilavarna (Unframed with mount Height-20"" ; Width-10"")",Paintings & Frames,Silk,1,20.6,1930.0,7.565793282428515
"The Kalpavriksha Collection : Exclusive Pattachitra Art Silk Painting - Neel Kanth (Unframed with mount Height-20"" ; Width-10"")",Paintings & Frames,Silk,1,20.6,1930.0,7.565793282428515
"The Kalpavriksha Collection : Exclusive Pattachitra Art Silk Painting - Neel Manjari (Unframed with mount Height-20"" ; Width-10"")",Paintings & Frames,Silk,1,20.6,1930.0,7.565793282428515
"Handpainted Pattachitra Silk Painting - Veena Vilasini (Unframed with mount 20"" X 10"")",Paintings & Frames,Silk,1,20.6,1930.0,7.565793282428515
"Handpainted Pattachitra Silk Painting - Kamala (Unframed with mount 20.5"" X 9.5"")",Paintings & Frames,Silk,1,20.6,1930.0,7.565793282428515
"Handpainted Pattachitra Silk Painting - Padma Shree (Unframed with mount 20.5"" X 9.5"")",Paintings & Frames,Silk,1,20.6,1930.0,7.565793282428515
"Handpainted Pattachitra Silk Painting - Padmini (Unframed with mount 20.5"" X 9.5"")",Paintings & Frames,Silk,1,20.6,1930.0,7.565793282428515
"Handpainted Pattachitra Silk Painting - Veena Vadini (Unframed with mount 20"" X 10"")",Paintings & Frames,Silk,1,20.6,1930.0,7.565793282428515
"Handpainted Pattachitra Silk Painting - Neelambari (Unframed with mount 20.5"" X 9"")",Paintings & Frames,Silk,1,20.6,1930.0,7.565793282428515
"The Kalpavriksha Collection : Exclusive Pattachitra Art Silk Painting - Neel Harini (Unframed with mount Height-20"" ; Width-10"")",Paintings & Frames,Silk,1,20.6,1930.0,7.565793282428515
"The Kalpavriksha Collection : Exclusive Pattachitra Art Silk Painting - Harita (Unframed with mount Height-20"" ; Width-10"")",Paintings & Frames,Silk,1,20.6,1930.0,7.565793282428515
"The Kalpavriksha Collection : Exclusive Pattachitra Art Silk Painting - Ojas (Unframed with mount Height-20"" ; Width-10"")",Paintings & Frames,Silk,1,20.6,1930.0,7.565793282428515
"The Kalpavriksha Collection : Exclusive Pattachitra Art Silk Painting - Shyamila (Unframed with mount Height-20"" ; Width-10"")",Paintings & Frames,Silk,1,20.6,1930.0,7.565793282428515
"The Kalpavriksha Collection : Exclusive Pattachitra Art Silk Painting - Neel Kamala (Unframed with mount Height-20"" ; Width-10"")",Paintings & Frames,Silk,1,20.6,1930.0,7.565793282428515
"The Kalpavriksha Collection : Exclusive Pattachitra Art Silk Painting - Lohita (Unframed with mount Height-20"" ; Width-10"")",Paintings & Frames,Silk,1,20.6,1930.0,7.565793282428515
"The Kalpavriksha Collection : Exclusive Pattachitra Art Silk Painting - Shyam Aranya (Unframed with mount Height-20"" ; Width-10"")",Paintings & Frames,Silk,1,20.6,1930.0,7.565793282428515
"The Kalpavriksha Collection : Exclusive Pattachitra Art Silk Painting - Mayuri (Unframed with mount Height-20"" ; Width-10"")",Paintings & Frames,Silk,1,20.6,1930.0,7.565793282428515
"The Kalpavriksha Collection : Exclusive Pattachitra Art Silk Painting - Sindura Valli (Unframed with mount Height-20"" ; Width-10"")",Paintings & Frames,Silk,1,20.6,1930.0,7.565793282428515
"Handpainted Pattachitra Silk Painting - Nritya Madhava (Unframed with mount 20.5"" X 14"")",Paintings & Frames,Silk,1,20.6,2110.0,7.65491704784832
"The Kalpavriksha Collection : Exclusive Pattachitra Art Silk Painting - Shyamanand (Unframed with mount Height-20"" ; Width-10"")",Paintings & Frames,Silk,1,20.6,1930.0,7.565793282428515
"The Kalpavriksha Collection : Exclusive Pattachitra Art Silk Painting - Neel Tarangini Unframed with mount (Height-20"" ; Width-10"")",Paintings & Frames,Silk,1,20.6,1930.0,7.565793282428515
"The Kalpavriksha Collection : Exclusive Pattachitra Art Silk Painting - Shyamala (Unframed with mount Height-20"" ; Width-10"")",Paintings & Frames,Silk,1,20.6,1930.0,7.565793282428515
"The Kalpavriksha Collection : Exclusive Pattachitra Art Silk Painting - Gulabsi (Unframed with mount Height-20"" ; Width-10"")",Paintings & Frames,Silk,1,20.6,1930.0,7.565793282428515
"The Kalpavriksha Collection : Exclusive Pattachitra Art Silk Painting -  Neel Vriksha (Unframed with mount Height-20"" ; Width-10"")",Paintings & Frames,Silk,1,20.6,1930.0,7.565793282428515
"The Kalpavriksha Collection : Exclusive Pattachitra Art Silk Painting - Neelambara (Unframed with mount Height-20"" ; Width-10"")",Paintings & Frames,Silk,1,20.6,1930.0,7.565793282428515
"The Kalpavriksha Collection : Exclusive Pattachitra Art Silk Painting - Pallava (Unframed with mount Height-20"" ; Width-10"")",Paintings & Frames,Silk,1,20.6,1930.0,7.565793282428515
"The Kalpavriksha Collection : Exclusive Pattachitra Art Silk Painting - Aruna Vriksha (Unframed with mount Height-20"" ; Width-10"")",Paintings & Frames,Silk,1,20.6,1930.0,7.565793282428515
"Handpainted Thangka Painting - Amritara (Unframed Height - 15"" x Width - 11"")",Paintings & Frames,Other,1,20.6,9700.0,9.179984251961283
"Handpainted Thangka Painting Large - Avalokitesvara (Unframed Height - 24"" x Width - 18"")",Paintings & Frames,Other,1,20.6,18670.0,9.834726796965336
"Handpainted Thangka Painting Large - Shakyamuni Buddha (Unframed Height - 24"" x Width - 18"")",Paintings & Frames,Other,1,20.6,18670.0,9.834726796965336
"Handpainted Thangka Painting Large - The Kalachakra Mandala (Unframed Height - 19"" x Width - 19"")",Paintings & Frames,Other,1,20.6,12150.0,9.405166749908611
"Handpainted Thangka Painting - Kalachakra Mandala (Unframed Height - 19"" x Width - 19"")",Paintings & Frames,Other,1,20.6,12150.0,9.405166749908611
"Handpainted Thangka Painting - The Buddha Mandala (Unframed Height - 20"" x Width - 15"")",Paintings & Frames,Other,1,20.6,12150.0,9.405166749908611
"Handpainted Thangka Painting - The Wheel of Life (Unframed Height - 20"" x Width - 15"")",Paintings & Frames,Other,1,20.6,12150.0,9.405166749908611
"Handpainted Thangka Painting - Kalachakra Mandala, Orange (Unframed Height - 11"" x Width - 11"")",Paintings & Frames,Other,1,20.6,6210.0,8.734077192559303
"Handpainted Thangka Painting - Kalachakra Mandala, Sea Blue (Unframed Height - 11"" x Width - 11"")",Paintings & Frames,Other,1,20.6,6210.0,8.734077192559303
"Handpainted Thangka Painting - Kalachakra Mandala, Red & Green (Unframed Height - 11"" x Width - 11"")",Paintings & Frames,Other,1,20.6,6210.0,8.734077192559303
"Handpainted Thangka Painting - Kalachakra Mandala, Deep Blue (Unframed Height - 11"" x Width - 11"")",Paintings & Frames,Other,1,20.6,6210.0,8.734077192559303
"Handpainted Thangka Painting - Kalachakra Mandala, Black (Unframed Height - 11"" x Width - 11"")",Paintings & Frames,Other,1,20.6,6210.0,8.734077192559303
"Handpainted Thangka Painting - Kalachakra Mandala, Blue (Unframed Height - 11"" x Width - 11"")",Paintings & Frames,Other,1,20.6,6210.0,8.734077192559303
"Handpainted Thangka Painting - Buddha Mandala, Red (Unframed Height - 9"" x Width - 6"")",Paintings & Frames,Other,1,20.6,5420.0,8.598035579260339
"Handpainted Thangka Painting - Mantra Mandala, Black & Gold (Unframed Height - 19"" x Width - 19"")",Paintings & Frames,Other,1,20.6,11120.0,9.316590491818841
"Handpainted Thangka Painting - Ashtamangala Auspicious Symbols, Lilac (Unframed Height - 19"" x Width - 19"")",Paintings & Frames,Other,1,20.6,13180.0,9.486531677712465
"Handpainted Thangka Painting - Ashtamangala Auspicious Symbols (Unframed Height - 19"" x Width - 19"")",Paintings & Frames,Other,1,20.6,13180.0,9.486531677712465
"Handpainted Thangka Painting - Mantra Mandala, Kesar (Unframed Height - 19"" x Width - 19"")",Paintings & Frames,Other,1,20.6,11120.0,9.316590491818841
"Handpainted Thangka Painting - The Mantra Mandala (Unframed Height - 19"" x Width - 19"")",Paintings & Frames,Other,1,20.6,11120.0,9.316590491818841
"Handpainted Thangka Painting - Green Tara (Unframed Height - 12"" x Width - 9"")",Paintings & Frames,Other,1,20.6,8270.0,9.020510699691906
"Handpainted Thangka Painting - Padma Vighnesha (Unframed Height - 12"" x Width - 9"")",Paintings & Frames,Other,1,20.6,8270.0,9.020510699691906
"Handpainted Thangka Painting - Mantra Mandala, Blue (Unframed Height - 12"" x Width - 12"")",Paintings & Frames,Other,1,20.6,6430.0,8.768885326134862
"Handpainted Thangka Painting - Mantra Mandala,Vivid Hues (Unframed Height - 12"" x Width - 12"")",Paintings & Frames,Other,1,20.6,6430.0,8.768885326134862
"Handpainted Thangka Painting - Syamatara (Unframed Height -15"" x Width -11"")",Paintings & Frames,Other,1,20.6,9700.0,9.179984251961283
"Handpainted Thangka Painting - Chenrezig (Unframed Height - 12"" x Width - 9"")",Paintings & Frames,Other,1,20.6,8270.0,9.020510699691906
"Handpainted Thangka Painting - Maitreya Buddha (Unframed Height - 12"" x Width - 9"")",Paintings & Frames,Other,1,20.6,8270.0,9.020510699691906
"Handpainted Thangka Painting - Shubha Ganesha (Unframed Height - 12"" x Width - 9"")",Paintings & Frames,Other,1,20.6,8270.0,9.020510699691906
"Handpainted Thangka Painting - Kalachakra Mandala, Green (Unframed Height - 19"" x Width - 19"")",Paintings & Frames,Other,1,20.6,12150.0,9.405166749908611
"Handpainted Pattachitra Tussar Silk Painting Large - Hamsa Sangaman (Unframed Length - 40"" x Width - 18"")",Paintings & Frames,Silk,1,20.6,10430.0,9.25253742067597
"Handpainted Pattachitra Tussar Silk Painting Large - Vaidehi Kalyanam (Unframed Length - 40"" x Width - 18"")",Paintings & Frames,Silk,1,20.6,10430.0,9.25253742067597
"Handpainted Pattachitra Tussar Silk Painting Large - Forest Rhapsody (Unframed Length - 40"" x Width - 18"")",Paintings & Frames,Silk,1,20.6,10430.0,9.25253742067597
"Handpainted Pattachitra Tussar Silk Painting Large - Forest Wedding (Unframed Length - 40"" x Width - 18"")",Paintings & Frames,Silk,1,20.6,10430.0,9.25253742067597
"Handpainted Pattachitra Silk Painting Large - The Celestial Dance (Unframed Length - 30"" x Width - 18"")",Paintings & Frames,Silk,1,20.6,10070.0,9.217415285648144
"Handpainted Pattachitra Silk Painting Large - Divine Confluence (Unframed Length - 42"" x Width - 12"")",Paintings & Frames,Silk,1,20.6,7970.0,8.983565234427923
"Handpainted Pattachitra Canvas Painting Large - VanRaas (Unframed Length - 40"" x Width - 24"")",Paintings & Frames,Other,1,20.6,18630.0,9.832582139020353
"Handpainted Pattachitra Silk Painting Large - Hamsa Vahana (Unframed Length - 42"" x Width - 12"")",Paintings & Frames,Silk,1,20.6,7970.0,8.983565234427923
"Handpainted Pattachitra Silk Painting Large - The Ten Incarnations (Unframed Length - 42"" x Width - 12"")",Paintings & Frames,Silk,1,20.6,7970.0,8.983565234427923
"Handpainted Pattachitra Canvas Painting - Krishna Katha Mandala (Unframed Length - 13"" x Width - 19"")",Paintings & Frames,Other,1,20.6,9730.0,9.18307194482199
"Handpainted Pattachitra Canvas Painting - Fables of Vishnu (Unframed Length - 13"" x Width - 19"")",Paintings & Frames,Other,1,20.6,9730.0,9.18307194482199
"Handpainted Pattachitra Canvas Painting - Mythical Tales (Unframed Length - 19"" x Width - 13"")",Paintings & Frames,Other,1,20.6,10560.0,9.264923249746474
"Handpainted Pattachitra Canvas Painting - Lord Ganesha (Unframed Length - 13"" x Width - 19"")",Paintings & Frames,Other,1,20.6,9730.0,9.18307194482199
"Handpainted Pattachitra Canvas Painting - Lord Krishna (Unframed Length - 13"" x Width - 19"")",Paintings & Frames,Other,1,20.6,9730.0,9.18307194482199
"Handpainted Pattachitra Canvas Painting - Mythical Mandala (Unframed Length - 13"" x Width - 19"")",Paintings & Frames,Other,1,20.6,9730.0,9.18307194482199
"Handpainted Pattachitra Canvas Painting - Radha Krishna (Unframed Length - 13"" x Width - 19"")",Paintings & Frames,Other,1,20.6,9730.0,9.18307194482199
"Handpainted Pattachitra Canvas Painting - Vishnu Chitrakatha (Unframed Length - 13"" x Width - 19"")",Paintings & Frames,Other,1,20.6,9730.0,9.18307194482199
"Handpainted Pattachitra Canvas Painting - Krishna Vrittanta (Unframed Length - 13"" x Width - 19""",Paintings & Frames,Other,1,20.6,9730.0,9.18307194482199
"Handpainted Pattachitra Canvas Painting - Mythical Stories (Unframed Length - 13"" x Width - 19"")",Paintings & Frames,Other,1,20.6,9730.0,9.18307194482199
"Handpainted Pattachitra Canvas Painting - Mythical Union (Unframed Length - 19"" x Width - 13"")",Paintings & Frames,Other,1,20.6,8910.0,9.09504174761272
"Handpainted Pattachitra Canvas Painting - Hamsa Vahini (Unframed Length - 19"" x Width - 13"")",Paintings & Frames,Other,1,20.6,9730.0,9.18307194482199
"Handpainted Pattachitra Canvas Painting - Padma Leela (Unframed Length - 19"" x Width - 13"")",Paintings & Frames,Other,1,20.6,8910.0,9.09504174761272
"Handpainted Pattachitra Canvas Painting - Nritya Vinayaka (Unframed Length - 19"" x Width - 13"")",Paintings & Frames,Other,1,20.6,9730.0,9.18307194482199
"Handpainted Pattachitra Canvas Painting - Ganapati Nrityaleela (Unframed Length - 19"" x Width - 13"")",Paintings & Frames,Other,1,20.6,10560.0,9.264923249746474
"Handpainted Pattachitra Canvas Painting - Krishna Leela (Unframed Length - 13"" x Width - 19"")",Paintings & Frames,Other,1,20.6,9730.0,9.18307194482199
"Handpainted Pattachitra Canvas Painting - Ramayana in Monochrome (Unframed Length - 13"" x Width - 19"")",Paintings & Frames,Other,1,20.6,9730.0,9.18307194482199
"Handpainted Pattachitra Canvas Painting - Krishna Chitrakatha (Unframed Length - 13"" x Width - 19"")",Paintings & Frames,Other,1,20.6,9730.0,9.18307194482199
"Handpainted Pattachitra Canvas Painting - KrishnaLeela (Unframed Length - 13"" x Width - 19"")",Paintings & Frames,Other,1,20.6,9730.0,9.18307194482199
"Handpainted Pattachitra Canvas Painting - Vignahartha Mandala (Unframed Length - 13"" x Width -19"")",Paintings & Frames,Other,1,20.6,9730.0,9.18307194482199
"Handpainted Pattachitra Canvas Painting - Mahishasuramardini (Unframed Length - 13"" x Width - 19"")",Paintings & Frames,Other,1,20.6,9730.0,9.18307194482199
"Hand-rendered Stone Dust Painting - Phoolvaadi (Framed 10"" x 8"")",Paintings & Frames,Stone/Marble,1,20.6,4560.0,8.4252971767117
"Hand-rendered Stone Dust Painting - Golden Dusk (Framed 10"" x 8"")",Paintings & Frames,Stone/Marble,1,20.6,4560.0,8.4252971767117
"Hand-rendered Stone Dust Painting - Shah-e-Khuban (Framed 10"" x 8"")",Paintings & Frames,Stone/Marble,1,20.6,4560.0,8.4252971767117
"Hand-rendered Stone Dust Painting - Golden Night (Framed 10"" x 8"")",Paintings & Frames,Stone/Marble,1,20.6,4560.0,8.4252971767117
"Hand-rendered Stone Dust Painting - Gulbahaar (Framed 15"" x 13"")",Paintings & Frames,Stone/Marble,1,20.6,8220.0,9.014447135152134
"Hand-rendered Stone Dust Painting - The Garden of Gold (Framed 15"" x 13"")",Paintings & Frames,Stone/Marble,1,20.6,8220.0,9.014447135152134
"Hand-rendered Stone Dust Painting - Bahar-e-Nazrana (Framed 15"" x 12"")",Paintings & Frames,Stone/Marble,1,20.6,6580.0,8.791941988456118
"Hand-rendered Stone Dust Painting - Sada Bahaar (Framed 15"" x 12"")",Paintings & Frames,Stone/Marble,1,20.6,6580.0,8.791941988456118
"Hand-rendered Stone Dust Painting - Raag Vatika (Framed 12"" x 6"")",Paintings & Frames,Stone/Marble,1,20.6,4100.0,8.31898612539206
"Hand-rendered Stone Dust Painting - Bulbul-e-Bagh (Framed 8"" x 8"")",Paintings & Frames,Stone/Marble,1,20.6,3200.0,8.071218539969863
"Hand-rendered Stone Dust Painting - Gul-e-Bagh (Framed 9"" x 9"")",Paintings & Frames,Stone/Marble,1,20.6,3440.0,8.14351740579748
"Hand-rendered Stone Dust Painting - Mayuri (Framed 9"" x 9"")",Paintings & Frames,Stone/Marble,1,20.6,4370.0,8.382747094863314
"Hand-rendered Stone Dust Painting - Berry Hued (Framed 9"" x 9"")",Paintings & Frames,Stone/Marble,1,20.6,3440.0,8.14351740579748
"Hand-rendered Stone Dust Painting - Golden Parrot (Framed 9"" x 9"")",Paintings & Frames,Stone/Marble,1,20.6,3440.0,8.14351740579748
"Hand-rendered Stone Dust Painting - Sunehri (Framed 9"" x 9"")",Paintings & Frames,Stone/Marble,1,20.6,3440.0,8.14351740579748
"Hand-rendered Stone Dust Painting - Zarrin (Framed 9"" x 9"")",Paintings & Frames,Stone/Marble,1,20.6,3440.0,8.14351740579748
"Hand-rendered Stone Dust Painting - Tazeen-e-Bagh (Framed 15"" x 12"")",Paintings & Frames,Stone/Marble,1,20.6,6580.0,8.791941988456118
"Hand-rendered Stone Dust Painting - Mehr-e-Bagh (Framed 16"" x 13"")",Paintings & Frames,Stone/Marble,1,20.6,8300.0,9.024131268455035
"Hand-rendered Stone Dust Painting - Plumage & Petals (Framed 16"" x 13"")",Paintings & Frames,Stone/Marble,1,20.6,7900.0,8.974744612722734
"Large Hand-rendered Stone Dust Painting - Lilac Muse (Framed 19"" x 16"")",Paintings & Frames,Stone/Marble,1,20.6,14830.0,9.604474863741963
"Large Hand-rendered Stone Dust Painting - The Gilded Perch (Framed 19"" x 16"")",Paintings & Frames,Stone/Marble,1,20.6,14830.0,9.604474863741963
"Pichwai Painting - Lotus Hymns - Cerulean Mist (Unframed 24"" x 18'')",Paintings & Frames,Other,1,20.6,18260.0,9.812522917162035
"Pichwai Painting - Lotus Hymns - Sage Mist (Unframed 24"" x 18'')",Paintings & Frames,Other,1,20.6,18260.0,9.812522917162035
"Pichwai Painting - Lotus Hymns - Tuscan Gold (Unframed 24"" x 18'')",Paintings & Frames,Other,1,20.6,18260.0,9.812522917162035
"Pichwai Painting - Serene Yamuna (Unframed 24"" x 18'')",Paintings & Frames,Other,1,20.6,13580.0,9.516427036104067
"Pichwai Painting - Kamal Talai Vermilion (Unframed 24"" x 18'')",Paintings & Frames,Other,1,20.6,17090.0,9.746307288148506
"Pichwai Painting - Dhenu Vatsalya (Unframed 12"" x 9'')",Paintings & Frames,Other,1,20.6,6890.0,8.837971491357209
"Pichwai Painting - Harit Vatsalya (Unframed 12"" x 9'')",Paintings & Frames,Other,1,20.6,6890.0,8.837971491357209
"Pichwai Painting - Shrinathji & Cows (Unframed 15"" x 10'')",Paintings & Frames,Other,1,20.6,4360.0,8.380456667842767
"Pichwai Painting - Radha Krishna Flute Sojourn (Unframed 12"" x 9"")",Paintings & Frames,Other,1,20.6,8050.0,8.993551586299981
"Pichwai Painting - Radha Krishna Silent Raga (Unframed 12"" x 9"")",Paintings & Frames,Other,1,20.6,8050.0,8.993551586299981
"Pichwai Painting - Radha Krishna Van Vihar (Unframed 12"" x 9"")",Paintings & Frames,Other,1,20.6,8050.0,8.993551586299981
"Pichwai Painting - Tusker in Tranquillity (Unframed 12"" x 9"")",Paintings & Frames,Other,1,20.6,6890.0,8.837971491357209
"Pichwai Painting - Maternal Sanctity (Unframed 8"" x 8'')",Paintings & Frames,Other,1,20.6,3890.0,8.266421472984554
"Pichwai Painting - Cows & The Forest (Unframed 8"" x 8'')",Paintings & Frames,Other,1,20.6,6690.0,8.808518618782816
"Pichwai Painting - Kamal Talai (Unframed 8"" x 8'')",Paintings & Frames,Other,1,20.6,4360.0,8.380456667842767
"Original Gond Art Painting - The Silent Sentinel (Large, Unframed 3ft x 1ft)",Paintings & Frames,Other,1,20.6,8680.0,9.068892008391808
"Original Gond Art Painting - The Peacock Lineage (Unframed, 11.7"" x 8.3"")",Paintings & Frames,Other,1,20.6,7660.0,8.94389780251682
"Original Gond Art Painting - Songbirds and Stags (Unframed, 11.7"" x 8.3"")",Paintings & Frames,Other,1,20.6,7660.0,8.94389780251682
"Original Gond Art Painting - Symphony of Birds (Unframed, 11.7"" x 8.3"")",Paintings & Frames,Other,1,20.6,7660.0,8.94389780251682
"Original Gond Art Painting - The Peacock Matriline (Unframed, 11.7"" x 8.3"")",Paintings & Frames,Other,1,20.6,7660.0,8.94389780251682
"Original Gond Art Painting - The Elephant Duo (Unframed, 11.7"" x 8.3"")",Paintings & Frames,Other,1,20.6,7660.0,8.94389780251682
"Original Gond Art Painting - Fawn & Tree of Life (Unframed, 11.7"" x 8.3"")",Paintings & Frames,Other,1,20.6,7660.0,8.94389780251682
"Original Gond Art Painting - Deer Emissaries (Unframed, 16.5"" x 11.7"")",Paintings & Frames,Other,1,20.6,7900.0,8.974744612722734
"Original Gond Art Painting - The Elephant-Calf Dyad (Unframed, 16.5"" x 11.7"")",Paintings & Frames,Other,1,20.6,7900.0,8.974744612722734
"Original Gond Art Painting - The Cow-Calf Dyad (Unframed 16.5"" x 11.7"")",Paintings & Frames,Other,1,20.6,7900.0,8.974744612722734
"Original Gond Art Painting - A Lion Pride (Unframed 16.5"" x 11.7"")",Paintings & Frames,Other,1,20.6,7900.0,8.974744612722734
"Original Gond Art Painting - A Resplendent Peacock (Unframed 16.5"" x 11.7"")",Paintings & Frames,Other,1,20.6,7900.0,8.974744612722734
"Gond Art Painting - Forest Tiger (Large, 24""x 36"")",Paintings & Frames,Other,1,20.6,5170.0,8.550821372396221
Gond Art Painting - Tree of Life,Paintings & Frames,Other,1,20.6,10540.0,9.26302769425519
Gond Art Painting - The Majestic Lion,Paintings & Frames,Other,1,20.6,10540.0,9.26302769425519
"Tanjore Art Framed Painting - The Parrots, 11""",Paintings & Frames,Other,1,20.6,7500.0,8.922791623969637
"Tanjore Art Framed Painting - The Peacock, 11""",Paintings & Frames,Other,1,20.6,7500.0,8.922791623969637
Miniature Art Painting - Dusk on the Terrace,Paintings & Frames,Other,1,20.6,4580.0,8.429672593886743
Miniature Art Painting - Falcon Taming,Paintings & Frames,Other,1,20.6,4580.0,8.429672593886743
Miniature Art Painting - Nawab & Flower,Paintings & Frames,Other,1,20.6,4580.0,8.429672593886743
Miniature Art Painting - Peacock & Princess,Paintings & Frames,Other,1,20.6,4580.0,8.429672593886743
Miniature Art Painting - Nawab & Begum,Paintings & Frames,Other,1,20.6,4440.0,8.398634855292102
Miniature Art Painting - Begum & Nawab,Paintings & Frames,Other,1,20.6,4440.0,8.398634855292102
Miniature Art Painting - Leisure Moments,Paintings & Frames,Other,1,20.6,4440.0,8.398634855292102
Miniature Art Painting - Leisure & Love,Paintings & Frames,Other,1,20.6,4680.0,8.45126704130007
Miniature Art Painting - Moments of Love,Paintings & Frames,Other,1,20.6,4680.0,8.45126704130007
Miniature Art Painting - Romantic Moments,Paintings & Frames,Other,1,20.6,4680.0,8.45126704130007
Miniature Art Painting - Princess & Parrot,Paintings & Frames,Other,1,20.6,4680.0,8.45126704130007
Pithora Painting - Man & Horse,Paintings & Frames,Other,1,20.6,4160.0,8.333510708982942
"Large Warli Painting With Mount - Village Scene (16""x15.5"")",Paintings & Frames,Other,1,20.6,3200.0,8.071218539969863
"Large Warli Painting With Mount - Village Scene (16""x13.5"")",Paintings & Frames,Other,1,20.6,3680.0,8.210939733379021
"Large Warli Painting With Mount - Village Scene (16""x 19"")",Paintings & Frames,Other,1,20.6,3150.0,8.055475141757274
"Large Warli Painting With Mount - Traditional Village Dance Ritual (13.5"" x16"")",Paintings & Frames,Other,1,20.6,2950.0,7.989899374942939
Rogan Art Painting with Frame - Peacock on a Tree,Paintings & Frames,Other,1,20.6,17360.0,9.761981590241948
Rogan Art Painting with Frame - Long Tree,Paintings & Frames,Other,1,20.6,10160.0,9.22631214148588
Rogan Art Painting with Frame- Indian Motifs,Paintings & Frames,Other,1,20.6,7770.0,8.958154135209242
Rogan Art Painting with Frame - Abstract Pattern,Paintings & Frames,Other,1,20.6,7770.0,8.958154135209242
Rogan Art Painting with Frame - Abstract Door,Paintings & Frames,Other,1,20.6,11830.0,9.378478484253662
Rogan Art Painting with Frame - Abstract Design,Paintings & Frames,Other,1,20.6,11830.0,9.378478484253662
Rogan Art Painting with Frame - Flowering Tree,Paintings & Frames,Other,1,20.6,5570.0,8.625329850020815
Rogan Art Painting with Frame - Floral Tree,Paintings & Frames,Other,1,20.6,5570.0,8.625329850020815
Rogan Art Painting with Frame - Blooming Tree,Paintings & Frames,Other,1,20.6,5570.0,8.625329850020815
Rogan Art Painting with Frame - Colourful Peacock,Paintings & Frames,Other,1,20.6,6220.0,8.73568594451502
Rogan Art Painting with Frame - Peacock,Paintings & Frames,Other,1,20.6,6220.0,8.73568594451502
Rogan Art Painting with Frame  - Parrot,Paintings & Frames,Other,1,20.6,6220.0,8.73568594451502
"Exclusive Pattachitra Art Silk Painting - Intricate Krishna & Radha (Unframed - Height - 21""; Width - 35"")",Paintings & Frames,Silk,1,20.6,15880.0,9.672878705110646
Patua Art Painting - Wedding Of The Fish,Paintings & Frames,Other,1,20.6,4660.0,8.446985296372741
Patua Art Painting - Fish Wedding,Paintings & Frames,Other,1,20.6,4660.0,8.446985296372741
Santhal Art Painting - Procession,Paintings & Frames,Other,1,20.6,4660.0,8.446985296372741
Santhal Art Painting - Celebrations,Paintings & Frames,Other,1,20.6,4660.0,8.446985296372741
Kalighat Painting With Mount - Krishna & Radha,Paintings & Frames,Other,1,20.6,4660.0,8.446985296372741
Kalighat Painting With Mount - Lady & Hookah,Paintings & Frames,Other,1,20.6,4660.0,8.446985296372741
Kalighat Painting With Mount - Woman & Birds,Paintings & Frames,Other,1,20.6,4660.0,8.446985296372741
Kalighat Painting With Mount - Woman & Peacock,Paintings & Frames,Other,1,20.6,2940.0,7.9865049385539955
Kalighat Painting With Mount - Saraswati,Paintings & Frames,Other,1,20.6,4660.0,8.446985296372741
Kalighat Painting With Mount - Radha Krishna,Paintings & Frames,Other,1,20.6,2940.0,7.9865049385539955
Kalighat Painting With Mount - Durga,Paintings & Frames,Other,1,20.6,4660.0,8.446985296372741
Kalighat Painting With Mount - Togetherness,Paintings & Frames,Other,1,20.6,4660.0,8.446985296372741
Kalighat Painting With Mount - Shola Shringar,Paintings & Frames,Other,1,20.6,4660.0,8.446985296372741
Kalighat Painting With Mount - The Babu,Paintings & Frames,Other,1,20.6,2940.0,7.9865049385539955
Kalighat Painting With Mount - Woman & Cat,Paintings & Frames,Other,1,20.6,4660.0,8.446985296372741
Kalighat Painting With Mount - Love Is In The Air,Paintings & Frames,Other,1,20.6,4660.0,8.446985296372741
Kalighat Painting With Mount - Flower For Her,Paintings & Frames,Other,1,20.6,4660.0,8.446985296372741
Kalighat Painting With Mount - Flower In Her Hair,Paintings & Frames,Other,1,20.6,4660.0,8.446985296372741
Kalighat Painting With Mount - Maa Durga,Paintings & Frames,Other,1,20.6,4660.0,8.446985296372741
Kalighat Painting With Mount - Krishna Radha,Paintings & Frames,Other,1,20.6,4660.0,8.446985296372741
Kalighat Painting With Mount - Adornment,Paintings & Frames,Other,1,20.6,4660.0,8.446985296372741
Kalighat Painting With Mount - Goddess Durga,Paintings & Frames,Other,1,20.6,4660.0,8.446985296372741
Kalighat Painting With Mount - Fish Shopping,Paintings & Frames,Other,1,20.6,4660.0,8.446985296372741
Kalighat Painting With Mount - Shringar,Paintings & Frames,Other,1,20.6,4660.0,8.446985296372741
Kalighat Painting With Mount - A Couple,Paintings & Frames,Other,1,20.6,4660.0,8.446985296372741
Kalighat Painting With Mount - Durga,Paintings & Frames,Other,1,20.6,4660.0,8.446985296372741
Kalighat Painting With Mount - Lady,Paintings & Frames,Other,1,20.6,4660.0,8.446985296372741
Kalighat Painting With Mount - Couple & Hookah,Paintings & Frames,Other,1,20.6,4660.0,8.446985296372741
Kalighat Painting With Mount - Couple,Paintings & Frames,Other,1,20.6,4660.0,8.446985296372741
Kalighat Painting With Mount - Modern Memsahib,Paintings & Frames,Other,1,20.6,4660.0,8.446985296372741
Kalighat Painting With Mount - Rose For The Lady,Paintings & Frames,Other,1,20.6,4660.0,8.446985296372741
Kalighat Painting With Mount - Hookah Lady,Paintings & Frames,Other,1,20.6,4660.0,8.446985296372741
Kalighat Painting With Mount - The Couple,Paintings & Frames,Other,1,20.6,4660.0,8.446985296372741
Kalighat Painting With Mount - Lakshmi,Paintings & Frames,Other,1,20.6,4660.0,8.446985296372741
Kalighat Painting With Mount - Coastal Relish,Paintings & Frames,Other,1,20.6,4660.0,8.446985296372741
Kalighat Painting With Mount - Shiva Parvati,Paintings & Frames,Other,1,20.6,4660.0,8.446985296372741
Santhal Tribal Art Painting -The Wedding Fervour,Paintings & Frames,Other,1,20.6,4120.0,8.323851131338817
Santhal Tribal Art Painting - The Marriage Celebrations,Paintings & Frames,Other,1,20.6,4120.0,8.323851131338817
Patua Art Painting - Birds In Harmony,Paintings & Frames,Other,1,20.6,4120.0,8.323851131338817
Santhal Tribal Art Painting - The Marriage Celebration,Paintings & Frames,Other,1,20.6,3930.0,8.27664912542186
Santhal Tribal Art Painting - Wedding Fervour,Paintings & Frames,Other,1,20.6,3930.0,8.27664912542186
Santhal Tribal Art Painting - The Wedding Bonhomie,Paintings & Frames,Other,1,20.6,3430.0,8.14060704285845
Santhal Tribal Art Painting - A Marriage Procession,Paintings & Frames,Other,1,20.6,3430.0,8.14060704285845
Santhal Tribal Art Painting - The Marriage Procession,Paintings & Frames,Other,1,20.6,3430.0,8.14060704285845
Santhal Tribal Art Painting - Marriage Procession,Paintings & Frames,Other,1,20.6,2900.0,7.972810784121404
Santhal Tribal Art Painting - The Marriage Mood,Paintings & Frames,Other,1,20.6,3930.0,8.27664912542186
Santhal Tribal Art Painting - The Wedding Party,Paintings & Frames,Other,1,20.6,3810.0,8.24564690087386
Santhal Tribal Art Painting - Marriage Celebrations,Paintings & Frames,Other,1,20.6,3810.0,8.24564690087386
Patua Art Painting - Birds,Paintings & Frames,Other,1,20.6,3810.0,8.24564690087386
Santhal Tribal Art Painting - Wedding Bonhomie,Paintings & Frames,Other,1,20.6,3240.0,8.083637203141548
Patua Art Painting - Birds,Paintings & Frames,Other,1,20.6,3810.0,8.24564690087386
Santhal Tribal Art Painting - The Celebration,Paintings & Frames,Other,1,20.6,2900.0,7.972810784121404
Santhal Tribal Art Painting - Celebration,Paintings & Frames,Other,1,20.6,3620.0,8.19450550976564
Santhal Tribal Art Painting - Celebrations,Paintings & Frames,Other,1,20.6,3620.0,8.19450550976564
Santhal Tribal Art Painting - A Wedding Celebration,Paintings & Frames,Other,1,20.6,3620.0,8.19450550976564
Santhal Tribal Art Painting - The Wedding Celebration,Paintings & Frames,Other,1,20.6,3620.0,8.19450550976564
Patua Art Painting - Birds & Foliage,Paintings & Frames,Other,1,20.6,3620.0,8.19450550976564
Patua Art Painting - Vibrant Birds,Paintings & Frames,Other,1,20.6,3620.0,8.19450550976564
Patua Art Painting - Celebrating Birds,Paintings & Frames,Other,1,20.6,3620.0,8.19450550976564
Patua Art Painting - Wedding Of The Birds,Paintings & Frames,Other,1,20.6,3620.0,8.19450550976564
Santhal Tribal Art Painting - The Wedding Procession,Paintings & Frames,Other,1,20.6,3620.0,8.19450550976564
Santhal Tribal Art Painting - A Wedding Procession,Paintings & Frames,Other,1,20.6,3620.0,8.19450550976564
Santhal Tribal Art Painting - Wedding Celebrations,Paintings & Frames,Other,1,20.6,3620.0,8.19450550976564
Santhal Tribal Art Painting - Wedding Celebration,Paintings & Frames,Other,1,20.6,3620.0,8.19450550976564
Kalighat Painting - Domesticity,Paintings & Frames,Other,1,20.6,7460.0,8.917444732471514
Kalighat Painting - Musician Lady,Paintings & Frames,Other,1,20.6,6630.0,8.799510901368867
Kalighat Painting - Shringar,Paintings & Frames,Other,1,20.6,6630.0,8.799510901368867
Kalighat Painting - Damsel & Peacock,Paintings & Frames,Other,1,20.6,7460.0,8.917444732471514
Kalighat Painting - Devout Husband,Paintings & Frames,Other,1,20.6,7460.0,8.917444732471514
Kalighat Painting - Cat & Fish,Paintings & Frames,Other,1,20.6,6630.0,8.799510901368867
Santhal Tribal Art Painting - Wedding Procession,Paintings & Frames,Other,1,20.6,2900.0,7.972810784121404
Exclusive Ganjifa Art Framed Painting - Krishna,Paintings & Frames,Other,1,20.6,4250.0,8.35490952835879
Exclusive Ganjifa Art Framed Painting - Annapakshi,Paintings & Frames,Other,1,20.6,4250.0,8.35490952835879
Exclusive Ganjifa Art Framed Painting - The Parrot,Paintings & Frames,Other,1,20.6,4250.0,8.35490952835879
Exclusive Ganjifa Art Framed Painting - The Annapakshi,Paintings & Frames,Other,1,20.6,4250.0,8.35490952835879
Exclusive Ganjifa Art Framed Painting - Annapakshi,Paintings & Frames,Other,1,20.6,4250.0,8.35490952835879
Exclusive Ganjifa Art Framed Painting - Annapakshi,Paintings & Frames,Other,1,20.6,4250.0,8.35490952835879
Exclusive Ganjifa Art Framed Painting - The Annapakshi,Paintings & Frames,Other,1,20.6,4250.0,8.35490952835879
Exclusive Ganjifa Art Framed Painting - Horse,Paintings & Frames,Other,1,20.6,4250.0,8.35490952835879
Exclusive Ganjifa Art Framed Painting - Elephant,Paintings & Frames,Other,1,20.6,4250.0,8.35490952835879
Exclusive Ganjifa Art Framed Painting - Peacock,Paintings & Frames,Other,1,20.6,4250.0,8.35490952835879
Exclusive Ganjifa Art Framed Painting - Parrots,Paintings & Frames,Other,1,20.6,4250.0,8.35490952835879
Exclusive Ganjifa Art Framed Painting - Annapakshi,Paintings & Frames,Other,1,20.6,4250.0,8.35490952835879
Exclusive Ganjifa Art Framed Painting - Peacocks,Paintings & Frames,Other,1,20.6,4250.0,8.35490952835879
Exclusive Ganjifa Art Framed Painting - Annapakshi,Paintings & Frames,Other,1,20.6,4250.0,8.35490952835879
Exclusive Ganjifa Art Framed Painting - Peacock Beauty,Paintings & Frames,Other,1,20.6,4250.0,8.35490952835879
Exclusive Ganjifa Art Framed Painting - Protection,Paintings & Frames,Other,1,20.6,4250.0,8.35490952835879
Exclusive Ganjifa Art Framed Painting - The Peacocks,Paintings & Frames,Other,1,20.6,4250.0,8.35490952835879
Exclusive Ganjifa Art Framed Painting - Annapakshi,Paintings & Frames,Other,1,20.6,4250.0,8.35490952835879
Exclusive Ganjifa Art Framed Painting - Ornate Peacock,Paintings & Frames,Other,1,20.6,4250.0,8.35490952835879
Exclusive Ganjifa Art Framed Painting - Pakshi,Paintings & Frames,Other,1,20.6,4250.0,8.35490952835879
Exclusive Ganjifa Art Framed Painting - Parrot,Paintings & Frames,Other,1,20.6,4250.0,8.35490952835879
Exclusive Ganjifa Art Framed Painting - Ganesh,Paintings & Frames,Other,1,20.6,4250.0,8.35490952835879
Exclusive Ganjifa Art Framed Painting - Lord Ganesh,Paintings & Frames,Other,1,20.6,4250.0,8.35490952835879
Exclusive Ganjifa Art Framed Painting - Shiva Parvati,Paintings & Frames,Other,1,20.6,4250.0,8.35490952835879
Exclusive Ganjifa Art Framed Painting - Saraswati With Veena,Paintings & Frames,Other,1,20.6,4250.0,8.35490952835879
Exclusive Ganjifa Art Framed Painting - Saraswati & Veena,Paintings & Frames,Other,1,20.6,4250.0,8.35490952835879
Exclusive Ganjifa Art Framed Painting - Krishna & Yashoda,Paintings & Frames,Other,1,20.6,4250.0,8.35490952835879
Exclusive Ganjifa Art Framed Painting - Krishna & Flute,Paintings & Frames,Other,1,20.6,4250.0,8.35490952835879
Exclusive Ganjifa Art Framed Painting - Dancing Ganesha,Paintings & Frames,Other,1,20.6,4250.0,8.35490952835879
Exclusive Ganjifa Art Framed Painting - Devi Lakshmi,Paintings & Frames,Other,1,20.6,4250.0,8.35490952835879
Exclusive Ganjifa Art Framed Painting - Godess Saraswati,Paintings & Frames,Other,1,20.6,4250.0,8.35490952835879
Exclusive Ganjifa Art Framed Painting - The Lord,Paintings & Frames,Other,1,20.6,4250.0,8.35490952835879
Exclusive Ganjifa Art Framed Painting - Ganesha,Paintings & Frames,Other,1,20.6,4250.0,8.35490952835879
Exclusive Ganjifa Art Framed Painting - Durga,Paintings & Frames,Other,1,20.6,4250.0,8.35490952835879
Exclusive Ganjifa Art Framed Painting - Lord Vishnu,Paintings & Frames,Other,1,20.6,4250.0,8.35490952835879
Exclusive Ganjifa Art Framed Painting - Krishna & Flute,Paintings & Frames,Other,1,20.6,4250.0,8.35490952835879
Exclusive Ganjifa Art Framed Painting - Devi,Paintings & Frames,Other,1,20.6,4250.0,8.35490952835879
Exclusive Ganjifa Art Framed Painting - Saraswati,Paintings & Frames,Other,1,20.6,4250.0,8.35490952835879
Exclusive Ganjifa Art Framed Painting - Goddess Lakshmi,Paintings & Frames,Other,1,20.6,4250.0,8.35490952835879
Exclusive Ganjifa Art Framed Painting - Yashoda & Krishna,Paintings & Frames,Other,1,20.6,4250.0,8.35490952835879
Exclusive Ganjifa Art Framed Painting - Lakshmi,Paintings & Frames,Other,1,20.6,4250.0,8.35490952835879
Miniature Art on Vintage Postcard - Haathi,Paintings & Frames,Other,1,20.6,1250.0,7.1316985104669115
Miniature Art on Vintage Postcard - Saheli,Paintings & Frames,Other,1,20.6,1250.0,7.1316985104669115
Miniature Art on Vintage Postcard - Mitra,Paintings & Frames,Other,1,20.6,1250.0,7.1316985104669115
Miniature Art on Vintage Postcard - Mitra,Paintings & Frames,Other,1,20.6,1250.0,7.1316985104669115
Miniature Art on Vintage Postcard - Saheli,Paintings & Frames,Other,1,20.6,1250.0,7.1316985104669115
"Gond Art Painting - Elephants (14.5"" x 10"")",Paintings & Frames,Other,1,20.6,2950.0,7.989899374942939
"Tanjore Art Painting Frame - Peacock, Small",Paintings & Frames,Other,1,20.6,6200.0,8.732465848349879
"Miniature Art Silk Painting - Elephant, Green (Framed)",Paintings & Frames,Silk,1,20.6,2740.0,7.916078096302786
"Kalighat Painting With Mount - The Mobike Ride (17"" x 14"")",Paintings & Frames,Other,1,20.6,5470.0,8.607216694063826
"Kalighat Painting With Mount - Musical Moments (17"" x 14"")",Paintings & Frames,Other,1,20.6,5470.0,8.607216694063826
"Kalighat Painting With Mount - Zamindar & Lady (17"" x 14"")",Paintings & Frames,Other,1,20.6,5470.0,8.607216694063826
"Kalighat Painting With Mount - Dancing Groom (17"" x 14"")",Paintings & Frames,Other,1,20.6,5470.0,8.607216694063826
"Kalighat Painting With Mount - Tea Together (17"" x 14"")",Paintings & Frames,Other,1,20.6,5470.0,8.607216694063826
"Kalighat Painting With Mount - Garden Moments (17"" x 14"")",Paintings & Frames,Other,1,20.6,5470.0,8.607216694063826
"Kalighat Painting With Mount - Musical Lady (25"" x 17"")",Paintings & Frames,Other,1,20.6,6380.0,8.761080103868347
"Kalighat Painting With Mount - The Zamindar (25"" x 17"")",Paintings & Frames,Other,1,20.6,7150.0,8.875007486048396
"Kalighat Painting With Mount - Shringar (25"" x 17"")",Paintings & Frames,Other,1,20.6,7150.0,8.875007486048396
"Kalighat Painting With Mount - Divine Hands (25"" x 17"")",Paintings & Frames,Other,1,20.6,7150.0,8.875007486048396
"Kalighat Painting With Mount - Adornment (25"" x 17"")",Paintings & Frames,Other,1,20.6,7150.0,8.875007486048396
"Kalighat Painting With Mount - The Market Scene (25"" x 17"")",Paintings & Frames,Other,1,20.6,7150.0,8.875007486048396
"Kalighat Painting With Mount - The Photographer (25"" x 17"")",Paintings & Frames,Other,1,20.6,7150.0,8.875007486048396
"Kalighat Painting With Mount - Musician Lady (25"" x 17"")",Paintings & Frames,Other,1,20.6,7150.0,8.875007486048396
"Kalighat Painting With Mount - Krishna Radha (25"" x 17"")",Paintings & Frames,Other,1,20.6,7150.0,8.875007486048396
"Kalighat Painting With Mount - The Royal Hunter (25"" x 17"")",Paintings & Frames,Other,1,20.6,7150.0,8.875007486048396
"Kalighat Painting With Mount - The Couple (25"" x 17"")",Paintings & Frames,Other,1,20.6,7150.0,8.875007486048396
"Kalighat Painting With Mount - Moments of Love (25"" x 17"")",Paintings & Frames,Other,1,20.6,7150.0,8.875007486048396
"Kalighat Painting With Mount - The Lovers (25"" x 17"")",Paintings & Frames,Other,1,20.6,7150.0,8.875007486048396
"Kalighat Painting With Mount - The Lady Musician (25"" x 17"")",Paintings & Frames,Other,1,20.6,7150.0,8.875007486048396
"Kalighat Painting With Mount - Shola Shringar (25"" x 17"")",Paintings & Frames,Other,1,20.6,7150.0,8.875007486048396
"Kalighat Painting With Mount - The Lady (25"" x 17"")",Paintings & Frames,Other,1,20.6,7150.0,8.875007486048396
"Tanjore Painting In Chettinad Frame - The Peacock (With Frame) -L-13"" x Width-11.5""",Paintings & Frames,Other,1,20.6,12500.0,9.433563920090563
"Tanjore Painting In Chettinad Frame  - Parrots (With Frame) - L-13"" x W-11.5""",Paintings & Frames,Other,1,20.6,12500.0,9.433563920090563
"Tanjore Painting In Chettinad Frame-Peacock (With Frame), L-13"" x W-11.5""",Paintings & Frames,Other,1,20.6,12500.0,9.433563920090563
"Tanjore Painting In Chettinad Frame - Parrot (With Frame) - L-13"" x W-11.5""",Paintings & Frames,Other,1,20.6,12500.0,9.433563920090563
"Tanjore Painting In Chettinad Frame  - Ganesha (With Frame) - L-13"" x W-11.5""",Paintings & Frames,Other,1,20.6,12500.0,9.433563920090563
"Tanjore Painting In Chettinad Frame  - Parrots (With Frame) - L-15.5"" x W- 13""",Paintings & Frames,Other,1,20.6,14500.0,9.581972891547895
"Tanjore Painting In Chettinad Frame - Parrot (With Frame) - L-15.5"" x W-13""",Paintings & Frames,Other,1,20.6,14500.0,9.581972891547895
"Tanjore Painting In Chettinad Frame -Peacock (With Frame), L-15.5"" x W- 13""",Paintings & Frames,Other,1,20.6,14500.0,9.581972891547895
"Tanjore Painting In Chettinad Frame - The Peacock (With Frame) - L-15.5"" x W-13""",Paintings & Frames,Other,1,20.6,14500.0,9.581972891547895
"Tanjore Painting In Chettinad Frame  - Parvati (With Frame) - L-15.5"" x W-13""",Paintings & Frames,Other,1,20.6,14500.0,9.581972891547895
"Tanjore Painting In Chettinad Frame  - Kartikeya (With Frame) - L-15.5"" x W-13""",Paintings & Frames,Other,1,20.6,14500.0,9.581972891547895
"Tanjore Painting In Chettinad Frame  - Ganesha (With Frame) - L-15.5"" x W - 13""",Paintings & Frames,Other,1,20.6,14500.0,9.581972891547895
"Tanjore Painting In Chettinad Frame  - Vishnu Lakshmi (With Frame) - L-15.5"" x W-13""",Paintings & Frames,Other,1,20.6,14500.0,9.581972891547895
"Tanjore Painting In Chettinad Frame  - Goddess Laxmi (With Frame) - L-15.5"" x W-13""",Paintings & Frames,Other,1,20.6,14500.0,9.581972891547895
"Tanjore Painting In Chettinad Frame - Gaja Lakshmi (With Frame) - L-15.5"" x W-13""",Paintings & Frames,Other,1,20.6,16200.0,9.692828247710418
"Tanjore Painting In Chettinad Frame  - Vishnu Lakshmi (With Frame) - L-18"" x W-15""",Paintings & Frames,Other,1,20.6,16400.0,9.70509758756311
"Tanjore Painting In Chettinad Frame  - Parvati (With Frame) - L-18"" x W-15""",Paintings & Frames,Other,1,20.6,16400.0,9.70509758756311
"Tanjore Painting In Chettinad Frame  - Kartikeya (With Frame) - L-18"" x W-15""",Paintings & Frames,Other,1,20.6,16400.0,9.70509758756311
"Tanjore Painting In Chettinad Frame  - Ganesha (With Frame) - L-18"" x W- 15""",Paintings & Frames,Other,1,20.6,16400.0,9.70509758756311
"Tanjore Painting In Chettinad Frame  - Goddess Laxmi (With Frame) - L-18"" x W -15""",Paintings & Frames,Other,1,20.6,16400.0,9.70509758756311
"Tanjore Painting In Chettinad Frame - Gaja Lakshmi (With Frame) - L-18"" x W- 15""",Paintings & Frames,Other,1,20.6,18400.0,9.820160289946374
"Kalighat Painting With Mount - Krishna (17"" x 14"")",Paintings & Frames,Other,1,20.6,3450.0,8.146419323098003
"Kalighat Painting With Mount - Radha Krishna 18"" x 14.5"")",Paintings & Frames,Other,1,20.6,3910.0,8.271548374755515
"Kalighat Painting With Mount - Radhe Krishna (25"" x 10"")",Paintings & Frames,Other,1,20.6,4200.0,8.343077871169383
"Kalighat Painting With Mount - Kanha (25"" x 10"")",Paintings & Frames,Other,1,20.6,4200.0,8.343077871169383
"Kalighat Painting With Mount - Durga (25"" x 10"")",Paintings & Frames,Other,1,20.6,4200.0,8.343077871169383
"Kalighat Painting With Mount - Ram, Sita, Lakshman (25"" x 17"")",Paintings & Frames,Other,1,20.6,4470.0,8.405367376233981
"Kalighat Painting With Mount - Gopal (25"" x 17"")",Paintings & Frames,Other,1,20.6,4470.0,8.405367376233981
"Kalighat Painting With Mount - Krishna Gopi (25"" x 17"")",Paintings & Frames,Other,1,20.6,4470.0,8.405367376233981
"Kalighat Painting With Mount - Mahishasurmardini (25"" x 17"")",Paintings & Frames,Other,1,20.6,5610.0,8.632484235750972
"Large Patua Art Painting with Mount (Set of 2) - Wedding of the Birds (25"" X 10"")",Paintings & Frames,Other,2,20.6,2860.0,7.95892649305011
"Large Patua Art Painting with Mount (Set of 2) - Wedding of the Birds (25"" X 10"")",Paintings & Frames,Other,2,20.6,2860.0,7.95892649305011
"Large Patua Art Painting with Mount (Set of 2) - Wedding of the Fish (25"" X 10"")",Paintings & Frames,Other,2,20.6,2860.0,7.95892649305011
"Kalighat Painting - Radha Krishna (14"" X 11"")",Paintings & Frames,Other,1,20.6,3850.0,8.25608813381491
"Kalighat Painting - Goddess Durga (17"" X 14"")",Paintings & Frames,Other,1,20.6,3950.0,8.281723990411392
"Kalighat Painting - Goddess Durga (24"" X 8"")",Paintings & Frames,Other,1,20.6,3150.0,8.055475141757274
"Kalighat Painting - Goddess Saraswati (24"" X 8"")",Paintings & Frames,Other,1,20.6,1680.0,7.427144133408616
"Patua Art Painting - Wedding Celebrations (24"" X 8"")",Paintings & Frames,Other,1,20.6,3810.0,8.24564690087386
"Large Kalighat Art Painting with Mount - Musician Couple (25"" X 17"")",Paintings & Frames,Other,1,20.6,4200.0,8.343077871169383
"Large Kalighat Art Painting with Mount - Radha Krishna (27"" X 10"")",Paintings & Frames,Other,1,20.6,2850.0,7.955425088912672
"Large Kalighat Art Painting with Mount - Goddess Saraswati (25"" X 10"")",Paintings & Frames,Other,1,20.6,2250.0,7.719129840906732
"Large Kalighat Art Painting with Mount - Goddess Durga (25"" X 10"")",Paintings & Frames,Other,1,20.6,2250.0,7.719129840906732
"Kalighat Painting - Goddess Lakshmi (22"" X 14"")",Paintings & Frames,Other,1,20.6,3850.0,8.25608813381491
"Kalighat Painting - Lady Musician (22"" X 14"")",Paintings & Frames,Other,1,20.6,3250.0,8.086717920303906
"Kalighat Painting - Goddess Durga (22"" X 14"")",Paintings & Frames,Other,1,20.6,3850.0,8.25608813381491
"Large Patua Art Painting with Mount - Wedding (32"" X 15"")",Paintings & Frames,Other,1,20.6,2870.0,7.962415680121064
"Large Patua Art Painting with Mount - Wedding (32"" X 15"")",Paintings & Frames,Other,1,20.6,2870.0,7.962415680121064
"Large Patua Art Painting with Mount - Wedding of the Birds (31"" X 14"")",Paintings & Frames,Other,1,20.6,2540.0,7.840312983320164
"Large Potua Art Painting with Mount - Wedding of the Fish (31"" X 14"")",Paintings & Frames,Other,1,20.6,3250.0,8.086717920303906
"Large Patua Art Painting with Mount - Wedding of the Fish (31"" X 14"")",Paintings & Frames,Other,1,20.6,2540.0,7.840312983320164
"Large Patua Art Painting with Mount - Wedding of the Fish (31"" X 14"")",Paintings & Frames,Other,1,20.6,2840.0,7.951911381854188
"Large Kalighat Art Painting with Mount - Ganesha (27"" X 10"")",Paintings & Frames,Other,1,20.6,2360.0,7.766840537085513
"Large Patua Art Painting with Mount - Rogue Fish (31"" X 14"")",Paintings & Frames,Other,1,20.6,2540.0,7.840312983320164
"Large Kalighat Art Painting with Mount - Goddess Lakshmi (27"" X 10"")",Paintings & Frames,Other,1,20.6,2460.0,7.8083230503910555
"Kalighat Painting - Radha Krishna (28"" X 11"")",Paintings & Frames,Other,1,20.6,4250.0,8.35490952835879
"Potua Art / Santhal Painting - Wedding Celebrations (29"" X 12"")",Paintings & Frames,Other,1,20.6,2920.0,7.979681302387741
"Kalighat Painting - Scene from Ramayana (28"" X 11"")",Paintings & Frames,Other,1,20.6,4450.0,8.400884069015854
Pichwai Painting ❃ A Pattern of Lotuses (Framed),Paintings & Frames,Other,1,20.6,11970.0,9.39024233725137
Pichwai Painting ❃ A Pattern of Lotuses (Unframed),Paintings & Frames,Other,1,20.6,9200.0,9.127067452782361
Pichwai Painting ❃ Pichwai Florals II (Framed),Paintings & Frames,Other,1,20.6,10980.0,9.303921785597714
Pichwai Painting ❃ Pichwai Florals (Unframed),Paintings & Frames,Other,1,20.6,8210.0,9.01322999770879
Pichwai Painting ❃ Priests worship Shrinathji (Framed),Paintings & Frames,Other,1,20.6,15920.0,9.675394271496005
Pichwai Painting ❃ Priests worship Shrinathji (Unframed),Paintings & Frames,Other,1,20.6,13150.0,9.484253080341965
Pichwai Painting ❃ The dance of Krishna & Radha (Framed),Paintings & Frames,Other,1,20.6,16910.0,9.735719576749684
Pichwai Painting ❃ The dance of Krishna & Radha (Unframed),Paintings & Frames,Other,1,20.6,14140.0,9.556833658307777
Pichwai Painting ❃ Worshipping Srinathji (Framed),Paintings & Frames,Other,1,20.6,14930.0,9.611194867526663
Pichwai Painting ❃ Worshipping Srinathji (Unframed),Paintings & Frames,Other,1,20.6,12160.0,9.405989388981
Pichwai Painting ❃ Srinathji Amongst Pichwai Florals (Framed),Paintings & Frames,Other,1,20.6,13940.0,9.542589417753089
Pichwai Painting ❃ Srinathji Amongst Pichwai Florals (Unframed),Paintings & Frames,Other,1,20.6,11180.0,9.321971188147367
Pichwai Painting ❃ Pichwai Florals (Framed),Paintings & Frames,Other,1,20.6,10980.0,9.303921785597714
Pichwai Painting ❃ Pichwai Florals (Unframed),Paintings & Frames,Other,1,20.6,8210.0,9.01322999770879
Pichwai Painting ❃ Lotus  Abundance (Framed),Paintings & Frames,Other,1,20.6,10980.0,9.303921785597714
Pichwai Painting ❃ Lotus  Abundance (Unframed),Paintings & Frames,Other,1,20.6,8210.0,9.01322999770879
Pichwai Painting ❃ Women Worshipping Srinathji (Framed),Paintings & Frames,Other,1,20.6,11970.0,9.39024233725137
Pichwai Painting ❃  Women Worshipping Srinathji (Unframed),Paintings & Frames,Other,1,20.6,9200.0,9.127067452782361
Pichwai Painting ❃ Worship of Srinathji (Framed),Paintings & Frames,Other,1,20.6,5120.0,8.54110501146255
Pichwai Painting ❃ Worship of Srinathji (Unframed),Paintings & Frames,Other,1,20.6,3720.0,8.221747728346623
Pichwai Painting ❃ The Gopi Musician (Framed),Paintings & Frames,Other,1,20.6,8050.0,8.993551586299981
Pichwai Painting ❃ The Gopi Musician (Unframed),Paintings & Frames,Other,1,20.6,6580.0,8.791941988456118
Pichwai Painting ❃ The Musician Gopi (Framed),Paintings & Frames,Other,1,20.6,8050.0,8.993551586299981
Pichwai Painting ❃ The Musician Gopi (Unframed),Paintings & Frames,Other,1,20.6,6580.0,8.791941988456118
Pichwai Painting ❃ The worship of Shrinathji (Framed),Paintings & Frames,Other,1,20.6,5700.0,8.648396877031582
Pichwai Painting ❃ The worship of Shrinathji (Unframed),Paintings & Frames,Other,1,20.6,4690.0,8.453401058328458
Pichwai Painting ❃ Three Cows (Framed),Paintings & Frames,Other,1,20.6,3330.0,8.11102783819368
Pichwai Painting ❃ Three Cows (Unframed),Paintings & Frames,Other,1,20.6,2320.0,7.749753406274437
Pichwai Painting ❃ A Herd of Cows (Framed),Paintings & Frames,Other,1,20.6,3530.0,8.169336395928386
Pichwai Painting ❃ A Herd of Cows (Unframed),Paintings & Frames,Other,1,20.6,2520.0,7.83241092718792
Pichwai Painting ❃ Cows adorned with Peacock Feathers (Framed),Paintings & Frames,Other,1,20.6,3330.0,8.11102783819368
Pichwai Painting ❃ Cows adorned with Peacock Feathers (Unframed),Paintings & Frames,Other,1,20.6,2320.0,7.749753406274437
Pichwai Painting ❃ Srinathji disguised as Cow (Framed),Paintings & Frames,Other,1,20.6,5310.0,8.577535420422398
Pichwai Painting ❃ Srinathji disguised as Cow (Unframed),Paintings & Frames,Other,1,20.6,4300.0,8.366602832783736
Pichwai Painting ❃ Srinathji as Cow (Framed),Paintings & Frames,Other,1,20.6,3730.0,8.224431573221159
Pichwai Painting ❃ Srinathji as Cow (Unframed),Paintings & Frames,Other,1,20.6,2720.0,7.908754738783246
"Large Patua Art Painting With Mount - Wedding Of The Birds (30""x14"")",Paintings & Frames,Other,1,20.6,3810.0,8.24564690087386
"Large Potua Art Painting With Mount - Wedding Of The Fish (25""x10"")",Paintings & Frames,Other,1,20.6,1850.0,7.523481312573497
"Large Potua Art Painting With Mount - Wedding Celebrations (10""x25"")",Paintings & Frames,Other,1,20.6,2690.0,7.897668150726906
"Large Patua Art Painting With Mount - Wedding Of The Fish (25""x10"")",Paintings & Frames,Other,1,20.6,1850.0,7.523481312573497
"Large Potua Art Painting With Mount - Wedding Celebrations (10""x25"")",Paintings & Frames,Other,1,20.6,1850.0,7.523481312573497
"Large Patua Art Painting With Mount - Wedding Of The Birds (30""x14"")",Paintings & Frames,Other,1,20.6,2850.0,7.955425088912672
"Large Patua Art Painting With Mount - Wedding Of The Birds (30""x14"")",Paintings & Frames,Other,1,20.6,2850.0,7.955425088912672
"Large Potua Art Painting With Mount - Fish (30""x14"")",Paintings & Frames,Other,1,20.6,2850.0,7.955425088912672
"Large Patua Art Painting With Mount (Set of 2) - Wedding Of The Birds (30""x14"")",Paintings & Frames,Other,2,20.6,6550.0,8.787372988731876
"Large Potua Art Painting With Mount (Set of 2) - Wedding Celebrations (10""x25"")",Paintings & Frames,Other,2,20.6,5600.0,8.630700432209832
"Kalighat Painting With Mount (Medium) - Krishna Radha (14""x11"")",Paintings & Frames,Other,1,20.6,3980.0,8.289288323000317
"Kalighat Painting With Mount (Medium) - Musician & Consort (15.8""x12.5"")",Paintings & Frames,Other,1,20.6,2950.0,7.989899374942939
"Large Kalighat Painting With Mount - Goddess Durga (25""x 17"")",Paintings & Frames,Other,1,20.6,4200.0,8.343077871169383
"Large Kalighat Painting With Mount - Goddess Durga (25""x 17"")",Paintings & Frames,Other,1,20.6,4200.0,8.343077871169383
"Large Kalighat Painting With Mount - Goddess Durga (25""x 17"")",Paintings & Frames,Other,1,20.6,4200.0,8.343077871169383
"Large Kalighat Painting With Mount - Goddess Durga (25""x 17"")",Paintings & Frames,Other,1,20.6,4200.0,8.343077871169383
"Large Kalighat Painting With Mount - Goddess Durga (25""x 10"")",Paintings & Frames,Other,1,20.6,4200.0,8.343077871169383
Pattachitra Art - Painting on Canvas,Paintings & Frames,Other,1,20.6,4270.0,8.359603270841466
Pattachitra Art - Tussore Silk Painting,Paintings & Frames,Silk,1,20.6,1740.0,7.462214939768189
Pattachitra Art - Tussore Silk Painting,Paintings & Frames,Silk,1,20.6,1740.0,7.462214939768189
Pattachitra Art - Tussore Silk Painting,Paintings & Frames,Silk,1,20.6,1740.0,7.462214939768189
Pattachitra Art - Tussore Silk Painting,Paintings & Frames,Silk,1,20.6,1740.0,7.462214939768189
Pattachitra Art - Painting on Wood,Paintings & Frames,Wood,1,20.6,5540.0,8.61993026886735
Pattachitra Art - Painting on Wood,Paintings & Frames,Wood,1,20.6,5540.0,8.61993026886735
Pattachitra Art - Painting on Wood,Paintings & Frames,Wood,1,20.6,5540.0,8.61993026886735
"Gond Art Painting - Giraffe & Tree (14.5"" x 10"")",Paintings & Frames,Other,1,20.6,2620.0,7.8713112033234065
"Gond Art Painting - Deers & Tree (14.5"" x 10"")",Paintings & Frames,Other,1,20.6,2620.0,7.8713112033234065
"Gond Art Painting - Tree & Deer (14.5"" x 10"")",Paintings & Frames,Other,1,20.6,2620.0,7.8713112033234065
"Gond Art Painting - Deer & Tree (14.5"" x 10"")",Paintings & Frames,Other,1,20.6,2620.0,7.8713112033234065
"Gond Art Painting - Peacocks & Tree (14.5"" x 10"")",Paintings & Frames,Other,1,20.6,2620.0,7.8713112033234065
"Gond Art Painting - Peacocks (14.5"" x 10"")",Paintings & Frames,Other,1,20.6,2620.0,7.8713112033234065
"Gond Art Painting - Fish & Tree (14.5"" x 10"")",Paintings & Frames,Other,1,20.6,4620.0,8.438366410870266
"Gond Art Painting - Birds (14.5"" x 10"")",Paintings & Frames,Other,1,20.6,2620.0,7.8713112033234065
"Gond Art Painting - Animals (14.5"" x 10"")",Paintings & Frames,Other,1,20.6,2620.0,7.8713112033234065
"Gond Art Painting - Deer & Sun (14.5"" x 10"")",Paintings & Frames,Other,1,20.6,3250.0,8.086717920303906
"Gond Art Painting - Mango Tree & Deer (14.5"" x 10"")",Paintings & Frames,Other,1,20.6,2620.0,7.8713112033234065
"Gond Art Painting - Peacocks & Tree (14.5"" x 10"")",Paintings & Frames,Other,1,20.6,2620.0,7.8713112033234065
"Gond Art Painting - Birds & Tiger (14.5"" x 10"")",Paintings & Frames,Other,1,20.6,2620.0,7.8713112033234065
"Gond Art Painting Large (20"" x 14"") - Sea Animals.",Paintings & Frames,Other,1,20.6,4590.0,8.431853144249223
"Gond Art Painting Large (20"" x 14"") - Tree & Deers",Paintings & Frames,Other,1,20.6,4590.0,8.431853144249223
"Gond Art Painting Large (20"" x 14"") - Village Scene",Paintings & Frames,Other,1,20.6,4590.0,8.431853144249223
"Gond Art Painting Large (20"" x 14"") - Trees, Birds, Cows",Paintings & Frames,Other,1,20.6,4590.0,8.431853144249223
"Gond Art Painting Large (20"" x 14"") - Zebras & Tree",Paintings & Frames,Other,1,20.6,2620.0,7.8713112033234065
"Gond Art Painting Large (20"" x 14"") - Birds in Flight",Paintings & Frames,Other,1,20.6,2620.0,7.8713112033234065
"Gond Art Painting Large (30""x18"") - Peacocks",Paintings & Frames,Other,1,20.6,7950.0,8.981052985901483
"Gond Art Painting Large (30""x18"") - Animals",Paintings & Frames,Other,1,20.6,7840.0,8.967121656230923
Gond Art Painting on Silk with Mount,Paintings & Frames,Silk,1,20.6,2950.0,7.989899374942939
"Tanjore Painting with Frame - Annapakshi (Small) - L- 12.5"" x W- 10.5""",Paintings & Frames,Other,1,20.6,12600.0,9.441531454869693
"Tanjore Painting with Frame - Annapakshi (Large) - L- 15"" x W- 13""",Paintings & Frames,Other,1,20.6,12950.0,9.468928284223587
Kalighat Painting without Mount,Paintings & Frames,Other,1,20.6,4990.0,8.515391569469609
Kalighat Painting with Mount,Paintings & Frames,Other,1,20.6,4200.0,8.343077871169383
Kalighat Painting with Mount,Paintings & Frames,Other,1,20.6,4200.0,8.343077871169383
Kalighat Painting with Mount,Paintings & Frames,Other,1,20.6,4200.0,8.343077871169383
"'Caribbean Green' Hand Glazed Ceramic Pasta Bowls/Plates (Set of 2, Microwave Safe, Hand-Etched)",Pasta Bowls,Ceramic,2,20.6,1399.0,7.24422751560335
"'Caribbean Green' Hand Glazed Ceramic Pasta Bowls/Plates (Microwave Safe, Hand-Etched)",Pasta Bowls,Ceramic,1,20.6,849.0,6.745236349484363
"'Lunar Dusk' Ceramic Pasta Bowls/Plates (Set Of 2, 410 ML, Microwave Safe, Hand-Embossed)",Pasta Plates,Ceramic,2,20.6,1299.0,7.170119543449628
"'Muddy Glint' Ceramic Pasta Bowl/Plate (410 ML, Microwave Safe, Hand-Embossed)",Pasta Plates,Ceramic,1,20.6,699.0,6.551080335043404
"'Cosmic Hollow' Ceramic Pasta Bowl/Plate (410 ML, Microwave Safe, Hand-Embossed)",Pasta Plates,Ceramic,1,20.6,749.0,6.620073206530356
'Monkey Mischiefs' Hand-Painted Pen Stand In Metal (22.9 cm),Pen Stand,Other,1,22.9,939.0,6.84587987526405
'Glass Miracles' Handcrafted Conical Hanging Pendant Lamp in Glass & Iron (20.3 cm),Pendant Lamps,Iron,1,20.3,1309.0,7.177782416195197
"'Morrocan Flame' Hand-etched Pendant Lamp In Iron (33 cm, Matte Finish)",Pendant Lamps,Iron,1,33.0,1699.0,7.438383530044307
"'Chirping Birds' Hanging Pendant Lamp Shade (20.6 cm, Handcrafted)",Pendant Lamps,Other,1,20.6,899.0,6.802394763324311
"'Chirping Birds' Hanging Pendant Lamp Shade (Swt of 2, 8.1 Inches, Handcrafted)",Pendant Lamps,Other,1,20.573999999999998,1749.0,7.4673710669175595
"'Morrocan Moon' Hand-Etched Hanging Pendant Lamp Shade In Iron (34.5 Cm, Without Bulb, Hand-Etched)",Pendant Lamps,Iron,1,34.5,1649.0,7.408530566894626
"'Moroccan Rustic' Hand-Etched Hanging Pendant Lamp Shade (21.8 cm, Iron, Glossy Finish)",Pendant Lamps,Iron,1,21.8,1699.0,7.438383530044307
"'Morrocan Treasure' Hand-etched Pendant Lamp In Iron (20.3 cm, Matte Finish)",Pendant Lamps,Iron,1,20.3,1699.0,7.438383530044307
"‘Amber Sunset’ Cotton Cloth Hanging Pendant Lamp (22.8 Cm, Without Bulb, Handcrafted)",Pendant Lamps,Cotton,1,22.8,899.0,6.802394763324311
"'Moroccan Flame' Hand-Etched Hanging Pendant Lamp Shade (35.1 cm, Iron, Matte Finish)",Pendant Lamps,Iron,1,35.1,1799.0,7.495541943884256
"‘Nature Essence’ Cotton Cloth Hanging Pendant Lamp (22.8 Cm, Without Bulb, Handcrafted)",Pendant Lamps,Cotton,1,22.8,899.0,6.802394763324311
"'Ostrich Sanctuary' Hanging Pendant Lamp Shade (Set of 2, 8.1 Inches, Handcrafted)",Pendant Lamps,Other,2,20.573999999999998,1749.0,7.4673710669175595
'Jute Marvels' Handwoven Conical Hanging Pendant Lamp In Jute & Iron (35.6 cm),Pendant Lamps,Iron,1,35.6,1429.0,7.265429723253953
"'Morrocan Star' Hand-Etched Hanging Pendant Lamp Shade In Iron (44 Cm, Without Bulb, Hand-Etched)",Pendant Lamps,Iron,1,44.0,1569.0,7.358830898342354
Vintage Lines' Hand-etched Pendant Lamp In Iron (30.5 cm | Matte Finish),Pendant Lamps,Iron,1,30.5,1529.0,7.333023014386481
Jute Goblet' Pendant Lamp In Iron (20.3 cm | Matte Finish),Pendant Lamps,Iron,1,20.3,1259.0,7.138866999945524
"'Glamorous Mesh' Pendant Lamp In Iron (20.3 cm, Matte Finish)",Pendant Lamps,Iron,1,20.3,1129.0,7.029972911706386
"'Moroccan Paradise' Hand-Etched Pendant Lamp In Iron (20.3 cm, Matte Finish)",Pendant Lamps,Iron,1,20.3,1699.0,7.438383530044307
'Jute Fluorescence' Handwoven Pyramidal Hanging Pendant Lamp In Jute & Iron (27.9 cm),Pendant Lamps,Iron,1,27.9,1429.0,7.265429723253953
'Cotton Paradise' Handwoven Conical Hanging Pendant Lamp In Cotton Rope & Iron (35.6 cm),Pendant Lamps,Cotton,1,35.6,1429.0,7.265429723253953
'Jute Gleams' Handwoven Cylindrical Hanging Pendant Lamp In Jute & Iron (22.9 cm),Pendant Lamps,Iron,1,22.9,1279.0,7.154615356913663
'Jute Glimmers' Handwoven Cuboidal Hanging Pendant Lamp In Jute & Iron (27.9 cm),Pendant Lamps,Iron,1,27.9,1129.0,7.029972911706386
"'Ostrich Sanctuary' Hanging Pendant Lamp Shade (20.6 cm, Handcrafted)",Pendant Lamps,Other,1,20.6,899.0,6.802394763324311
"'Cotton Weaved' Hanging Pendant Lamp Shade (25.9 cm, Iron & Cotton Rope, Handwoven)",Pendant Lamps,Cotton,1,25.9,1399.0,7.24422751560335
"'Modern Hammered Dome' Handcrafted Hanging Pendant Lamp Shade In Iron (18 cm, Semi-Spherical, Golden)",Pendant Lamps,Iron,1,18.0,1019.0,6.927557906278317
"'Modern Gold Pedestal' Handcrafted Hanging Pendant Lamp Shade In Iron (20.3 cm, Conical, Golden)",Pendant Lamps,Iron,1,20.3,1019.0,6.927557906278317
'Monochrome Lights' Hand-Etched Cuboidal Hanging Pendant Lamp In Iron (27.9 cm),Pendant Lamps,Iron,1,27.9,1109.0,7.01211529430638
'Blazing Rope' Handwoven Conical Hanging Pendant Lamp In Band Rope & Iron (25.4 cm),Pendant Lamps,Iron,1,25.4,1209.0,7.098375638590786
'Jute Miracles' Handwoven Cylindrical Hanging Pendant Lamp In Jute & Iron (27.9 cm),Pendant Lamps,Iron,1,27.9,1279.0,7.154615356913663
'Jute Sensations' Handwoven Pyramidal Hanging Pendant Lamp In Jute & Iron (27.9 cm),Pendant Lamps,Iron,1,27.9,1279.0,7.154615356913663
'Jute Shimmers' Handwoven Spherical Hanging Pendant Lamp In Jute & Iron (17.8 cm),Pendant Lamps,Iron,1,17.8,1219.0,7.106606137727303
"'The Hut' Hand-Painted Ceramic Pickle & Chutney Jar Set With Spoons & Wooden Tray (Set of 2, 280 ml)",Pickle Holder,Wood,2,20.6,1399.0,7.24422751560335
"'Moroccan' Hand-Painted Ceramic Pickle & Chutney Jar Set With Spoons & Wooden Tray (Set of 2, 280 ml)",Pickle Holder,Wood,2,20.6,999.0,6.907755278982137
"ExclusiveLane 'Warli Village Tales' Multi-Purpose Ceramic Pickle & Chutney Jar (Non Air-Tight, 500 ML, Handcrafted)",Pickle Holder,Ceramic,1,20.6,640.0,6.46302945692067
"ExclusiveLane 'Warli Village Tales' Multi-Purpose Ceramic Pickle & Chutney Jar Set (Set of 2, Non Air-Tight, 500 ML, Handcrafted)",Pickle Holder,Ceramic,2,20.6,949.0,6.856461984594587
"ExclusiveLane 'Warli Tales' Multi-Purpose Ceramic Pickle & Chutney Jar Set With Wooden Holder (Set of 4, Non-Airtight, 230 ML, Handcrafted, 12.5 Cm)",Pickle Holder,Wood,4,12.5,2299.0,7.7406644019172415
"ExclusiveLane 'Warli Village Tales' Multi-Purpose Ceramic Pickle & Chutney Jar Set With Wooden Holder (Set of 4, Non Air-Tight, 250 ML,Handcrafted)",Pickle Holder,Wood,4,20.6,2360.0,7.766840537085513
"ExclusiveLane 'Warli Village Tales' Multi-Purpose Ceramic Pickle & Chutney Jar Set (Set of 2, Non Air-Tight, 250 ML, Handcrafted)",Pickle Holder,Ceramic,2,20.6,880.0,6.78105762593618
"'Art Of Warli' Multi-Purpose Ceramic Pickle & Chutney Jar Set With Wooden Holder (Non Air-Tight, Set Of 3, 280 ml, Handcrafted)",Pickle Holder,Wood,3,20.6,1899.0,7.549609165154532
"'Art Of Warli' Multi-Purpose Ceramic Pickle & Chutney Jar Set With Iron Caddy (Non Air-Tight, Set Of 2, 280 ml, Handcrafted)",Pickle Holder,Ceramic,2,20.6,1199.0,7.090076835776092
"'Art of Warli' Multi-Purpose Ceramic Pickle & Chutney Jar Set With Iron Holder (Non Air-Tight, Set Of 2, 280 ml, Handcrafted)",Pickle Holder,Ceramic,2,20.6,999.0,6.907755278982137
"'Art Of Warli' Multi-Purpose Ceramic Pickle & Chutney Jar (Non Air-Tight, 280 ml, Handcrafted)",Pickle Holder,Ceramic,1,20.6,540.0,6.293419278846481
"'Art Of Warli' Multi-Purpose Ceramic Pickle & Chutney Jar Set (Non Air-Tight, Set of 2, 280 ml, Handcrafted)",Pickle Holder,Ceramic,2,20.6,849.0,6.745236349484363
"ExclusiveLane 'Warli Tales' Multi-Purpose Ceramic Pickle & Chutney Jar Set of 3 (Non-Airtight, 230 ML, Handcrafted, 12.5 Cm)",Pickle Holder,Ceramic,3,12.5,1349.0,7.2078598714324755
"'The Hut' Multi-Purpose Ceramic Pickle & Chutney Jar Set With Spoons (Non Air-Tight, Set Of 4, 280 ML, Hand-Painted)",Pickle Holder,Ceramic,4,20.6,1699.0,7.438383530044307
"'The Hut' Multi-Purpose Ceramic Pickle & Chutney Jar Set With Spoons & Iron Holder (Non Air-Tight, Set Of 2, 280 ml, Hand-Painted)",Pickle Holder,Ceramic,2,20.6,1399.0,7.24422751560335
"'The Hut' Multi-Purpose Ceramic Pickle & Chutney Jar Set With Spoons & Iron Tray (Non Air-Tight, Set Of 2, 280 ml, Hand-Painted)",Pickle Holder,Ceramic,2,20.6,1249.0,7.1308988302963465
"'Elephant Motif' Multi-Purpose Ceramic Pickle & Chutney Jar Set (Non Air-Tight, Set of 2, 540 ml, Handcrafted)",Pickle Holder,Ceramic,2,20.6,949.0,6.856461984594587
"'The Hut' Multi-Purpose Ceramic Pickle & Chutney Jar Set With Spoons & Iron Holder (Non Air-Tight, Set Of 4, 280 ml, Hand-Painted)",Pickle Holder,Ceramic,4,20.6,2099.0,7.649692623711514
"'Elephant Motif' Multi-Purpose Ceramic Pickle & Chutney Jar (Non Air-Tight, 540 ml, Handcrafted)",Pickle Holder,Ceramic,1,20.6,699.0,6.551080335043404
"'The Hut' Hand-Painted Ceramic Pickle & Chutney Jar Set With Spoons & Iron Caddy (Set of 2, 280 ml)",Pickle Holder,Ceramic,2,20.6,1319.0,7.1853870155804165
'Hut Handpainted' Ceramic Pickle & Chutney Jars With Spoons (Set Of 2),Pickle Holder,Ceramic,2,20.6,999.0,6.907755278982137
"'Old Martaban' Multi-Purpose Ceramic Pickle & Chutney Jar Set & Holder (Non Air-Tight, Set Of 7, 120 ml, Hand-Painted)",Pickle Holder,Ceramic,7,20.6,1849.0,7.52294091807237
'Moroccan' Handpainted Ceramic Pickle & Chutney Jars With Spoons (Set Of 2),Pickle Holder,Ceramic,2,20.6,849.0,6.745236349484363
"'Moroccan' Hand-Painted Ceramic Pickle & Chutney Jar Set With Spoons & Wooden Holder (Set of 3, 280 ml)",Pickle Holder,Wood,3,20.6,1899.0,7.549609165154532
"'Moroccan' Hand-Painted Ceramic Pickle & Chutney Jar Set With Spoons & Iron Caddy (Set of 2, 280 ml)",Pickle Holder,Ceramic,2,20.6,1229.0,7.114769448366463
"'Moroccan' Multi-Purpose Ceramic Pickle & Chutney Jar Set With Spoons & Iron Tray (Non Air-Tight, Set Of 2, 280 ml, Hand-Painted)",Pickle Holder,Ceramic,2,20.6,999.0,6.907755278982137
"'The Hut' Hand-Painted Ceramic Pickle & Chutney Jar Set With Spoons & Wooden Holder (Set of 3, 280 ml)",Pickle Holder,Wood,3,20.6,1999.0,7.600902459542082
"ExclusiveLane 'The Hut' Multi-Purpose Ceramic Pickle & Chutney Jar Set With Spoons (Set Of 3, Non-Airtight, 280 ML, Hand-Painted)",Pickle Holder,Ceramic,3,20.6,1499.0,7.313220387090301
"'Old Martaban' Multi-Purpose Ceramic Pickle & Chutney Jar Set With Salt & Pepper Shakers Set & Tray (Non Air-Tight, 120 & 20 ml, Hand-Painted)",Pickle Holder,Ceramic,1,20.6,1499.0,7.313220387090301
"'Shades of a Leaf' Hand-Painted Ceramic Jars With Tray (Set of 3, 220 ml)",Pickle Holder,Ceramic,3,20.6,1649.0,7.408530566894626
"ExclusiveLane 'Warli Village Tales' Multi-Purpose Ceramic Pickle & Chutney Jar with Lid (Non Air-Tight, 250 ML, Handcrafted)",Pickle Holder,Ceramic,1,20.6,540.0,6.293419278846481
"'Shades of a Leaf' Hand-Painted Ceramic Jars With Tray (Set of 2, 220 ml)",Pickle Holder,Ceramic,2,20.6,1199.0,7.090076835776092
"ExclusiveLane 'Warli Village Tales' Multi-Purpose Ceramic Pickle & Chutney Jar Set With Metal Tray (Set of 2, Non Air-Tight, 250 ML, Handcrafted)",Pickle Holder,Ceramic,2,20.6,999.0,6.907755278982137
"ExclusiveLane 'Warli Village Tales' Multi-Purpose Ceramic Pickle & Chutney Jar Set With Wooden Holder (Set of 3, Non Air-Tight, 250 ML, Handcrafted)",Pickle Holder,Wood,3,20.6,1960.0,7.581209826196346
"'Shades of a Leaf' Hand-Painted Ceramic Multi-Purpose Jars With Lids & Holders (Set of 4, 220 ml)",Pickle Holder,Ceramic,4,20.6,1899.0,7.549609165154532
Old Fashioned Ceramic Jars With Hand Carved Tray,Pickle Holder,Ceramic,1,20.6,1699.0,7.438383530044307
'Diamond Geometric' Old Fashioned Martaban Ceramic Chutney & Pickle Jar Set With Sheesham Wooden Spoons & Tray (Non-Airtight),Pickle Holder,Wood,1,20.6,1399.0,7.24422751560335
Jaali Craft Wooden Photo Frame - Arch,Picture Frames,Wood,1,20.6,3260.0,8.089789175789319
Jaali Craft Wooden Photo Frame - Oval,Picture Frames,Wood,1,20.6,2450.0,7.804251383528112
Wood Engraved Photo Frame - Leaves,Picture Frames,Wood,1,20.6,2750.0,7.919719760924575
Wood Engraved Floral Photo Frame,Picture Frames,Wood,1,20.6,2360.0,7.766840537085513
Wood Engraved Photo Frame -Flora,Picture Frames,Wood,1,20.6,2750.0,7.919719760924575
Wood Engraved Abstract Pattern Photo Frame,Picture Frames,Wood,1,20.6,2360.0,7.766840537085513
Wooden Jaali Double Frame - Oval. Small,Picture Frames,Wood,1,20.6,1550.0,7.346655163176539
Wooden Jaali Single Frame - Minaret. Small,Picture Frames,Wood,1,20.6,1550.0,7.346655163176539
Wooden Jaali Single Frame - Minaret. Small (Table / Wall),Picture Frames,Wood,1,20.6,1450.0,7.280008252884188
Wooden Jaali Single  Frame - Rectangular. Large,Picture Frames,Wood,1,20.6,3150.0,8.055475141757274
Wooden Jaali Single  Frame - Rectangular,Picture Frames,Wood,1,20.6,1850.0,7.523481312573497
Wooden Jaali Single  Frame - Rectangular,Picture Frames,Wood,1,20.6,2650.0,7.8826922062890254
"Earthen Vault Terracotta Decorative Piggie Bank/Showpiece (19.0 cm, Handmade)",Piggy Bank,Terracotta/Clay,1,19.0,775.0,6.654152520183219
Guava Gracious' Handmade Scented Pillar Candle (321 grams),Pillar Candles,Other,1,20.6,439.0,6.0867747269123065
Rose Reminiscence' Handmade Scented Pillar Candle (321 grams),Pillar Candles,Other,1,20.6,439.0,6.0867747269123065
"Green Apple' Handmade Wax Pillar Scented Candle (30 Hours Burn Time, Soy Blend, 320 grams)",Pillar Candles,Other,1,20.6,489.0,6.194405391104672
"Green Apple' Handmade Wax Pillar Scented Candles (Set of 2, 8 & 30 Hours Burn Time, Soy Blend, 320 grams & 100 grams)",Pillar Candles,Other,2,20.6,709.0,6.565264970035361
"Jasmine' Handmade Wax Pillar Scented Candle (30 Hours Burn Time, Soy Blend, 320 grams)",Pillar Candles,Other,1,20.6,489.0,6.194405391104672
Handcrafted Wooden Engraved Planter Base (With Glass Tube),Plant Holders,Wood,1,20.6,1080.0,6.985641817639208
"Handcrafted Sabai Grass Planter - Natural Beige & White (Set of 2) (Medium, Large)",Plant Holders,Other,2,20.6,1690.0,7.43307534889858
"Handcarved 'Panch Deep' Brass Aarti Pooja Spoon (5 Wicks, 18.8 cm, 520 grams, Hand-Etched)",Pooja Spoon,Brass,1,18.8,1499.0,7.313220387090301
The Traveller’s Collection: Embossed Leather Travel Trio - Azure Garden (Set of 3),Pouches & Wallets,Other,3,20.6,2090.0,7.645397699428633
The Traveller’s Collection: Embossed Leather Wallet Set - Azure Garden (Set of 2),Pouches & Wallets,Other,2,20.6,2410.0,7.787796878181171
The Traveller’s Collection: Embossed Leather Travel Duo - Azure Garden (Set of 2),Pouches & Wallets,Other,2,20.6,2300.0,7.741099090035366
The Traveller’s Collection: Embossed Leather Wallet - Azure Garden,Pouches & Wallets,Other,1,20.6,1760.0,7.473637108496206
Embossed Leather Spectacle Case - Azure Garden,Pouches & Wallets,Other,1,20.6,990.0,6.898714534329988
The Traveller’s Collection: Embossed Leather Wallet Set - Teal Buti (Set of 2),Pouches & Wallets,Other,2,20.6,2410.0,7.787796878181171
The Traveller’s Collection: Embossed Leather Travel Trio - Teal Buti (Set of 3),Pouches & Wallets,Other,3,20.6,2090.0,7.645397699428633
The Traveller’s Collection: Embossed Leather Travel Duo - Teal Buti (Set of 2),Pouches & Wallets,Other,2,20.6,2300.0,7.741099090035366
The Traveller’s Collection: Embossed Leather Wallet - Teal Buti,Pouches & Wallets,Other,1,20.6,1760.0,7.473637108496206
Embossed Leather Spectacle Case - Teal Buti,Pouches & Wallets,Other,1,20.6,990.0,6.898714534329988
The Traveller’s Collection: Embossed Leather Wallet Set - Forest Flora (Set of 2),Pouches & Wallets,Other,2,20.6,2410.0,7.787796878181171
The Traveller’s Collection: Embossed Leather Travel Duo - Forest Flora (Set of 2),Pouches & Wallets,Other,2,20.6,2300.0,7.741099090035366
Embossed Leather Spectacle Case - Forest Flora,Pouches & Wallets,Other,1,20.6,990.0,6.898714534329988
The Traveller’s Collection: Embossed Leather Wallet - Forest Flora,Pouches & Wallets,Other,1,20.6,1760.0,7.473637108496206
Embossed Leather Travel Set - Forest Flora (Set of 2),Pouches & Wallets,Other,2,20.6,1250.0,7.1316985104669115
The Traveller’s Collection: Embossed Leather Travel Trio - Forest Flora (Set of 3),Pouches & Wallets,Other,3,20.6,2090.0,7.645397699428633
The Traveller’s Collection: Embossed Leather Wallet Set - Emerald Garden (Set of 2),Pouches & Wallets,Other,2,20.6,2410.0,7.787796878181171
The Traveller’s Collection: Embossed Leather Wallet - Emerald Garden,Pouches & Wallets,Other,1,20.6,1760.0,7.473637108496206
Embossed Leather Spectacle Case - Emerald Garden,Pouches & Wallets,Other,1,20.6,990.0,6.898714534329988
The Traveller’s Collection: Embossed Leather Travel Duo - Emerald Garden (Set of 2),Pouches & Wallets,Other,2,20.6,2300.0,7.741099090035366
The Traveller’s Collection: Embossed Leather Travel Trio - Emerald Garden (Set of 3),Pouches & Wallets,Other,3,20.6,2090.0,7.645397699428633
The Traveller’s Collection: Embossed Leather Wallet - Marigold Bloom.,Pouches & Wallets,Other,1,20.6,1760.0,7.473637108496206
The Traveller’s Collection: Embossed Leather Wallet Set - Marigold Bloom,Pouches & Wallets,Other,1,20.6,2410.0,7.787796878181171
The Traveller’s Collection: Embossed Leather Travel Duo - Marigold Bloom (Set of 2),Pouches & Wallets,Other,2,20.6,2300.0,7.741099090035366
The Traveller’s Collection: Embossed Leather Travel Trio - Marigold Bloom (Set of 3).,Pouches & Wallets,Other,3,20.6,2090.0,7.645397699428633
The Traveller’s Collection: Embossed Leather Travel Duo - Blue Flowers (Set of 2),Pouches & Wallets,Other,2,20.6,2300.0,7.741099090035366
The Traveller’s Collection: Embossed Leather Travel Trio - Blue Flowers (Set of 3),Pouches & Wallets,Other,3,20.6,2090.0,7.645397699428633
The Traveller’s Collection: Embossed Leather Travel Set - Blue Flowers (Set of 2),Pouches & Wallets,Other,2,20.6,1250.0,7.1316985104669115
The Traveller’s Collection: Embossed Leather Wallet - Blue Flowers,Pouches & Wallets,Other,1,20.6,1760.0,7.473637108496206
The Traveller’s Collection: Embossed Leather Wallet Set - Blue Flowers (Set of 2).,Pouches & Wallets,Other,2,20.6,2410.0,7.787796878181171
The Traveller’s Collection: Embossed Leather Spectacle Case - Blue Floral.,Pouches & Wallets,Other,1,20.6,990.0,6.898714534329988
Embossed Leather Spectacle Case - Olive Floral,Pouches & Wallets,Other,1,20.6,950.0,6.85751406254539
Embossed Leather Spectacle Case - Blue Floral,Pouches & Wallets,Other,1,20.6,950.0,6.85751406254539
Embossed Leather - Spectacle Case,Pouches & Wallets,Other,1,20.6,950.0,6.85751406254539
Embossed Leather Travel Set - Blue Flora (Set of 2),Pouches & Wallets,Other,2,20.6,1290.0,7.1631723908466425
Embossed Leather Wallet - Indigo Anchors,Pouches & Wallets,Other,1,20.6,1630.0,7.396948602621014
Embossed Leather Travel Set - Indigo Flowers (Set of 2),Pouches & Wallets,Other,2,20.6,1360.0,7.215975002651466
Kashida Pattu Woven Utility Pouch Set - Prism Weave (Set of 2),Pouches & Wallets,Other,2,20.6,1240.0,7.123672785204607
Kashida Pattu Woven Utility Pouch Set - Arrow Lines (Set of 2),Pouches & Wallets,Other,2,20.6,1240.0,7.123672785204607
Kashida Pattu Woven Utility Pouch Set - Diamond Grid (Set of 2),Pouches & Wallets,Other,2,20.6,1240.0,7.123672785204607
Kashida Pattu Woven Utility Pouch Set - Dunes in Red (Set of 2),Pouches & Wallets,Other,2,20.6,1240.0,7.123672785204607
Kashida Pattu Woven Utility Pouch Set - Nomadic Grid (Set of 2),Pouches & Wallets,Other,2,20.6,1240.0,7.123672785204607
Set of 3 Phulkari Coin Pouches - Sunlit Blooms,Pouches & Wallets,Other,3,20.6,1610.0,7.384610383176974
Phulkari Spectacle Case - Teal & Rose,Pouches & Wallets,Other,1,20.6,940.0,6.846943139585379
Phulkari Utility Pouches - Raven & Rosé (Set of Two),Pouches & Wallets,Other,1,20.6,2080.0,7.640603826393634
Embossed Leather Travel Set - Forest Flowers (Set of 2),Pouches & Wallets,Other,2,20.6,1290.0,7.1631723908466425
Embossed Leather Travel Set - Blue Anchor (Set of 2),Pouches & Wallets,Other,2,20.6,1290.0,7.1631723908466425
Embossed Leather Travel Set - Red Flora (Set of 2),Pouches & Wallets,Other,2,20.6,1290.0,7.1631723908466425
Sustainable & Handcrafted. Durable Newspaper & Cork Utility Pouch,Pouches & Wallets,Other,1,20.6,3090.0,8.036249942132116
4-Piece Embossed Leather Travel Set - Anchor,Pouches & Wallets,Other,1,20.6,3370.0,8.12296471523406
Handcrafted Jawaja Leather Wallet,Pouches & Wallets,Other,1,20.6,2320.0,7.749753406274437
Handcrafted Jawaja Leather Wallet - Tan & Yellow,Pouches & Wallets,Other,1,20.6,2380.0,7.7752758464868625
Handcrafted Jawaja Leather Wallet - Tan Brown,Pouches & Wallets,Other,1,20.6,1760.0,7.473637108496206
Handcrafted  Jawaja Leather & Rug Patch Wallet - Pale Grey,Pouches & Wallets,Other,1,20.6,1480.0,7.300472814267799
Handcrafted  Jawaja Leather & Rug Patch Wallet - Indigo Blue,Pouches & Wallets,Other,1,20.6,2380.0,7.7752758464868625
Blue Green Embellished Coin Pouch,Pouches & Wallets,Other,1,20.6,350.0,5.860786223465865
2 toned Embellished Pink Coin Pouch,Pouches & Wallets,Other,1,20.6,350.0,5.860786223465865
Multi Color Phulkari Motif Pouch,Pouches & Wallets,Other,1,20.6,450.0,6.111467339502679
Grey and Pink Long Pouch,Pouches & Wallets,Other,1,20.6,500.0,6.2166061010848646
Fuchsia Orange Square Emb Pouch,Pouches & Wallets,Other,1,20.6,500.0,6.2166061010848646
Handcrafted Leather Clutch / Fold-Out Wallet with Hand Stitch Detail,Pouches & Wallets,Other,1,20.6,1550.0,7.346655163176539
Handcrafted Leather Clutch / Wallet with Hand Stitch Detail,Pouches & Wallets,Other,1,20.6,1550.0,7.346655163176539
Handcrafted Leather Clutch / Wallet with Hand Stitch Detail,Pouches & Wallets,Other,1,20.6,2550.0,7.844240718141811
Handcrafted Leather Clutch / Wallet with Hand Stitch Detail,Pouches & Wallets,Other,1,20.6,2010.0,7.606387389772652
Handcrafted Leather Clutch / Wallet with Hand Stitch Detail,Pouches & Wallets,Other,1,20.6,1850.0,7.523481312573497
Handcrafted Leather Clutch / Wallet with Hand Stitch Detail,Pouches & Wallets,Other,1,20.6,1850.0,7.523481312573497
Handcrafted Leather Clutch / Wallet with Hand Stitch Detail,Pouches & Wallets,Other,1,20.6,1400.0,7.244941546337007
Handcrafted Leather Clutch / Wallet with Hand Stitch Detail,Pouches & Wallets,Other,1,20.6,1400.0,7.244941546337007
Handcrafted Leather Clutch / Wallet with Hand Stitch Detail,Pouches & Wallets,Other,1,20.6,2160.0,7.6783263565068856
Handcrafted Leather Clutch / Wallet with Hand Stitch Detail,Pouches & Wallets,Other,1,20.6,1850.0,7.523481312573497
Embossed Leather - Passport Holders,Pouches & Wallets,Other,1,20.6,1350.0,7.208600337960199
Embossed Leather - Passport Holders,Pouches & Wallets,Other,1,20.6,1500.0,7.313886831633462
Embossed Leather - Passport Holders,Pouches & Wallets,Other,1,20.6,1500.0,7.313886831633462
Embossed Leather - Passport Holders,Pouches & Wallets,Other,1,20.6,1500.0,7.313886831633462
Embossed Leather - Passport Holders,Pouches & Wallets,Other,1,20.6,1500.0,7.313886831633462
Andhra Leather Craft String Puppet - Vamana (Height - 18 inches),Puppets,Other,1,45.72,2540.0,7.840312983320164
Andhra Leather Craft String Puppet - Krishna (Height - 19 inches),Puppets,Other,1,48.26,2540.0,7.840312983320164
Andhra Leather Craft String Puppet - Gokul (Height - 21 inches),Puppets,Other,1,53.34,2540.0,7.840312983320164
Andhra Leather Craft String Puppet - Kurma (Height - 14 inches),Puppets,Other,1,35.56,2350.0,7.762596048540069
Andhra Leather Craft String Puppet - Matsya (Height - 14 inches),Puppets,Other,1,35.56,2350.0,7.762596048540069
Andhra Leather Craft String Puppet - Varaha (Height - 19 inches),Puppets,Other,1,48.26,2540.0,7.840312983320164
Andhra Leather Craft String Puppet - Narasimha (Height - 19 inches),Puppets,Other,1,48.26,2540.0,7.840312983320164
Andhra Leather Craft String Puppet - Hayagriva (Height - 20 inches),Puppets,Other,1,50.8,2540.0,7.840312983320164
Andhra Leather Craft String Puppet - Bhargava Rama (Height - 19 inches),Puppets,Other,1,48.26,2540.0,7.840312983320164
Andhra Leather Craft String Puppet - Shakyamuni (Height - 19 inches),Puppets,Other,1,48.26,2540.0,7.840312983320164
Andhra Leather Craft String Puppet - Raghunandan (Height - 24 inches),Puppets,Other,1,60.96,4100.0,8.31898612539206
Andhra Leather Craft String Puppet - Murali (Height - 24 inches),Puppets,Other,1,60.96,4100.0,8.31898612539206
Andhra Leather Craft String Puppet - Murari (Height - 19 inches),Puppets,Other,1,48.26,2540.0,7.840312983320164
Andhra Leather Craft String Puppet - Maithili (Height - 17 inches),Puppets,Other,1,43.18,2350.0,7.762596048540069
Andhra Leather Craft String Puppet - Vaidehi (Height - 17 inches),Puppets,Other,1,43.18,2350.0,7.762596048540069
Andhra Leather Craft String Puppet - Siya (Height - 17 inches),Puppets,Other,1,43.18,2350.0,7.762596048540069
Andhra Leather Craft String Puppet - Bajrang ((Height - 18 inches),Puppets,Other,1,45.72,2540.0,7.840312983320164
Andhra Leather Craft String Puppet - Anjaneya (Height - 18 inches),Puppets,Other,1,45.72,2540.0,7.840312983320164
Andhra Leather Craft String Puppet - Shri Ram (Height - 18.5 inches),Puppets,Other,1,46.99,2540.0,7.840312983320164
Andhra Leather Craft String Puppet - Lankesh (Height - 19 inches),Puppets,Other,1,48.26,2540.0,7.840312983320164
Andhra Leather Craft String Puppet - Dashanan (Height - 18.5 inches),Puppets,Other,1,46.99,2540.0,7.840312983320164
Andhra Leather Craft String Puppet - Rama Chandra (Height - 18.5 inches),Puppets,Other,1,46.99,2540.0,7.840312983320164
Andhra Leather Craft String Puppet - Raghava (Height - 18 inches),Puppets,Other,1,45.72,2540.0,7.840312983320164
Andhra Leather Craft String Puppet - Janaki (Height - 16 inches),Puppets,Other,1,40.64,2350.0,7.762596048540069
Andhra Leather Craft String Puppet - Kodand Rama (Height - 19 inches),Puppets,Other,1,48.26,2540.0,7.840312983320164
Andhra Leather Craft String Puppet - Mohini (Height - 24 inches),Puppets,Other,1,60.96,4100.0,8.31898612539206
Andhra Leather Craft String Puppet - Vighnaharta (Height - 24 inches),Puppets,Other,1,60.96,4100.0,8.31898612539206
"Andhra Leather Craft String Puppet - Lord Hanuman (24"" x 12"")",Puppets,Other,1,20.6,4980.0,8.513385953073284
"Andhra Leather Craft String Puppet - Lakshman (24"" x 13"")",Puppets,Other,1,20.6,5250.0,8.566173813637858
"Andhra Leather Craft String Puppet - Ganesha (25"" x 14"")",Puppets,Other,1,20.6,4890.0,8.495152060539358
"Andhra Leather Craft String Puppet - Hanuman (15.5"" x 8"")",Puppets,Other,1,20.6,3850.0,8.25608813381491
"Andhra Leather Craft String Puppet - Raavan (18"" x 11"")",Puppets,Other,1,20.6,3980.0,8.289288323000317
"Andhra Leather Craft String Puppet - Radha (16"" x 12"")",Puppets,Other,1,20.6,3850.0,8.25608813381491
"Andhra Leather Craft String Puppet - Lord Ram (16.5"" x 9"")",Puppets,Other,1,20.6,3850.0,8.25608813381491
"Andhra Leather Craft String Puppet - Sri Hanuman (16.5"" x 9"")",Puppets,Other,1,20.6,3850.0,8.25608813381491
"Andhra Leather Craft String Puppet - Sri Ram (23.5"" x 13"")",Puppets,Other,1,20.6,5180.0,8.552753366814787
"Andhra Leather Craft String Puppet - Lakshman (17"" x 9"")",Puppets,Other,1,20.6,3850.0,8.25608813381491
Andhra Leather Painted String Puppet - Horse,Puppets,Other,1,20.6,5250.0,8.566173813637858
Andhra Leather Painted String Puppet - Elephant,Puppets,Other,1,20.6,5650.0,8.639587799629844
Andhra Leather Painted Wall Piece - Long Panel (Floral),Puppets,Other,1,20.6,5850.0,8.674367865788236
"'Teal Forest' Hand Glazed Ceramic Side/Quarter Plates (Set of 6, Hand-Etched, Microwave Safe)",Quarter Plates,Ceramic,6,20.6,2099.0,7.649692623711514
"'Teal Forest' Hand Glazed Ceramic Side/Quarter Plates (Set of 4, Hand-Etched, Microwave Safe)",Quarter Plates,Ceramic,4,20.6,1499.0,7.313220387090301
"ExclusiveLane 'Spring Garden' Ceramic Quarter Plates (Set of 6, Microwave Safe, Handcrafted)",Quarter Plates,Ceramic,6,20.6,2599.0,7.8632667240095735
"ExclusiveLane 'Spring Garden' Ceramic Quarter Plates (Set of 2, Microwave Safe, Handcrafted)",Quarter Plates,Ceramic,2,20.6,999.0,6.907755278982137
"ExclusiveLane 'Spring Garden' Ceramic Quarter Plates (Set of 4, Microwave Safe, Handcrafted)",Quarter Plates,Ceramic,4,20.6,1799.0,7.495541943884256
"'Badamwari Bagheecha' Hand-Painted Ceramic Side/Quarter Plates (Set of 6, Microwave Safe)",Quarter Plates,Ceramic,6,20.6,2399.0,7.783224016336037
"'Californian Sunflowers' Hand-Painted Ceramic Side/Quarter Plates (Set Of 4, 17.8 cm)",Quarter Plates,Ceramic,4,17.8,1699.0,7.438383530044307
"'The Hut Couple' Hand-Painted Ceramic Quarter Plates (17.8 cm, Set Of 4)",Quarter Plates,Ceramic,4,17.8,1649.0,7.408530566894626
"'Peacock Boulevard' Hand-Engraved Ceramic Side/Quarter Plates (Set of 6, Microwave Safe)",Quarter Plates,Ceramic,6,20.6,2029.0,7.615791072035833
"'Californian Sunflowers' Hand-Painted Ceramic Side/Quarter Plates (Set Of 2, 17.8 cm)",Quarter Plates,Ceramic,2,17.8,960.0,6.8679744089702925
"ExclusiveLane 'Mariana Blues' Ceramic Side/Quarter Plates (Set of 4, Microwave Safe, Hand Glazed)",Quarter Plates,Ceramic,4,20.6,1899.0,7.549609165154532
"ExclusiveLane 'Mariana Blues' Ceramic Side/Quarter Plates (Set of 2, Microwave Safe, Hand Glazed)",Quarter Plates,Ceramic,2,20.6,899.0,6.802394763324311
"'The Hut Family' Hand-Painted Ceramic Quarter Plates (17.8 cm, Set Of 6)",Quarter Plates,Ceramic,6,17.8,2249.0,7.718685495198466
"'Mughal Bagheecha' Hand-painted Ceramic Side/Quarter Plates (Set of 6, Microwave Safe)",Quarter Plates,Ceramic,6,20.6,2269.0,7.727535110475448
"ExclusiveLane 'Sage Serenity' Porcelain Quarter Plates (Set of 4, Microwave Safe, Hand Glazed)",Quarter Plates,Other,4,20.6,1649.0,7.408530566894626
"ExclusiveLane 'Sage Serenity' Porcelain Quarter Plates (Set of 6, Microwave Safe, Hand Glazed)",Quarter Plates,Other,6,20.6,2299.0,7.7406644019172415
"ExclusiveLane 'Sage Serenity' Porcelain Quarter Plates (Set of 2, Microwave Safe, Hand Glazed)",Quarter Plates,Other,2,20.6,899.0,6.802394763324311
"ExclusiveLane 'Wheat Serenity' Porcelain Quarter Plates (Set of 4, Microwave Safe, Hand Glazed",Quarter Plates,Other,4,20.6,1699.0,7.438383530044307
"ExclusiveLane 'Wheat Serenity' Porcelain Quarter Plates (Set of 6, Microwave Safe, Hand Glazed)",Quarter Plates,Other,6,20.6,2399.0,7.783224016336037
"ExclusiveLane 'Wheat Serenity' Porcelain Quarter Plates (Set of 2, Microwave Safe, Hand Glazed)",Quarter Plates,Other,2,20.6,1049.0,6.956545443151569
"'Zen Garden' Hand Glazed Ceramic Side/Quarter Plates (Set of 2, Microwave Safe)",Quarter Plates,Ceramic,2,20.6,849.0,6.745236349484363
"'Zen Garden' Hand Glazed Ceramic Side/Quarter Plates (Set of 6, Microwave Safe)",Quarter Plates,Ceramic,6,20.6,2199.0,7.696212639346407
"'Zen Garden' Hand Glazed Ceramic Side/Quarter Plates (Set of 4, Microwave Safe)",Quarter Plates,Ceramic,4,20.6,1499.0,7.313220387090301
"'Coral Reef' Side/Quarter Plates In Ceramic (Hand Glazed Studio Pottery, Microwave Safe)",Quarter Plates,Ceramic,1,20.6,379.0,5.940171252720432
"'Peacock Boulevard' Hand-Engraved Ceramic Side/Quarter Plates (Set of 2, Microwave Safe)",Quarter Plates,Ceramic,2,20.6,679.0,6.522092798170152
"'Peacock Boulevard' Hand-Engraved Ceramic Side/Quarter Plates (Set of 4, Microwave Safe)",Quarter Plates,Ceramic,4,20.6,1349.0,7.2078598714324755
"'The Hut Couple' Hand-Painted Ceramic Quarter Plates (17.8 cm, Set Of 2)",Quarter Plates,Ceramic,2,17.8,949.0,6.856461984594587
"'Badamwari Bagheecha' Hand-Painted Ceramic Side/Quarter Plates (Set of 4, Microwave Safe)",Quarter Plates,Ceramic,4,20.6,1799.0,7.495541943884256
"'Badamwari Bagheecha' Hand-Painted Ceramic Side/Quarter Plates (Set of 2, Microwave Safe)",Quarter Plates,Ceramic,2,20.6,1199.0,7.090076835776092
"'Californian Sunflowers' Hand-Painted Ceramic Side/Quarter Plates (Set Of 6, 17.8 cm)",Quarter Plates,Ceramic,6,17.8,2299.0,7.7406644019172415
"'Carribean Green' Hand Glazed Ceramic Side/Quarter Plates (Set of 6, Microwave Safe, Hand-Etched)",Quarter Plates,Ceramic,6,20.6,2199.0,7.696212639346407
"'Carribean Green' Hand Glazed Ceramic Side/Quarter Plates (Set of 4, Microwave Safe, Hand-Etched)",Quarter Plates,Ceramic,4,20.6,1499.0,7.313220387090301
"'Carribean Green' Hand Glazed Ceramic Side/Quarter Plates (Set of 2, Microwave Safe, Hand-Etched)",Quarter Plates,Ceramic,2,20.6,799.0,6.684611727667927
"'Coral Reef' Side/Quarter Plates In Ceramic (Hand Glazed Studio Pottery, Microwave Safe)",Quarter Plates,Ceramic,1,20.6,379.0,5.940171252720432
"'Mughal Bagheecha' Hand-painted Ceramic Side/Quarter Plates (Set of 4, Microwave Safe)",Quarter Plates,Ceramic,4,20.6,1509.0,7.31986492980897
"'Mughal Bagheecha' Hand-painted Ceramic Side/Quarter Plates (Set of 2, Microwave Safe)",Quarter Plates,Ceramic,2,20.6,759.0,6.633318433280377
"'Radha-Krishna & Peacock' Idol Showpiece Figurine with Diya (1 Wick, 17.5 cm, Golden, Metal, Handcrafted)",Radha-Krishna Idol,Other,1,17.5,619.0,6.429719478039138
"Bhai & Brew' Ceramic Tea & Coffee Mug with Rakhi Set Including Rakhi Roli Rice & Fridge Magnet (300 ml, Microwave Safe, Hand-crafted)",Rakhi Set,Ceramic,1,20.6,449.0,6.1092475827643655
"Threads of Love' Handcrafted Rakhi Set of 3 (Rakhi, Roli Rice, Fridge Magnet, Hand-crafted)",Rakhi Set,Other,3,20.6,299.0,5.703782474656201
"'Elemental' Handcrafted Serving Salad Bowl (24.9 cm, 1200 ml, Acacia Wood)",Salad Bowls,Wood,1,24.9,2499.0,7.824046010856292
"'Floral Chronicles' Handenamelled Serving Salad Bowl (19.8 cm, 700 ml, Mango Wood, Handcrafted)",Salad Bowls,Wood,1,19.8,999.0,6.907755278982137
"'Spiral Carve' Handcrafted Serving Salad Bowl (24.9 cm, 1200 ml, Mango Wood)",Salad Bowls,Wood,1,24.9,1879.0,7.539027055823995
"Honey Hive' Serving Salad Bowl With Salad Servers (20 cm, Mango Wood, Handenamelled)",Salad Bowls,Wood,1,20.0,1799.0,7.495541943884256
"'Peacocks'  Handenamelled Serving Salad Bowl (19.8 cm, 700 ml, Mango Wood, Handcrafted)",Salad Bowls,Wood,1,19.8,889.0,6.7912214627261855
"'Mason Bottle' Glass Salt & Pepper Shakers Set With Iron Holder (Set of 2, 60 ml, Handcrafted)",Salt & Pepper,Iron,2,20.6,599.0,6.396929655216146
"'Mason Bottle' Glass Salt & Pepper Shakers Set In Glass (Set of 2, 60 ml, Handcrafted)",Salt & Pepper,Glass,2,20.6,499.0,6.214608098422191
"'Mason Bottle' Glass Salt & Pepper Shakers Set With Iron Holder (Set of 2, 60 ml, Handcrafted)",Salt & Pepper,Iron,2,20.6,559.0,6.327936783729195
Elegant Salt & Pepper Shaker In Brown,Salt & Pepper,Other,1,20.6,999.0,6.907755278982137
Wooden Elegant Salt & Pepper Shaker In Brown,Salt & Pepper,Wood,1,20.6,999.0,6.907755278982137
"'Wood Forge' Wooden Salt & Pepper Shakers Set With Iron Holder (Set of 2, 45 ml, Handcrafted)",Salt & Pepper,Wood,2,20.6,1169.0,7.064759027791802
'Desert Owl-Jar Pack' Handglazed Salt & Pepper Shaker Set With Toothpick Holder & Tray,Salt & Pepper,Other,1,20.6,1199.0,7.090076835776092
"ExclusiveLane 'Blooming Duo' Ceramic Salt & Pepper Shakers Set (50 ML, Hand-Painted)",Salt & Pepper,Ceramic,1,20.6,479.0,6.173786103901937
"ExclusiveLane 'Bloomy Rabbits' Ceramic Salt & Pepper Shakers Set (50 ML, Hand-Painted)",Salt & Pepper,Ceramic,1,20.6,499.0,6.214608098422191
"'Teal Forest' Handcrafted Salt & Pepper Shakers In Ceramic (Set of 2, 80 ml, Hand-Etched)",Salt & Pepper,Ceramic,2,20.6,499.0,6.214608098422191
'Royal Garnishers' Old Fashioned Martban Ceramic Salt & Pepper Shaker Set With Sheesham Wooden Hand Carved Tray,Salt & Pepper,Wood,1,20.6,999.0,6.907755278982137
Light & Breezy. Sanganeri Kota Doria Saree - Soft Blue Flora,Sarees,Other,1,20.6,2937.0,7.9854843567338225
Sanganeri Hand Block Printed Kota Doria Saree - Pink Flora,Sarees,Other,1,20.6,2937.0,7.9854843567338225
Bengal Weaves. Handwoven Soft Cotton Saree - Sapphire Meadow,Sarees,Cotton,1,20.6,2180.0,7.687538766201629
Bengal Weaves. Handwoven Soft Cotton Saree - Copper Dusk,Sarees,Cotton,1,20.6,2180.0,7.687538766201629
Bengal Weaves. Handwoven Soft Cotton Saree - Mulberry Borders,Sarees,Cotton,1,20.6,2180.0,7.687538766201629
Bengal Weaves. Handwoven Soft Cotton Saree - Rose Grids,Sarees,Cotton,1,20.6,2180.0,7.687538766201629
Bengal Weaves. Handwoven Soft Cotton Saree - Dusty Mocha,Sarees,Cotton,1,20.6,2180.0,7.687538766201629
Bengal Weaves. Handwoven Soft Cotton Saree - Berry Bloom,Sarees,Cotton,1,20.6,2180.0,7.687538766201629
Bengal Weaves. Handwoven Soft Cotton Saree - Misty Taupe,Sarees,Cotton,1,20.6,2180.0,7.687538766201629
Bengal Weaves. Handwoven Soft Cotton Saree - Cocoa Breeze,Sarees,Cotton,1,20.6,2180.0,7.687538766201629
Bengal Weaves. Handwoven Soft Cotton Saree - Ivory Grid,Sarees,Cotton,1,20.6,2180.0,7.687538766201629
Bengal Weaves. Handwoven Soft Cotton Saree - Ruby Rose,Sarees,Cotton,1,20.6,2180.0,7.687538766201629
Bengal Weaves. Handwoven Soft Cotton Saree - Crimson Flow,Sarees,Cotton,1,20.6,2180.0,7.687538766201629
Bengal Weaves. Handwoven Soft Cotton Saree - Coral Radience,Sarees,Cotton,1,20.6,2180.0,7.687538766201629
Bengal Weaves. Handwoven Cotton Saree - Sonar Tuli,Sarees,Cotton,1,20.6,2130.0,7.664346632098617
Bengal Weaves. Handwoven Cotton Saree - Haridra Rekh,Sarees,Cotton,1,20.6,2130.0,7.664346632098617
Bengal Weaves. Handwoven Cotton Saree - Haldi Gatha,Sarees,Cotton,1,20.6,2200.0,7.696667081526462
Bengal Weaves. Handwoven Cotton Saree - Lal Chand,Sarees,Cotton,1,20.6,2160.0,7.6783263565068856
Bengal Weaves. Handwoven Cotton Saree - Chandrima,Sarees,Cotton,1,20.6,2160.0,7.6783263565068856
Bengal Weaves. Handwoven Cotton Saree - Bhor,Sarees,Cotton,1,20.6,2300.0,7.741099090035366
Bengal Weaves. Handwoven Cotton Saree - Lal Chakor,Sarees,Cotton,1,20.6,1880.0,7.53955882930103
Bengal Weaves. Handwoven Cotton Saree - Shakha Pola,Sarees,Cotton,1,20.6,2160.0,7.6783263565068856
Bengal Weaves. Handwoven Cotton Saree - Aam Gulab,Sarees,Cotton,1,20.6,2050.0,7.62608275807238
Bengal Weaves. Handwoven Cotton Saree - Basant Tara,Sarees,Cotton,1,20.6,2130.0,7.664346632098617
Bengal Weaves. Handwoven Cotton Saree - Surajmukhi,Sarees,Cotton,1,20.6,2060.0,7.630946580890459
Bengal Weaves. Handwoven Cotton Saree - Genda Phool,Sarees,Cotton,1,20.6,2160.0,7.6783263565068856
Bengal Weaves. Handwoven Cotton Saree - Lavender Rekha,Sarees,Cotton,1,20.6,1940.0,7.57095858316901
Bengal Weaves. Handwoven Soft Mul Cotton Saree - Pink Parrot,Sarees,Cotton,1,20.6,3780.0,8.237743803890933
Sambalpuri Handwoven Ikat Soft Cotton Saree - Pankhuri,Sarees,Cotton,1,20.6,4210.0,8.345455428161928
Sambalpuri Handwoven Ikat Soft Cotton Saree - Kansa Raag,Sarees,Cotton,1,20.6,4210.0,8.345455428161928
Sambalpuri Handwoven Ikat Soft Cotton Saree - Rudr Megh,Sarees,Cotton,1,20.6,4210.0,8.345455428161928
Sambalpuri Handwoven Ikat Soft Cotton Saree - Man Kasturi,Sarees,Cotton,1,20.6,4210.0,8.345455428161928
Sambalpuri Handwoven Ikat Soft Cotton Saree - Harit Tarang,Sarees,Cotton,1,20.6,4210.0,8.345455428161928
Sambalpuri Handwoven Ikat Soft Cotton Saree - Gul Bhag,Sarees,Cotton,1,20.6,4210.0,8.345455428161928
Sambalpuri Handwoven Ikat Soft Cotton Saree - Aranya Van,Sarees,Cotton,1,20.6,4210.0,8.345455428161928
Sambalpuri Handwoven Ikat Soft Cotton Saree - Phool Bhag,Sarees,Cotton,1,20.6,4210.0,8.345455428161928
Sambalpuri Handwoven Ikat Soft Cotton Saree - Kanak Tarang,Sarees,Cotton,1,20.6,4210.0,8.345455428161928
Sambalpuri Handwoven Ikat Soft Cotton Saree - Neel Nishith,Sarees,Cotton,1,20.6,4210.0,8.345455428161928
Sambalpuri Handwoven Ikat Soft Cotton Saree - Lal Mrinal,Sarees,Cotton,1,20.6,4210.0,8.345455428161928
Sambalpuri Handwoven Ikat Soft Cotton Saree - Indra Neel,Sarees,Cotton,1,20.6,4210.0,8.345455428161928
Sambalpuri Handwoven Ikat Soft Cotton Saree - Neel Megh,Sarees,Cotton,1,20.6,4210.0,8.345455428161928
Bengal Weaves. Handwoven Soft Cotton Saree - Sky Harvest,Sarees,Cotton,1,20.6,3610.0,8.191740021277457
Bengal Weaves. Handwoven Soft Cotton Saree - Monsoon Lime,Sarees,Cotton,1,20.6,3280.0,8.0959035329611
Bengal Weaves. Handwoven Soft Cotton Saree - Ivory Tartan,Sarees,Cotton,1,20.6,3950.0,8.281723990411392
Bengal Weaves. Handwoven Soft Cotton Saree - Rose Mist,Sarees,Cotton,1,20.6,3610.0,8.191740021277457
Bengal Weaves. Handwoven Soft Cotton Saree - Crimson Glow,Sarees,Cotton,1,20.6,2770.0,7.9269635448629785
Bengal Weaves. Handwoven Soft Cotton Saree - Rose Grid,Sarees,Cotton,1,20.6,3610.0,8.191740021277457
Bengal Weaves. Handwoven Soft Cotton Saree - Midnight Ember,Sarees,Cotton,1,20.6,2770.0,7.9269635448629785
Bengal Weaves. Handwoven Soft Cotton Saree - Lagoon Bloom,Sarees,Cotton,1,20.6,2770.0,7.9269635448629785
Bengal Weaves. Handwoven Soft Cotton Saree - Blush Meadow,Sarees,Cotton,1,20.6,2770.0,7.9269635448629785
Bagru Statements: Striking Bagru Hand Block Printed Chanderi Saree - Charcoal Stripes,Sarees,Other,1,20.6,3940.0,8.279189777195004
Bagru Statements: Striking Bagru Hand Block Printed Chanderi Saree - Linear Grids,Sarees,Other,1,20.6,3940.0,8.279189777195004
Bengal Elegance. Handwoven Silk Cotton Saree - Silver Ash,Sarees,Silk,1,20.6,3580.0,8.183397369998433
Bengal Elegance. Handwoven Silk Cotton Saree - Desert Taupe,Sarees,Silk,1,20.6,3940.0,8.279189777195004
Bengal Elegance. Handwoven Tissue & Linen Saree - Golden Bloom,Sarees,Other,1,20.6,4170.0,8.335911094196945
Bengal Elegance. Handwoven Tissue & Linen Saree - Sunlit Amber,Sarees,Other,1,20.6,4170.0,8.335911094196945
Bengal Elegance. Handwoven Tissue & Linen Saree - Golden Sunrise,Sarees,Other,1,20.6,4170.0,8.335911094196945
Bengal Elegance. Handwoven Tissue & Linen Saree - Dusky Bronze,Sarees,Other,1,20.6,4170.0,8.335911094196945
Bengal Elegance. Handwoven Tissue & Linen Saree - Golden Lime,Sarees,Other,1,20.6,4170.0,8.335911094196945
Bengal Elegance. Handwoven Tissue & Linen Saree - Peach Champagne,Sarees,Other,1,20.6,4170.0,8.335911094196945
Bengal Elegance. Handwoven Tissue & Linen Saree - Golden Sunset,Sarees,Other,1,20.6,4170.0,8.335911094196945
Bengal Elegance. Handwoven Tissue & Linen Saree - Golden Sand,Sarees,Other,1,20.6,4170.0,8.335911094196945
Bengal Elegance. Handwoven Tissue & Linen Saree - Soft Cream,Sarees,Other,1,20.6,4170.0,8.335911094196945
Bengal Elegance. Handwoven Tissue & Linen Saree - Ruby Blush,Sarees,Other,1,20.6,4170.0,8.335911094196945
Bengal Elegance. Handwoven Tissue & Linen Saree - Ochre Gold,Sarees,Other,1,20.6,3470.0,8.152198015861787
Bengal Elegance. Handwoven Tissue & Linen Saree - Blue Love,Sarees,Other,1,20.6,4170.0,8.335911094196945
Bengal Elegance. Handwoven Tissue & Linen Saree - Soft Blush,Sarees,Other,1,20.6,4170.0,8.335911094196945
Bengal Elegance. Handwoven Tissue & Linen Saree - Dusky Mauve,Sarees,Other,1,20.6,4170.0,8.335911094196945
Bengal Elegance. Handwoven Tissue & Linen Saree - Mist Blue,Sarees,Other,1,20.6,4170.0,8.335911094196945
Bengal Elegance. Handwoven Tissue & Linen Saree - Sage Reverie,Sarees,Other,1,20.6,4170.0,8.335911094196945
Bengal Elegance. Handwoven Tissue & Linen Saree - Turquoise Soft Gold,Sarees,Other,1,20.6,4170.0,8.335911094196945
Bengal Vibes. Handwoven Linen & Kantha Border Saree - Mulberry Bush,Sarees,Other,1,20.6,4200.0,8.343077871169383
Bengal Vibes. Handwoven Linen & Kantha Border Saree - Muted Grey,Sarees,Other,1,20.6,4200.0,8.343077871169383
Bengal Vibes. Elegant Handwoven Patli Linen Saree - Crimson Drape,Sarees,Other,1,20.6,3870.0,8.261268150577648
Bengal Vibes. Elegant Handwoven Patli  Linen Saree - Midnight Ash,Sarees,Other,1,20.6,3870.0,8.261268150577648
Bengal Vibes. Elegant Handwoven Patli  Linen Saree - Forest Reverie,Sarees,Other,1,20.6,3870.0,8.261268150577648
Bengal Vibes. Elegant Handwoven Linen Saree - Mulberry Patch,Sarees,Other,1,20.6,3870.0,8.261268150577648
Bengal Vibes. Handwoven Jamdani Soft Mul Cotton Saree - Berry Blush,Sarees,Cotton,1,20.6,3820.0,8.2482674474469
Bengal Vibes. Handwoven Jamdani Soft Mul Cotton Saree - Silver Smoke,Sarees,Cotton,1,20.6,3820.0,8.2482674474469
Bengal Vibes. Handwoven Jamdani Soft Mul Cotton Saree - Peacock Green,Sarees,Cotton,1,20.6,3820.0,8.2482674474469
Bengal Vibes. Handwoven Jamdani Soft Mul Cotton Saree - Black and Red,Sarees,Cotton,1,20.6,3820.0,8.2482674474469
Bengal Vibes. Handwoven Jamdani Soft Mul Cotton Saree - Deep Monochrome,Sarees,Cotton,1,20.6,3820.0,8.2482674474469
Bengal Vibes. Handwoven Jamdani Soft Mul Cotton Saree - Vibrant Blush,Sarees,Cotton,1,20.6,3820.0,8.2482674474469
Bengal Vibes. Handwoven Jamdani Soft Mul Cotton Saree - Lime Poetry,Sarees,Cotton,1,20.6,3820.0,8.2482674474469
Bengal Vibes. Handwoven Jamdani Soft Mul Cotton Saree - Grey Whisper,Sarees,Cotton,1,20.6,3820.0,8.2482674474469
Bengal Vibes. Handwoven Jamdani Soft Mul Cotton Saree - Coral Red,Sarees,Cotton,1,20.6,3820.0,8.2482674474469
Ethnic Elegance. Handwoven Pateda Aanchu Cotton Saree - Neela Kattam,Sarees,Cotton,1,20.6,3020.0,8.013343181386672
Ethnic Elegance. Handwoven Pateda Aanchu Cotton Saree - Kaveri Madhura,Sarees,Cotton,1,20.6,3020.0,8.013343181386672
Deccan Elegance. Cotton Blend Ilkal Saree - Baadal,Sarees,Cotton,1,20.6,2010.0,7.606387389772652
Deccan Elegance. Cotton Blend Self Striped Ilkal Lugdi Saree - Karigari Nargund,Sarees,Cotton,1,20.6,2980.0,8.000014093678072
Deccan Elegance. Cotton Blend Self Striped Ilkal Lugdi Saree - Harit Badami,Sarees,Cotton,1,20.6,2980.0,8.000014093678072
Deccan Elegance. Cotton Blend Ilkal Saree - Maati,Sarees,Cotton,1,20.6,2010.0,7.606387389772652
Deccan Elegance. Cotton Blend Self Striped Ilkal Lugdi Saree - Jaswanti,Sarees,Cotton,1,20.6,2980.0,8.000014093678072
Deccan Elegance. Cotton Blend Self Striped Ilkal Lugdi Saree - Neel Devgiri,Sarees,Cotton,1,20.6,2980.0,8.000014093678072
Deccan Elegance. Cotton Blend Ilkal Saree - Sindoori,Sarees,Cotton,1,20.6,2010.0,7.606387389772652
Deccan Elegance. Cotton Blend Ilkal Saree - Chandrabhaga,Sarees,Cotton,1,20.6,2010.0,7.606387389772652
Sambalpuri Handwoven Ikat Soft Cotton Saree - Neel Rekha,Sarees,Cotton,1,20.6,3950.0,8.281723990411392
Sanganer Summers : Hand Block Printed Mul Cotton Saree - Mauve Garden,Sarees,Cotton,1,20.6,2180.0,7.687538766201629
Sanganer Summers : Hand Block Printed Mul Cotton Saree - Minty Blossom Tea,Sarees,Cotton,1,20.6,2180.0,7.687538766201629
Unique Bagru Hand Block Printed Maheshwari Saree - Amra Bagh,Sarees,Other,1,20.6,4210.0,8.345455428161928
Unique Bagru Hand Block Printed Maheshwari Saree - Olives and Tulips,Sarees,Other,1,20.6,4210.0,8.345455428161928
Bagru Statements: Hand Block Printed Maheshwari Saree - Red Statement,Sarees,Other,1,20.6,3700.0,8.216358332386156
Dabu Vibes : Hand Block Printed Chanderi Saree - Mulberry Night,Sarees,Other,1,20.6,3950.0,8.281723990411392
Unique Bagru Hand Block Printed Chanderi Saree - Regal Teal,Sarees,Other,1,20.6,3950.0,8.281723990411392
Sanganer Summers : Hand Block Printed Cotton Saree - Sweet Alyssum,Sarees,Cotton,1,20.6,2520.0,7.83241092718792
Sanganer Summers : Hand Block Printed Kota Doria Saree - Basant Garden,Sarees,Other,1,20.6,2940.0,7.9865049385539955
Sanganer Summers : Hand Block Printed Kota Doria Saree - Baby Blush Pink,Sarees,Other,1,20.6,2940.0,7.9865049385539955
Sanganer Summers : Hand Block Printed Kota Doria Saree - Gulabi Jaal,Sarees,Other,1,20.6,2940.0,7.9865049385539955
Sanganer Summers : Hand Block Printed Kota Doria Saree - Rosy Garden Picnic,Sarees,Other,1,20.6,3020.0,8.013343181386672
Sanganer Summers : Hand Block Printed Chanderi Saree - Ivory Blooms,Sarees,Other,1,20.6,4460.0,8.403128235128264
Dabu Vibes : Hand Block Printed Cotton Saree - Jaamuni Baag,Sarees,Cotton,1,20.6,2520.0,7.83241092718792
Dabu Vibes : Hand Block Printed Cotton Saree - Teal Butis,Sarees,Cotton,1,20.6,2520.0,7.83241092718792
Dabu Vibes : Hand Block Printed Kota Doria Saree - Laal Bindiya,Sarees,Other,1,20.6,2940.0,7.9865049385539955
Dabu Vibes : Hand Block Printed Kota Doria Saree - Purple Hues,Sarees,Other,1,20.6,2940.0,7.9865049385539955
Dabu Vibes : Hand Block Printed Kota Doria Saree - Earthy Taupe,Sarees,Other,1,20.6,2940.0,7.9865049385539955
Dabu Vibes : Hand Block Printed Georgette Saree - Jaamuni Picnic,Sarees,Other,1,20.6,3950.0,8.281723990411392
Dabu Vibes : Hand Block Printed Georgette Saree - Smoke and Charcoal,Sarees,Other,1,20.6,3950.0,8.281723990411392
Bagru Statements : Hand Block printed Silk Kota Doria Saree - Paisley Shrubs,Sarees,Silk,1,20.6,5470.0,8.607216694063826
Bagru Statements : Hand Block Printed Kota Doria Saree - Zariya Baagh,Sarees,Other,1,20.6,2940.0,7.9865049385539955
Bagru Statements : Hand Block Printed Kota Doria Saree - Bold Paisleys,Sarees,Other,1,20.6,2940.0,7.9865049385539955
Bagru Statements : Hand Block Printed Kota Doria Saree - Leher Mitti,Sarees,Terracotta/Clay,1,20.6,2940.0,7.9865049385539955
Bagru Statements : Hand Block Printed Kota Doria Saree - A Palace Courtyard,Sarees,Other,1,20.6,2940.0,7.9865049385539955
Bagru Statements : Hand Block Printed Kota Doria Saree - A Triangle Story,Sarees,Other,1,20.6,3850.0,8.25608813381491
Bagru Statements : Hand Block Printed Kota Doria Saree - Kairi Angan,Sarees,Other,1,20.6,2940.0,7.9865049385539955
Bagru Statements : Hand Block Printed Kota Doria Saree - Palace Noir,Sarees,Other,1,20.6,2940.0,7.9865049385539955
Bagru Statements : Hand Block Printed Kota Doria Saree - Bold Zigzags,Sarees,Other,1,20.6,2940.0,7.9865049385539955
Bagru Statements : Hand Block Printed Kota Doria Saree - Chevron Neutrals,Sarees,Other,1,20.6,2940.0,7.9865049385539955
Bagru Statements : Hand Block Printed Kota Doria Saree - Surkh Resham Hawa,Sarees,Other,1,20.6,2940.0,7.9865049385539955
Bagru Statements : Hand Block Printed Kota Doria Saree - Bagh-e-Rust,Sarees,Other,1,20.6,2940.0,7.9865049385539955
Bagru Statements : Hand Block Printed Kota Doria Saree - Blue Fence,Sarees,Other,1,20.6,2940.0,7.9865049385539955
Bagru Statements : Hand Block Printed Kota Doria Saree - Mitti Riwaayat,Sarees,Terracotta/Clay,1,20.6,2940.0,7.9865049385539955
Bagru Statements : Hand Block Printed Kota Doria Saree - Rust Butis,Sarees,Other,1,20.6,2940.0,7.9865049385539955
Bagru Statements : Hand Block Printed Chanderi Saree - Ivory Shimmer,Sarees,Other,1,20.6,4460.0,8.403128235128264
Ethnic Elegance. Handwoven Pateda Aanchu Saree - Semmani,Sarees,Other,1,20.6,2950.0,7.989899374942939
Ethnic Elegance. Handwoven Pateda Aanchu Saree - Karungani,Sarees,Other,1,20.6,2950.0,7.989899374942939
Dabu Vibes : Hand Block Printed Mul Cotton Saree - Neel Kamal,Sarees,Cotton,1,20.6,2180.0,7.687538766201629
Dabu Vibes : Hand Block Printed Chiffon Saree - Basanti,Sarees,Other,1,20.6,4210.0,8.345455428161928
Dabu Vibes : Hand Block Printed Chiffon Saree - Gulabari,Sarees,Other,1,20.6,4210.0,8.345455428161928
Sanganer Summers : Hand Block Printed Maheshwari Saree - Canary Lawn,Sarees,Other,1,20.6,3860.0,8.258681496264236
Sanganer Summers : Hand Block Printed Kota Doria Saree - Peet Pushpjaal,Sarees,Other,1,20.6,2940.0,7.9865049385539955
Sanganer Summers : Hand Block Printed Chanderi Saree - Cottage Garden,Sarees,Other,1,20.6,3840.0,8.253488028345904
Sanganer Summers : Hand Block Printed Kota Doria Saree - Basant Angan,Sarees,Other,1,20.6,2940.0,7.9865049385539955
Sanganer Summers : Hand Block Printed Maheshwari Saree - Blue Bells,Sarees,Other,1,20.6,3860.0,8.258681496264236
Sanganer Summers : Hand Block Printed Mul Cotton Saree - Fresh Lime Garden,Sarees,Cotton,1,20.6,2940.0,7.9865049385539955
Sanganer Summers : Hand Block Printed Chiffon Saree - Gulnaar,Sarees,Other,1,20.6,4210.0,8.345455428161928
Sanganer Summers : Hand Block Printed Maheshwari Saree - Gulbahar,Sarees,Other,1,20.6,3860.0,8.258681496264236
Bagru Statements : Hand Block Printed Chiffon Saree - Striped Elegance,Sarees,Other,1,20.6,4210.0,8.345455428161928
Bagru Statements : Hand Block Printed Chiffon Saree - Striking Stripes,Sarees,Other,1,20.6,4210.0,8.345455428161928
Sanganer Summers : Hand Block Printed Mul Cotton Saree - Champa aur Buta,Sarees,Cotton,1,20.6,2520.0,7.83241092718792
Sanganer Summers : Hand Block Printed Mul Cotton Saree - Sinduri Bel,Sarees,Cotton,1,20.6,2520.0,7.83241092718792
Sanganer Summers : Hand Block Printed Mul Cotton Saree - Dhusar Neel,Sarees,Cotton,1,20.6,2520.0,7.83241092718792
Sanganer Summers : Hand Block Printed Kota Doria Saree - Gulabi Meadow,Sarees,Other,1,20.6,2940.0,7.9865049385539955
Sanganer Summers : Hand Block Printed Mul Cotton Saree - Aayo Basant,Sarees,Cotton,1,20.6,2520.0,7.83241092718792
Sanganer Summers : Hand Block Printed Chanderi Saree - Blue Garden,Sarees,Other,1,20.6,4460.0,8.403128235128264
Sanganer Summers : Hand Block Printed Chanderi Saree - Gulabi Belvat,Sarees,Other,1,20.6,4460.0,8.403128235128264
Sanganer Summers : Hand Block Printed Kota Doria Saree - Indigo Bouquet,Sarees,Other,1,20.6,2940.0,7.9865049385539955
Sanganer Summers : Hand Block Printed Kota Doria Saree - Indigo Kairi,Sarees,Other,1,20.6,2940.0,7.9865049385539955
Sanganer Summers : Hand Block Printed Kota Doria Saree - Indigo Roses,Sarees,Other,1,20.6,2940.0,7.9865049385539955
Sanganer Summers : Hand Block Printed Kota Doria Saree - Indigo Daisy Field,Sarees,Other,1,20.6,2940.0,7.9865049385539955
Sanganer Summers : Hand Block Printed Kota Doria Saree - Indigo Maple,Sarees,Other,1,20.6,2940.0,7.9865049385539955
Sanganer Summers : Hand Block Printed Kota Doria Saree - Hald Butaangan,Sarees,Other,1,20.6,2940.0,7.9865049385539955
Sanganer Summers : Hand Block Printed Kota Doria Saree - Basant Phoolvan,Sarees,Other,1,20.6,2940.0,7.9865049385539955
Sanganer Summers : Hand Block Printed Kota Doria Saree - Shalimar Bagh,Sarees,Other,1,20.6,2940.0,7.9865049385539955
Sanganer Summers : Hand Block Printed Kota Doria Saree - Jal Butti,Sarees,Other,1,20.6,2940.0,7.9865049385539955
Sanganer Summers : Hand Block Printed Kota Doria Saree - Bel Jarokha,Sarees,Other,1,20.6,2940.0,7.9865049385539955
Sanganer Summers : Hand Block Printed Kota Doria Saree - Turquoise Jaal,Sarees,Other,1,20.6,2940.0,7.9865049385539955
Sanganer Summers : Hand Block Printed Kota Doria Saree - Neel Dhawal,Sarees,Other,1,20.6,2940.0,7.9865049385539955
Dabu Vibes : Hand Block Printed Georgette Saree - Surkh Angoori,Sarees,Other,1,20.6,3950.0,8.281723990411392
Dabu Vibes : Hand Block Printed Georgette Saree - Samudri,Sarees,Other,1,20.6,3950.0,8.281723990411392
Dabu Vibes : Hand Block Printed Georgette Saree - Neele Gagan,Sarees,Other,1,20.6,3950.0,8.281723990411392
Dabu Vibes : Hand Block Printed Georgette Saree - Neel Bel,Sarees,Other,1,20.6,3950.0,8.281723990411392
Dabu Vibes : Hand Block Printed Kota Doria Saree - Meghbel,Sarees,Other,1,20.6,2940.0,7.9865049385539955
Dabu Vibes : Hand Block Printed Kota Doria Saree - Neelrekh,Sarees,Other,1,20.6,2940.0,7.9865049385539955
Dabu Vibes : Hand Block Printed Kota Doria Saree - Gulnaar,Sarees,Other,1,20.6,2940.0,7.9865049385539955
Bagru Statements : Hand Block Printed Modal Silk Saree - Geru Amiya,Sarees,Silk,1,20.6,4290.0,8.364275084991524
Bagru Statements : Hand Block Printed Modal Silk Saree - Lal Buti,Sarees,Silk,1,20.6,4290.0,8.364275084991524
Bagru Statements : Hand Block Printed Modal Silk Saree - Raatrani,Sarees,Silk,1,20.6,4290.0,8.364275084991524
Bagru Statements : Hand Block Printed Modal Silk Saree - Surkh Bela,Sarees,Silk,1,20.6,4290.0,8.364275084991524
Bagru Statements : Hand Block Printed Modal Silk Saree - Peeli Dhara,Sarees,Silk,1,20.6,4290.0,8.364275084991524
Bagru Statements : Hand Block Printed Modal Silk Saree - Maru Kasturi,Sarees,Silk,1,20.6,4290.0,8.364275084991524
Sanganer Summers. Hand Block Printed Chanderi Saree - Mauve Petals,Sarees,Other,1,20.6,3360.0,8.119993827725105
Sanganer Summers. Hand Block Printed Chanderi Saree - Green Florals,Sarees,Other,1,20.6,3360.0,8.119993827725105
Sanganer Summers. Hand Block Printed Maheshwari Silk Cotton Saree - Mauve Florals,Sarees,Silk,1,20.6,3700.0,8.216358332386156
Sanganer Summers. Hand Block Printed Maheshwari Silk Cotton Saree - Pankaja,Sarees,Silk,1,20.6,3700.0,8.216358332386156
Sanganer Summers. Hand Block Printed Mul Cotton Saree - Vanaja,Sarees,Cotton,1,20.6,2180.0,7.687538766201629
Sanganer Summers. Hand Block Printed Maheshwari Silk Cotton Saree - Kusuma,Sarees,Silk,1,20.6,3700.0,8.216358332386156
Sanganer Summers. Hand Block Printed Maheshwari Silk Cotton Saree- Neel Kamalini,Sarees,Silk,1,20.6,3700.0,8.216358332386156
The Rang Tarang Collection : Hand Dyed Leheriya Kota Cotton Saree - Marigold Mehfil,Sarees,Cotton,1,20.6,3310.0,8.105005537547246
The Rang Tarang Collection : Hand Dyed Leheriya Kota Cotton Saree - Rajkumari Rani,Sarees,Cotton,1,20.6,3310.0,8.105005537547246
The Rang Tarang Collection : Hand Dyed Leheriya Kota Cotton Saree - Gulabi Ghoomar,Sarees,Cotton,1,20.6,3310.0,8.105005537547246
The Rang Tarang Collection : Hand Dyed Leheriya Kota Cotton Saree - Neel Sarovar,Sarees,Cotton,1,20.6,3310.0,8.105005537547246
The Rang Tarang Collection : Hand Dyed Leheriya Kota Cotton Saree - Basant Leher,Sarees,Cotton,1,20.6,3310.0,8.105005537547246
The Rang Tarang Collection : Hand Dyed Leheriya Kota Cotton Saree - Sindoor Saanjh,Sarees,Cotton,1,20.6,3310.0,8.105005537547246
Bagru Statements : Hand Block Printed Silk Kota Doria Saree - Sunehri Baag,Sarees,Silk,1,20.6,5470.0,8.607216694063826
Bagru Statements : Hand Block Printed Silk Kota Doria Saree - Kesar Baag,Sarees,Silk,1,20.6,5570.0,8.625329850020815
Sanganer Summers : Hand Block Printed Kota Doria Saree - Harit Vana,Sarees,Other,1,20.6,2860.0,7.95892649305011
Bagru Statements : Hand Block Printed Kota Doria Saree - Rekh Vritta,Sarees,Other,1,20.6,2860.0,7.95892649305011
Bagru Statements : Hand Block Printed Kota Doria Saree - Agni Lahra,Sarees,Other,1,20.6,2860.0,7.95892649305011
Dabu Vibes : Hand Block Printed Kota Doria Saree - Rakta Pushpa,Sarees,Other,1,20.6,2860.0,7.95892649305011
Bagru Statements : Hand Block Printed Kota Doria Saree - Mridu Pallav,Sarees,Other,1,20.6,2860.0,7.95892649305011
Bagru Statements : Hand Block Printed Kota Doria Saree - Aruni Rekha,Sarees,Other,1,20.6,2860.0,7.95892649305011
Bagru Statements : Hand Block Printed Kota Doria Saree - Kusuma Dhara,Sarees,Other,1,20.6,2860.0,7.95892649305011
Bagru Statements : Hand Block Printed Kota Doria Saree - Vanshika,Sarees,Other,1,20.6,2860.0,7.95892649305011
Bagru Statements : Hand Block Printed Kota Doria Saree - Rakta Valli,Sarees,Other,1,20.6,2860.0,7.95892649305011
Bagru Statements : Hand Block Printed Kota Doria Saree - Kusum Rekha,Sarees,Other,1,20.6,2860.0,7.95892649305011
Bagru Statements : Hand Block Printed Kota Doria Saree - Vanshika,Sarees,Other,1,20.6,2860.0,7.95892649305011
Bagru Statements : Hand Block Printed Cotton Saree - Butidar,Sarees,Cotton,1,20.6,2520.0,7.83241092718792
Bagru Statements : Hand Block Printed Cotton Saree - Belrekha,Sarees,Cotton,1,20.6,2520.0,7.83241092718792
Bagru Statements : Hand Block Printed Cotton Saree - Shyam Phooljaal,Sarees,Cotton,1,20.6,2520.0,7.83241092718792
Bagru Statements : Hand Block Printed Cotton Saree - Mridang Jaal,Sarees,Cotton,1,20.6,2520.0,7.83241092718792
Bagru Statements : Hand Block Printed Cotton Saree - Peetambari,Sarees,Cotton,1,20.6,2520.0,7.83241092718792
Bagru Statements : Hand Block Printed Cotton Saree - Kesarika,Sarees,Cotton,1,20.6,2520.0,7.83241092718792
Dabu Vibes : Hand Block Printed Cotton Saree - Rakta Pallavi,Sarees,Cotton,1,20.6,2520.0,7.83241092718792
Bagru Statements : Hand Block Printed Cotton Saree - Mandala Rang,Sarees,Cotton,1,20.6,2520.0,7.83241092718792
Bagru Statements : Hand Block Printed Cotton Saree - Dhara Phool,Sarees,Cotton,1,20.6,2520.0,7.83241092718792
Bagru Statements : Hand Block Printed Cotton Saree - Gerua Rekh,Sarees,Cotton,1,20.6,2520.0,7.83241092718792
Sanganer Summers : Hand Block Printed Chanderi Saree - Pankhudi,Sarees,Other,1,20.6,4460.0,8.403128235128264
Sanganer Summers : Hand Block Printed Chanderi Saree - Gulnaar,Sarees,Other,1,20.6,4460.0,8.403128235128264
Dabu Vibes : Hand Block Printed Chanderi Saree - Neel Buti,Sarees,Other,1,20.6,4460.0,8.403128235128264
Sanganer Summers : Hand Block Printed Chanderi Saree - Gulabi Pushpa,Sarees,Other,1,20.6,4460.0,8.403128235128264
Bagru Statements : Hand Block Printed Chanderi Saree - Neel Tarang,Sarees,Other,1,20.6,4460.0,8.403128235128264
Bagru Statements : Hand Block Printed Chanderi Saree - Pushp Vana,Sarees,Other,1,20.6,4460.0,8.403128235128264
Bagru Statements : Hand Block Printed Chanderi Saree - Maruva Patra,Sarees,Other,1,20.6,4460.0,8.403128235128264
Bagru Statements : Hand Block Printed Chanderi Saree - Rekha Mandala,Sarees,Other,1,20.6,4460.0,8.403128235128264
Bagru Statements : Hand Block Printed Chanderi Saree - Chand Phool Buti,Sarees,Other,1,20.6,4460.0,8.403128235128264
Dabu Vibes : Hand Block Printed Chanderi Saree - Agni Pallav,Sarees,Other,1,20.6,4460.0,8.403128235128264
Bagru Statements : Hand Block Printed Chanderi Saree - Pushpa Jaal,Sarees,Other,1,20.6,4460.0,8.403128235128264
Bagru Statements : Hand Block Printed Chanderi Saree - Rajrekha,Sarees,Other,1,20.6,4460.0,8.403128235128264
Summer Florals. Sanganeri Block Printed Chanderi Saree - Blue Flora,Sarees,Other,1,20.6,3800.0,8.24301946898925
Soft Bengal Handwoven & Kantha Stitch Khadi  Cotton Saree - Warm Orange,Sarees,Cotton,1,20.6,4323.0,8.371936178759098
Bagru Block Printed  Maheshwari Saree - Floret Bloom (With Blouse Piece),Sarees,Other,1,20.6,3399.0,8.131530710604252
Light & Breezy. Sanganeri Kota Doria Saree - Fresh Green Flora,Sarees,Other,1,20.6,2670.0,7.890208213109961
Bagru Block Printed Georgette Saree - Leaf Grace (With Blouse Piece),Sarees,Other,1,20.6,2970.0,7.9966538754626075
Bagru Block Printed Georgette Saree - Maroon & White,Sarees,Other,1,20.6,3030.0,8.016647877057803
Bagru Block Printed Georgette Saree - Leaf & Floret (With Blouse Piece),Sarees,Other,1,20.6,3660.0,8.205491613120236
Classic Elegance. Bagru Block Printed Kota Silk Doria Saree - Brick Red Florets,Sarees,Silk,1,20.6,4870.0,8.491054533806542
Summer Classics. Bagru Block Printed Mulmul Cotton Saree - Beige & Black Florets,Sarees,Cotton,1,20.6,2420.0,7.791935956938058
Exclusive Kota Chanderi. Bagru Hand Block Printed Saree - Beige Flora,Sarees,Other,1,20.6,3773.0,8.235890725928495
Soft & Flowing Bagru Block Printed Modal Silk Saree - Black Ambi (With Blouse Piece),Sarees,Silk,1,20.6,3640.0,8.200013648175434
Dabu Block Printed Chanderi Saree - Green Geometrics,Sarees,Other,1,20.6,3971.0,8.287025025165063
Bagru Statements. Hand Block Printed Mul Cotton Saree - Beige Florets,Sarees,Cotton,1,20.6,2475.0,7.814399633804487
Bagru Statements. Hand Block Printed Mul Cotton Saree - Ochre Flora,Sarees,Cotton,1,20.6,2475.0,7.814399633804487
Light & Breezy. Sanganeri Hand Block Printed Kota Doria - Floral Blue,Sarees,Other,1,20.6,2816.0,7.943427767876373
Chanderi Elegance. Bagru Hand Block Printed Saree - Deep Red Florets,Sarees,Other,1,20.6,4455.0,8.40200678160712
Light & Breezy. Sanganeri Kota Doria Saree - Blue Flora,Sarees,Other,1,20.6,2670.0,7.890208213109961
Exclusive Handwoven Bengal Linen Jamdani Saree - Sondhya Tara,Sarees,Other,1,20.6,4520.0,8.416488487294606
Exclusive Handwoven Bengal Linen Jamdani Saree - Vaarija,Sarees,Other,1,20.6,4520.0,8.416488487294606
Exclusive Handwoven Bengal Linen Jamdani Saree - Kanaka Dhara,Sarees,Other,1,20.6,4520.0,8.416488487294606
Exclusive Handwoven Bengal Linen Jamdani Saree - Gulab Veena,Sarees,Other,1,20.6,4520.0,8.416488487294606
Exclusive Handwoven Bengal Linen Jamdani Saree - Aarunya Raga,Sarees,Other,1,20.6,4520.0,8.416488487294606
Exclusive Handwoven Bengal Linen Jamdani Saree - Meghrekha,Sarees,Other,1,20.6,4520.0,8.416488487294606
Soft & Light. Handwoven Bengal Cotton Saree - Garden Noir,Sarees,Cotton,1,20.6,3580.0,8.183397369998433
Soft & Light. Handwoven Bengal Cotton Saree - Ashleaf,Sarees,Cotton,1,20.6,3580.0,8.183397369998433
Soft & Light. Handwoven Bengal Cotton Saree - Inkrose,Sarees,Cotton,1,20.6,3580.0,8.183397369998433
Soft & Light. Handwoven Bengal Cotton Saree - Charcoal Mustard,Sarees,Cotton,1,20.6,3580.0,8.183397369998433
Soft & Light. Handwoven Bengal Cotton Saree - Citrine Haze,Sarees,Cotton,1,20.6,3580.0,8.183397369998433
Soft & Light. Handwoven Bengal Cotton Saree - Maroon Reverie,Sarees,Cotton,1,20.6,3580.0,8.183397369998433
Soft & Light. Handwoven Bengal Cotton Saree - Cerulean Mood,Sarees,Cotton,1,20.6,3580.0,8.183397369998433
Exclusive Soft Handwoven Bengal Cotton Jamdani Saree - Classic Dots,Sarees,Cotton,1,20.6,3580.0,8.183397369998433
Exclusive Soft Handwoven Bengal Cotton Jamdani Saree - Midnight Pixel,Sarees,Cotton,1,20.6,4520.0,8.416488487294606
Exclusive Soft Handwoven Bengal Cotton Jamdani Saree - Celadon Veil,Sarees,Cotton,1,20.6,5150.0,8.546946149565585
Exclusive Soft Handwoven Bengal Cotton Jamdani Saree - Pakher Bhor,Sarees,Cotton,1,20.6,5150.0,8.546946149565585
Soft & Light. Handwoven Bengal Cotton Saree - Pistamora,Sarees,Cotton,1,20.6,3580.0,8.183397369998433
Soft & Light. Handwoven Bengal Cotton Saree - Megh,Sarees,Cotton,1,20.6,3580.0,8.183397369998433
Exclusive Soft Handwoven Bengal Cotton Jamdani Saree - Pakhipath,Sarees,Cotton,1,20.6,5150.0,8.546946149565585
Soft & Light. Handwoven Bengal Cotton Saree - Binyas,Sarees,Cotton,1,20.6,3580.0,8.183397369998433
Soft & Light. Handwoven Bengal Cotton Saree - Rose Tones,Sarees,Cotton,1,20.6,3580.0,8.183397369998433
Soft & Light. Handwoven Bengal Cotton Saree - Gulabsi,Sarees,Cotton,1,20.6,3580.0,8.183397369998433
Soft & Light. Handwoven Bengal Cotton Saree - Pink Elegance,Sarees,Cotton,1,20.6,3880.0,8.263848131368906
Exclusive Soft Handwoven Bengal Cotton Jamdani Saree - Blue Raga,Sarees,Cotton,1,20.6,5150.0,8.546946149565585
Exclusive Soft Handwoven Bengal Cotton Jamdani Saree - White Flora,Sarees,Cotton,1,20.6,5150.0,8.546946149565585
Exclusive Soft Handwoven Bengal Cotton Jamdani Saree - Forest Tales,Sarees,Cotton,1,20.6,5150.0,8.546946149565585
Soft & Light. Handwoven Bengal Cotton Saree - Nishir Bindu,Sarees,Cotton,1,20.6,3580.0,8.183397369998433
Soft & Light. Handwoven Bengal Cotton Saree - Raat Baheli,Sarees,Cotton,1,20.6,3580.0,8.183397369998433
Soft & Light. Handwoven Bengal Cotton Saree - Rang Dhara,Sarees,Cotton,1,20.6,3580.0,8.183397369998433
Elegant Kantha Embroidered Handwoven Bengal Linen Saree - Twilight Draft,Sarees,Other,1,20.6,4210.0,8.345455428161928
Elegant Kantha Embroidered Handwoven Bengal Linen Saree - Smokeleaf,Sarees,Other,1,20.6,4210.0,8.345455428161928
Elegant Kantha Embroidered Handwoven Bengal Linen Saree - Blue Elegance,Sarees,Other,1,20.6,4210.0,8.345455428161928
Soft & Light. Handwoven Bengal Cotton Saree - Crimson Touch,Sarees,Cotton,1,20.6,4210.0,8.345455428161928
Soft & Light. Handwoven Bengal Cotton Saree - Hearts,Sarees,Cotton,1,20.6,3580.0,8.183397369998433
Exclusive Soft Handwoven Bengal Cotton Jamdani Saree - Charuneer,Sarees,Cotton,1,20.6,5150.0,8.546946149565585
Soft & Light. Handwoven Bengal Cotton Saree - Classic Hues,Sarees,Cotton,1,20.6,3580.0,8.183397369998433
Stunning Elegance. Handwoven Bengal Linen Saree - Indigo Drape,Sarees,Other,1,20.6,3500.0,8.160803920954665
Stunning Elegance. Handwoven Bengal Linen Saree - Scarlet Drape,Sarees,Other,1,20.6,3500.0,8.160803920954665
Elegant Handwoven Bengal Linen Saree - Mint Moods,Sarees,Other,1,20.6,3500.0,8.160803920954665
Soft & Light Handwoven Bengal Khadi Cotton Saree - Monochrome Moods,Sarees,Cotton,1,20.6,3740.0,8.227108234348146
Elegant Handwoven Bengal Linen Saree - Charcoal Dusk,Sarees,Other,1,20.6,3500.0,8.160803920954665
Soft & Light. Handwoven Bengal Cotton Saree - Cream Elegance,Sarees,Cotton,1,20.6,3580.0,8.183397369998433
Soft & Light. Handwoven Bengal Cotton Saree - Grey Elegance,Sarees,Cotton,1,20.6,3580.0,8.183397369998433
Soft & Light. Handwoven Bengal Cotton Saree - Dhaara,Sarees,Cotton,1,20.6,3580.0,8.183397369998433
Soft & Light. Handwoven Bengal Cotton Saree - Gentle Slate,Sarees,Cotton,1,20.6,3580.0,8.183397369998433
Deccan Elegance. Maharashtrian Small Checks Lugadi Saree - TaraChitra,Sarees,Other,1,20.6,2480.0,7.816416983691801
Ethnic Elegance. Handwoven Pateda Aanchu Saree - Kurunji,Sarees,Other,1,20.6,2480.0,7.816416983691801
Exclusive Kota Chanderi. Bagru Hand Block Printed Saree - Beige Jaal,Sarees,Other,1,20.6,2816.0,7.943427767876373
Bagru Hand Block Printed Kota Doria Saree - Deep Red Paisley,Sarees,Other,1,20.6,2890.0,7.969357742016346
Dabu Hand Block Printed Mul Cotton Saree - Indigo Flora,Sarees,Cotton,1,20.6,2540.0,7.840312983320164
Dabu Hand Block Printed Mul Cotton Saree - Blue Flora,Sarees,Cotton,1,20.6,2540.0,7.840312983320164
Dabu Hand Block Printed Mul Cotton Saree - Grey Flora,Sarees,Cotton,1,20.6,2540.0,7.840312983320164
Dabu Hand Block Printed Mul Cotton Saree - Brown Florets,Sarees,Cotton,1,20.6,2540.0,7.840312983320164
Dabu Hand Block Printed Kota Doria Saree - Maroon Geometric,Sarees,Other,1,20.6,2890.0,7.969357742016346
Dabu Hand Block Printed Kota Doria Saree - Maroon Ornate Flora,Sarees,Other,1,20.6,2890.0,7.969357742016346
Bagru Statements. Hand Block Printed Mul Cotton Saree - Beige Flora,Sarees,Cotton,1,20.6,2475.0,7.814399633804487
Bagru Statements. Hand Block Printed Mul Cotton Saree - Brick Floret,Sarees,Cotton,1,20.6,2475.0,7.814399633804487
Bagru Statements. Hand Block Printed Mul Cotton Saree - Brick Ornate,Sarees,Cotton,1,20.6,2475.0,7.814399633804487
Bagru Statements. Hand Block Printed Mul Cotton Saree - Cream Leaf,Sarees,Cotton,1,20.6,2475.0,7.814399633804487
Bagru Statements. Hand Block Printed Mul Cotton Saree - Brick Flora,Sarees,Cotton,1,20.6,2475.0,7.814399633804487
Sanganer Statements. Hand Block Printed Mul Cotton Saree - Green Flora,Sarees,Cotton,1,20.6,2475.0,7.814399633804487
Cotton Appeal. Dabu Hand Block Printed Mul Cotton Saree - Red Flora,Sarees,Cotton,1,20.6,2475.0,7.814399633804487
Cotton Appeal. Dabu Hand Block Printed Mul Cotton Saree- Purple Florets,Sarees,Cotton,1,20.6,2475.0,7.814399633804487
Cotton Appeal. Dabu Hand Block Printed Mul Cotton Saree - Green Leaf,Sarees,Cotton,1,20.6,2475.0,7.814399633804487
Sanganer Statements. Hand Block Printed Mul Cotton Saree - White Flora,Sarees,Cotton,1,20.6,2475.0,7.814399633804487
Sanganer Statements. Hand Block Printed Mul Cotton Saree - Peach Flora,Sarees,Cotton,1,20.6,2475.0,7.814399633804487
Sanganer Statements. Hand Block Printed Mul Cotton Saree - Pretty Pink,Sarees,Cotton,1,20.6,2475.0,7.814399633804487
Bagru Statements. Hand Block Printed Mul Cotton Saree - Black Buds,Sarees,Cotton,1,20.6,2475.0,7.814399633804487
Bagru Statements. Hand Block Printed Mul Cotton Saree - Red Ornate,Sarees,Cotton,1,20.6,2475.0,7.814399633804487
Cotton Appeal. Dabu Hand Block Printed Mul Cotton Saree - Dot & Stripes,Sarees,Cotton,1,20.6,2475.0,7.814399633804487
Cotton Appeal. Dabu Hand Block Printed Mul Cotton Saree - Blue Checks,Sarees,Cotton,1,20.6,2475.0,7.814399633804487
Cotton Appeal. Dabu Hand Block Printed Mul Cotton Saree - Blue Polka,Sarees,Cotton,1,20.6,2475.0,7.814399633804487
Chanderi Elegance. Bagru Hand Block Printed Saree  - Geometrics,Sarees,Other,1,20.6,4455.0,8.40200678160712
Light & Breezy. Sanganeri Hand Block Printed Kota Doria - Soft Blue Flora,Sarees,Other,1,20.6,2816.0,7.943427767876373
Light & Breezy. Sanganeri Hand Block Printed Kota Doria - White Summer,Sarees,Other,1,20.6,2816.0,7.943427767876373
Light & Breezy Bagru Hand Block Printed Kota Doria Saree - Red Flora,Sarees,Other,1,20.6,2816.0,7.943427767876373
Light & Breezy. Sanganeri Hand Block Printed Kota Doria - Ice Blue Flora,Sarees,Other,1,20.6,2816.0,7.943427767876373
Light & Breezy. Sanganeri Hand Block Printed Kota Doria - Black Floral,Sarees,Other,1,20.6,2816.0,7.943427767876373
Light & Breezy Dabu Hand Block Printed Kota Doria - Blue Floral,Sarees,Other,1,20.6,2816.0,7.943427767876373
Light & Breezy Dabu Hand Block Printed Kota Doria - Blue Flowers,Sarees,Other,1,20.6,2816.0,7.943427767876373
Light & Breezy Dabu Hand Block Printed Kota Doria - Blue Daisy,Sarees,Other,1,20.6,2816.0,7.943427767876373
Light & Breezy Bagru Hand Block Printed Kota Doria Saree - Red Zigzags,Sarees,Other,1,20.6,3080.0,8.033009498596668
Light & Breezy Bagru Hand Block Printed Kota Doria Saree - Beige Ornate,Sarees,Other,1,20.6,2816.0,7.943427767876373
Light & Breezy. Sanganeri Hand Block Printed Kota Doria - Pink Florets,Sarees,Other,1,20.6,2816.0,7.943427767876373
Light & Breezy Dabu Hand Block Printed Kota Doria - Firozi,Sarees,Other,1,20.6,2816.0,7.943427767876373
Light & Breezy. Sanganeri Hand Block Printed Kota Doria - Summer Flora,Sarees,Other,1,20.6,2816.0,7.943427767876373
Light & Breezy. Sanganeri Hand Block Printed Kota Doria - Pink Flora,Sarees,Other,1,20.6,2816.0,7.943427767876373
Light & Breezy. Sanganeri Hand Block Printed Kota Doria - Mauve Flora,Sarees,Other,1,20.6,2816.0,7.943427767876373
Light & Breezy. Sanganeri Hand Block Printed Kota Doria - Peach Flora,Sarees,Other,1,20.6,2816.0,7.943427767876373
Light & Breezy Bagru Hand Block Printed Kota Doria Saree - Black Zigzags,Sarees,Other,1,20.6,2816.0,7.943427767876373
Light & Breezy. Sanganeri Hand Block Printed Kota Doria - Green Flora,Sarees,Other,1,20.6,2816.0,7.943427767876373
Light & Breezy Dabu Hand Block Printed Kota Doria - Pink Appeal,Sarees,Other,1,20.6,2816.0,7.943427767876373
Light & Breezy. Sanganeri Hand Block Printed Kota Doria - Yellow Flora,Sarees,Other,1,20.6,2816.0,7.943427767876373
Light & Breezy. Sanganeri Hand Block Printed Kota Doria - Blue Flora,Sarees,Other,1,20.6,2816.0,7.943427767876373
Exclusive Kota Chanderi. Bagru Hand Block Printed Saree - Red Paisley,Sarees,Other,1,20.6,3773.0,8.235890725928495
Handwoven Elegance. Exclusive Linen Jamdani Saree - Red & Cream,Sarees,Other,1,20.6,4420.0,8.394121193826242
Handwoven Elegance. Exclusive Linen Jamdani Saree - Emerald Beauty,Sarees,Other,1,20.6,4420.0,8.394121193826242
Handwoven Elegance. Exclusive Linen Jamdani Saree - Black Appeal,Sarees,Other,1,20.6,3800.0,8.24301946898925
Handwoven Elegance. Exclusive Linen Patli  Saree - Earth Tones,Sarees,Other,1,20.6,3330.0,8.11102783819368
Handwoven Elegance. Exclusive Linen Kantha Patli Saree - Earth Tones,Sarees,Other,1,20.6,3910.0,8.271548374755515
Handwoven Elegance. Exclusive Linen Kantha Patli Saree - Ocean Tones,Sarees,Other,1,20.6,4301.0,8.366835309827675
Sheer Elegance.  Exclusive Handwoven Resham Silk Saree - Pale Green,Sarees,Silk,1,20.6,5750.0,8.657129031713755
Handwoven Elegance. Exclusive Linen Jamdani Saree - Black Beauty,Sarees,Other,1,20.6,4420.0,8.394121193826242
Classic Appeal. Bagru Hand Block Printed Kota Doria Saree - Red Leaf,Sarees,Other,1,20.6,2937.0,7.9854843567338225
Classic Appeal. Bagru Hand Block Printed Modal Silk Saree - Red Paisleys,Sarees,Silk,1,20.6,4147.0,8.330381569349418
Dabu Hand Block Printed Chanderi Saree - Blue Flora,Sarees,Other,1,20.6,4664.0,8.447843113281444
Classic Appeal. Bagru Hand Block Printed Mul Cotton Saree - Bold Stripes,Sarees,Cotton,1,20.6,2772.0,7.927685045615778
Classic Appeal. Bagru Hand Block Printed Mul Cotton Saree - Black Leaf,Sarees,Cotton,1,20.6,2508.0,7.827639546366422
Classic Appeal. Bagru Hand Block Printed Mul Cotton Saree - Vibrant Flora,Sarees,Cotton,1,20.6,2508.0,7.827639546366422
Sanganeri Hand Block Printed Kota Doria Saree - Ocean Moods,Sarees,Other,1,20.6,2937.0,7.9854843567338225
Sanganeri Hand Block Printed Chanderi Saree - Pretty Florals,Sarees,Other,1,20.6,4664.0,8.447843113281444
Classic Appeal. Bagru Hand Block Printed Kota Doria Saree - Florets,Sarees,Other,1,20.6,2670.0,7.890208213109961
Classic Appeal. Bagru Hand Block Printed Kota Doria Saree - Red Ornate,Sarees,Other,1,20.6,2937.0,7.9854843567338225
Classic Appeal. Bagru Hand Block Printed Kota Doria Saree - Black Florets,Sarees,Other,1,20.6,3250.0,8.086717920303906
Classic Appeal. Bagru Hand Block Printed Kota Doria Saree - Black Ornate,Sarees,Other,1,20.6,2670.0,7.890208213109961
Summer Moods. Dabu Block Printed Maheshwari Saree - Blue & Yellow Daisies,Sarees,Other,1,20.6,4235.0,8.351374706721296
Summer Classics. Dabu Block Printed Cotton Saree - Warm Blue Leaves,Sarees,Cotton,1,20.6,2420.0,7.791935956938058
Classic Elegance. Bagru Block Printed Kota Silk Doria Saree - Yellow Paisleys,Sarees,Silk,1,20.6,5357.0,8.586346050104554
Summer Moods. Bagru Block Printed Kota Doria Saree - Black Floral,Sarees,Other,1,20.6,2670.0,7.890208213109961
Summer Moods. Bagru Block Printed Kota Doria Saree - Mosaic,Sarees,Other,1,20.6,2937.0,7.9854843567338225
Summer Moods. Sanganeri Mulmul Cotton Saree - White & Blue Floral,Sarees,Cotton,1,20.6,2420.0,7.791935956938058
Light & Breezy. Sanganeri Kota Doria Saree - Soft Green Flora,Sarees,Other,1,20.6,2770.0,7.9269635448629785
Summer Florals. Sanganeri Block Printed Chanderi Saree - Floral Green,Sarees,Other,1,20.6,4080.0,8.314097335405807
Soft Bengal Handwoven Linen Checked Saree - Red & Gold,Sarees,Other,1,20.6,5600.0,8.630700432209832
"Summer Breeze - Lehariya, Georgette Blend & Gota Saree - Magenta (With Blouse Piece)",Sarees,Other,1,20.6,1850.0,7.523481312573497
"Summer Breeze - Lehariya, Georgette Blend & Gota Saree - Deep Pink (With Blouse Piece)",Sarees,Other,1,20.6,1850.0,7.523481312573497
"Summer Breeze - Lehariya, Georgette Blend & Gota Saree - Grey & Pink (With Blouse Piece)",Sarees,Other,1,20.6,1850.0,7.523481312573497
"Summer Breeze - Lehariya, Georgette & Gota Saree - Teal Blue (With Blouse Piece)",Sarees,Other,1,20.6,1850.0,7.523481312573497
"Summer Breeze - Lehariya, Georgette Blend & Gota Saree - Yellow (With Blouse Piece)",Sarees,Other,1,20.6,1850.0,7.523481312573497
Light & Cool. Bagru Block Printed Kota Doria Saree - Blooming Buds  (Without Blouse Piece),Sarees,Other,1,20.6,2670.0,7.890208213109961
Dabu Block Printed Chanderi Saree - Leaf (With Blouse Piece),Sarees,Other,1,20.6,3946.0,8.280711075662847
Stunning Beauty. Pure Linen Handwoven Jamdani Saree - Deep Pink & Gold (With Blouse Piece),Sarees,Other,1,20.6,4790.0,8.474494436883122
Stunning Beauty. Pure Linen Handwoven Jamdani Saree - Vibrant Red & Gold (With Blouse Piece),Sarees,Other,1,20.6,4790.0,8.474494436883122
"Stunning Beauty. Pure Linen Handwoven Jamdani Saree - White, Black & Gold (With Blouse Piece)",Sarees,Other,1,20.6,5460.0,8.605387202152153
Stunning Beauty. Pure Linen Handwoven Jamdani Saree - Deep Green (With Blouse Piece),Sarees,Other,1,20.6,5730.0,8.653645314551737
Soft & Striking. Pure Handwoven Linen Saree (With Blouse Piece) - Royal Blue Elegance,Sarees,Other,1,20.6,3240.0,8.083637203141548
Soft & Graceful. Pure Handwoven Khadi Cotton Saree (With Blouse Piece) - Royal Blue,Sarees,Cotton,1,20.6,3870.0,8.261268150577648
Khurja Pottery Decorative and Servingware - Mehfil Serve (Set of 3),Serveware,Ceramic,3,20.6,3340.0,8.114025442356757
Khurja Pottery Decorative and Servingware - Heritage Pourer Pair (Set of 2),Serveware,Ceramic,2,20.6,1920.0,7.560601162768557
Khurja Pottery Decorative and Servingware  - Goblet Pair (Set of 2),Serveware,Ceramic,2,20.6,1490.0,7.307202314764738
Khurja Pottery Decorative and Servingware - Midnight Bloom Ewer,Serveware,Ceramic,1,20.6,2150.0,7.67368812926773
Jaipur Blue Pottery Servingware - Beetle and Whale Trio Platters (Set of 3),Serveware,Ceramic,3,20.6,3520.0,8.166500319155052
Jaipur Blue Pottery Servingware - Whale Duo Platters (Set of 2),Serveware,Ceramic,2,20.6,2540.0,7.840312983320164
Jaipur Blue Pottery Servingware - Indigo Lattice Storage Jar,Serveware,Ceramic,1,20.6,3240.0,8.083637203141548
Jaipur Blue Pottery Servingware - Indigo Vine Serving Bowl,Serveware,Ceramic,1,20.6,3990.0,8.291797105048733
Jaipur Blue Pottery Servingware - Floral Vine Serving Bowl,Serveware,Ceramic,1,20.6,3990.0,8.291797105048733
Jaipur Blue Pottery Servingware - Piscine Duo Serving Dish (Set of 2),Serveware,Ceramic,2,20.6,1500.0,7.313886831633462
Jaipur Blue Pottery Servingware - Persian Garden Serving Plate,Serveware,Ceramic,1,20.6,3050.0,8.02322468471667
Jaipur Blue Pottery Servingware - Lotus Bloom Serving Plate,Serveware,Ceramic,1,20.6,2850.0,7.955425088912672
Shell Craft Cutlery: Dessert Spoons - Coral Elegance (Set of 4),Serveware,Other,4,20.6,1190.0,7.0825485693553
Shell Craft Cutlery: Salad Spoons - Conch Cut (Set of 2),Serveware,Other,2,20.6,1710.0,7.444833273892193
Coconut Craft Dessert Bowls & Spoons Set - Sweet Soiree (Set of 6),Serveware,Other,6,20.6,2290.0,7.736743682453495
Jaipur Blue Pottery Small Dessert & Snack Plates - Blue Garden (Set of 3),Serveware,Ceramic,3,20.6,1270.0,7.147559271189454
Jaipur Blue Pottery Coffee Mugs - Eclectic Mix (Set of 3),Serveware,Ceramic,3,20.6,2010.0,7.606387389772652
Jaipur Blue Pottery Small Dessert & Snack Plates - Indigo Lemons (Set of 6),Serveware,Ceramic,6,20.6,2110.0,7.65491704784832
Jaipur Blue Pottery Oval Serving Plates - Yellow Sunflowers (Set of 2),Serveware,Ceramic,2,20.6,2280.0,7.732369222284388
Jaipur Blue Pottery Serving Dishes / Trays - Royal Blue Rectangles (Set of 2),Serveware,Ceramic,2,20.6,1980.0,7.591357046698551
Jaipur Blue Pottery Small Nut Bowls - Soft Blue Floral (Set of 3),Serveware,Ceramic,3,20.6,1860.0,7.528869256642251
Jaipur Blue Pottery Serving Plate - Lemon Flowers,Serveware,Ceramic,1,20.6,1400.0,7.244941546337007
Vibrant Patua Art Handpainted Glasses - Machli Glasses (Set of 3),Serveware,Glass,3,20.6,1340.0,7.201170883281678
Jaipur Ceramic Blue Pottery Mugs (Set of 2) - Yellow Floral,Serveware,Ceramic,2,20.6,1370.0,7.223295679562314
Jaipur Ceramic Blue Pottery Mugs (Set of 2) - Turquoise Blue Floral,Serveware,Ceramic,2,20.6,1370.0,7.223295679562314
"Tambat Handbeaten Copper Bowls, Large (Set of 2)",Serveware,Other,2,20.6,1140.0,7.039660349862076
Tambat Handbeaten Copper Vati Bowls (Set of 2),Serveware,Other,2,20.6,1475.0,7.297091005160418
Tambat Handbeaten Copper Tumblers (Set of 2),Serveware,Other,2,20.6,1590.0,7.372118028337787
Tambat Handbeaten Copper Vati Bowls (Set of 6),Serveware,Other,6,20.6,2950.0,7.989899374942939
Tambat Handbeaten Copper Water Carafe,Serveware,Other,1,20.6,3230.0,8.080546965824498
The India Craft House Coconut Shell Wooden Tea Cups (Set of 6),Serveware,Wood,6,20.6,1810.0,7.501634457883413
Coconut Craft Dessert Serving Bowls & Spoons (Set 6),Serveware,Other,1,20.6,2380.0,7.7752758464868625
Coconut Craft Tea Cups (Set of 6),Serveware,Other,6,20.6,1810.0,7.501634457883413
Coconut Serving Bowls and Spoons - (Set of 6),Serveware,Other,6,20.6,1440.0,7.273092595999522
Coconut Serving Bowls and Spoons - (Set of 6),Serveware,Other,6,20.6,1440.0,7.273092595999522
Shell Craft Salad Spoons - (Set of 2),Serveware,Other,2,20.6,1050.0,6.957497370876951
Shell Craft Salad Spoons With Wooden Handles - (Set of 2),Serveware,Wood,2,20.6,1050.0,6.957497370876951
Shell Craft Salad Spoons With Wooden Handles - (Set of 2),Serveware,Wood,2,20.6,1050.0,6.957497370876951
Coconut Craft - Salad  Spoon (Set of 2),Serveware,Other,2,20.6,440.0,6.089044875446846
"ExclusiveLane 'Forest Canopy' Ceramic Serving Bowls (Set of 2, 570 ML, Microwave Safe, Hand Glazed)",Serving Bowls,Ceramic,2,20.6,999.0,6.907755278982137
"'Forest Canopy' Ceramic Serving Bowls (Set of 4, 570 ML, Microwave Safe, Hand Glazed)",Serving Bowls,Ceramic,4,20.6,1699.0,7.438383530044307
"'Mandala Duo' Hand Glazed Ceramic Serving Bowls (Set of 2, 440 ml, Microwave Safe)",Serving Bowls,Ceramic,2,20.6,649.0,6.476972362889683
"'Mandala Duo' Hand Glazed Ceramic Serving Bowls (Set of 2, 440 ml, Microwave Safe)",Serving Bowls,Ceramic,2,20.6,649.0,6.476972362889683
"'Petal Duet' Hand Painted Ceramic Serving Bowls (Set of 2, 440 ml, Microwave Safe)",Serving Bowls,Ceramic,2,20.6,649.0,6.476972362889683
"'Petal Duet' Hand Painted Ceramic Serving Bowls (Set of 2, 440 ml, Microwave Safe)",Serving Bowls,Ceramic,2,20.6,649.0,6.476972362889683
'The Hut Curved Serving' Hand-Painted Ceramic Bowls (Set Of 2),Serving Bowls,Ceramic,2,20.6,875.0,6.775366090936392
'The Hut Curved Serving' Hand-Painted Ceramic Bowls (Set Of 4),Serving Bowls,Ceramic,4,20.6,1675.0,7.424165281042028
"'Sage Ribbed' Hand Glazed Ceramic Serving Bowls (Set of 4, 480 ml, Microwave Safe)",Serving Bowls,Ceramic,4,20.6,999.0,6.907755278982137
"'Sage Ribbed' Hand Glazed Ceramic Serving Bowls (Set of 2, 480 ml, Microwave Safe)",Serving Bowls,Ceramic,2,20.6,549.0,6.309918278226516
"Orange Orchard' Ceramic Serving Bowls (Set of 4, Hand-Painted, 500 ml Each)",Serving Bowls,Ceramic,4,20.6,949.0,6.856461984594587
"Orange Orchard' Ceramic Serving Bowls (Set of 2 , Hand-Painted, 500 ml Each)",Serving Bowls,Ceramic,2,20.6,620.0,6.431331081933479
"ExclusiveLane 'Forest Canopy' Ceramic Serving Bowls (Set of 4, 370 ML, Microwave Safe, Hand Glazed)",Serving Bowls,Ceramic,4,20.6,999.0,6.907755278982137
"ExclusiveLane 'Forest Canopy' Ceramic Serving Bowls (Set of 2, 370 ML, Microwave Safe, Hand Glazed)",Serving Bowls,Ceramic,2,20.6,749.0,6.620073206530356
"'Indigo Baagh' Wooden Serving Bowls (Set of 2, 720 ml Each, Hand-Enameled)",Serving Bowls,Wood,2,20.6,1499.0,7.313220387090301
"ExclusiveLane 'Spring Garden' Ceramic Serving/Snack Bowls (Set of 2, 420 ML, Microwave Safe, Handcrafted)",Serving Bowls,Ceramic,2,20.6,1599.0,7.3777589082278725
"'Spring Garden' Ceramic Serving/Snack Bowls (Set of 4, 420 ML, Microwave Safe, Handcrafted)",Serving Bowls,Ceramic,4,20.6,2299.0,7.7406644019172415
"ExclusiveLane 'Hibiscus Bowls' Ceramic Serving/Snack Bowls (Set Of 2, 360 ML, Hand-Embossed)",Serving Bowls,Ceramic,2,20.6,989.0,6.897704943128636
"'Hibiscus Bowls' Ceramic Serving/Snack Bowls (Set Of 4, 360 ML, Hand-Embossed)",Serving Bowls,Ceramic,4,20.6,1799.0,7.495541943884256
"'Indigo Baagh' Wooden Serving Bowl (720 ml, Hand-Enameled)",Serving Bowls,Wood,1,20.6,849.0,6.745236349484363
"'The Blue Hues' Ceramic Serving/Snack Bowls (Set of 2, 680 ML, Hand-Glazed)",Serving Bowls,Ceramic,2,20.6,999.0,6.907755278982137
"'Green Flower Bowls' Ceramic Serving/Snack Bowls (Set Of 4, 830 ML, Hand-Embossed)",Serving Bowls,Ceramic,4,20.6,2099.0,7.649692623711514
"'Indigo Chevron' Hand-painted Ceramic Serving Bowls (Set of 4, 380 ML, Microwave Safe)",Serving Bowls,Ceramic,4,20.6,1699.0,7.438383530044307
'Two Mediterranean Bowls' Handpainted Serving Bowls In Ceramic (Set Of 4),Serving Bowls,Ceramic,4,20.6,1535.0,7.336936913707618
"'Mariana Blues' Ceramic Serving/Snack Bowls (Set Of 4, 570 ML, Microwave Safe, Hand Glazed)",Serving Bowls,Ceramic,4,20.6,1875.0,7.53689712956617
"'Mariana Blues' Ceramic Serving/Snack Bowls (Set Of 4, 550 ML, Microwave Safe, Hand Glazed)",Serving Bowls,Ceramic,4,20.6,1699.0,7.438383530044307
"'Forest Canopy' Ceramic Serving Bowls (Set of 4, 550 ML, Microwave Safe, Hand Glazed)",Serving Bowls,Ceramic,4,20.6,1699.0,7.438383530044307
"'Earthy set' Ceramic Serving/Snack Bowls (Set Of 4, 510 ML, Hand-Embossed)",Serving Bowls,Ceramic,4,20.6,899.0,6.802394763324311
"ExclusiveLane 'Mariana Blues' Ceramic Serving/Snack Bowls (Set Of 4, 420 ML, Microwave Safe, Hand Glazed)",Serving Bowls,Ceramic,4,20.6,1435.0,7.269616749608169
'Two Mediterranean Bowls' Handpainted Serving Bowls In Ceramic (Set Of 2),Serving Bowls,Ceramic,2,20.6,999.0,6.907755278982137
"'The Hut' Hand-Painted Ceramic Serving Bowls With Wooden Tray (Set of 2, 260 ml)",Serving Bowls,Wood,2,20.6,1599.0,7.3777589082278725
Moroccan Floral' Hand-painted Studio Pottery Serving Bowls In Ceramic (Set of 2 | Microwave Safe),Serving Bowls,Ceramic,2,20.6,619.0,6.429719478039138
'Simply Ethnic' Hand-Painted Round Shaped Bowls In Wood (Set Of 3),Serving Bowls,Wood,3,20.6,1089.0,6.993932975223189
Peacock Boulevard' Hand-Engraved Ceramic Serving Bowls (Set of 2 | 480 ML | Microwave Safe),Serving Bowls,Ceramic,2,20.6,709.0,6.565264970035361
"'Mughal Floral' Hand-painted Ceramic Serving Bowl  (560 ML, Microwave Safe)",Serving Bowls,Ceramic,1,20.6,639.0,6.461468176353717
Daawat-e-Taj' Handcrafted Ceramic Serving Bowls (Set of 2 | 580 ml | Microwave Safe),Serving Bowls,Ceramic,2,20.6,639.0,6.461468176353717
Arabian Nights' Hand-Painted Ceramic Serving Bowls (Set of 2 | 230 ML | Microwave Safe),Serving Bowls,Ceramic,2,20.6,639.0,6.461468176353717
"'Badamwari Bagheecha-2' Hand-painted Large Ceramic Dinner Serving Bowl (Set of 1, 720 ML, Microwave Safe)",Serving Bowls,Ceramic,1,20.6,809.0,6.697034247666484
Badamwari Bagheecha' Hand-Painted Large Ceramic Dinner Serving Bowls (Set of 2 | 400 ML | Microwave Safe),Serving Bowls,Ceramic,2,20.6,1069.0,6.975413927455952
"'Californian Sunflowers' Hand-Painted Ceramic Serving Bowls (Set of 2, 400 ML)",Serving Bowls,Ceramic,2,20.6,699.0,6.551080335043404
"ExclusiveLane 'Sage Serenity' Porcelain Serving/Snack Bowls (680 ML, Microwave Safe, Hand Glazed)",Serving Bowls,Other,1,20.6,999.0,6.907755278982137
"ExclusiveLane 'Forest Canopy' Ceramic Serving Bowls (Set of 2, 550 ML, Microwave Safe, Hand Glazed)",Serving Bowls,Ceramic,2,20.6,899.0,6.802394763324311
"ExclusiveLane 'Green Flower Bowls' Ceramic Serving/Snack Bowls (Set Of 2, 830 ML, Hand-Embossed)",Serving Bowls,Ceramic,2,20.6,1139.0,7.038783541388542
"ExclusiveLane 'Ripple Blooms' Ceramic Serving/Snack Bowls (Set Of 4, 360 ML, Hand-Embossed)",Serving Bowls,Ceramic,4,20.6,1149.0,7.047517221357296
"ExclusiveLane 'Mariana Blues' Ceramic Serving/Snack Bowls (Set Of 2, 550 ML, Microwave Safe, Hand Glazed)",Serving Bowls,Ceramic,2,20.6,899.0,6.802394763324311
"ExclusiveLane 'Mariana Blues' Ceramic Serving/Snack Bowls (Set Of 2, 420 ML, Microwave Safe, Hand Glazed)",Serving Bowls,Ceramic,2,20.6,699.0,6.551080335043404
"ExclusiveLane 'Mariana Blues' Ceramic Serving/Snack Bowls (Set Of 2, 570 ML, Microwave Safe, Hand Glazed)",Serving Bowls,Ceramic,2,20.6,999.0,6.907755278982137
'The Hut Handled Bowls'' Hand-Painted Ceramic Bowls (Set Of 2),Serving Bowls,Ceramic,2,20.6,875.0,6.775366090936392
The Hut Handled Bowls Hand-Painted Ceramic Bowls (Set Of 4),Serving Bowls,Ceramic,4,20.6,1740.0,7.462214939768189
"ExclusiveLane 'Earthy set' Ceramic Serving/Snack Bowls (Set Of 2, 510 ML, Hand-Embossed)",Serving Bowls,Ceramic,2,20.6,619.0,6.429719478039138
"ExclusiveLane 'Cream Dawn Porcelain Serving/Snack Bowls (740 ML, Microwave Safe, Hand Glazed)",Serving Bowls,Other,1,20.6,1149.0,7.047517221357296
"ExclusiveLane 'Wheat Serenity' Porcelain Serving/Snack Bowls (Set Of 2, 650 ML, Microwave Safe, Hand Glazed)",Serving Bowls,Other,2,20.6,1299.0,7.170119543449628
"'Indigo Chevron' Hand-painted Ceramic Serving Bowls (Set of 2, 380 ML, Microwave Safe)",Serving Bowls,Ceramic,2,20.6,619.0,6.429719478039138
Coral Reef' Serving Bowls In Ceramic (Set of 2 | 250 ML | Hand Glazed Studio Pottery | Microwave Safe),Serving Bowls,Ceramic,2,20.6,439.0,6.0867747269123065
"'Zen Garden' Hand Glazed Ceramic Serving Bowls (Set of 2, 300 ml, Microwave Safe)",Serving Bowls,Ceramic,2,20.6,999.0,6.907755278982137
"'Caribbean Green' Hand Glazed Ceramic Serving Bowl (1410 ml, Hand-Etched, Microwave Safe)",Serving Bowls,Ceramic,1,20.6,789.0,6.672032945461067
"'Mughal Floral' Hand-painted Ceramic Serving Bowls (Set of 2, 520 ML, Microwave Safe)",Serving Bowls,Ceramic,2,20.6,979.0,6.887552571664617
"'Seashell' Ceramic Serving Platter (Microwave Safe, 27.9 cm, Hand-Glazed)",Serving Platter,Ceramic,1,27.9,1099.0,7.003065458786462
"'Indigo Baagh' Wooden Serving Platter (30.2 cm, Hand-Enameled)",Serving Platter,Wood,1,30.2,1299.0,7.170119543449628
Rustic Sunflower' Hand Glazed Serving Platters In Ceramic (Set of 2 | 25.4 cm | Microwave Safe),Serving Platter,Ceramic,2,25.4,1799.0,7.495541943884256
Daawat-e-Taj' Handcrafted Ceramic Snacks Serving Platters (Small) (Set of 2 | Microwave Safe),Serving Platter,Ceramic,2,20.6,569.0,6.345636360828596
"'Badamwari Bagheecha-2' Hand-painted Ceramic Serving Platter (Set of 1, Microwave Safe)",Serving Platter,Ceramic,1,20.6,1059.0,6.966024187106113
Coral Reef' Serving Platters In Ceramic (Set of 2 | Hand Glazed Studio Pottery | Microwave Safe),Serving Platter,Ceramic,2,20.6,1959.0,7.580699752224563
Coral Reef' Serving Platter In Ceramic (Hand Glazed Studio Pottery | Microwave Safe),Serving Platter,Ceramic,1,20.6,979.0,6.887552571664617
"ExclusiveLane 'Sage Serenity' Porcelain Serving Platter (Microwave Safe, Hand Glazed)",Serving Platter,Other,1,20.6,699.0,6.551080335043404
"ExclusiveLane 'Sage Serenity' Porcelain Serving Platter (Microwave Safe, Hand Glazed)",Serving Platter,Other,1,20.6,999.0,6.907755278982137
"ExclusiveLane 'Sage Serenity' Porcelain Serving Platters (Set of 2, 390 ML, Microwave Safe, Hand Glazed)",Serving Platter,Other,2,20.6,1899.0,7.549609165154532
"ExclusiveLane 'Wheat Serenity' Porcelain Serving Platters (Set of 2, Microwave Safe, Hand Glazed)",Serving Platter,Other,2,20.6,1299.0,7.170119543449628
"ExclusiveLane 'Wheat Serenity' Porcelain Serving Platter (Set of 1, Microwave Safe, Hand Glazed)",Serving Platter,Other,1,20.6,799.0,6.684611727667927
"ExclusiveLane 'Wheat Serenity' Porcelain Serving Platter (Set of 1, 320 ML, Microwave Safe, Hand Glazed)",Serving Platter,Other,1,20.6,1199.0,7.090076835776092
Red Chevrons' Hand-Painted Ceramic Serving Platters (Set Of 4 | Microwave Safe),Serving Platter,Ceramic,4,20.6,1869.0,7.533693709848633
Red Chevrons' Hand-Painted Ceramic Serving Platters (Set Of 2 | Microwave Safe),Serving Platter,Ceramic,2,20.6,939.0,6.84587987526405
"'Indigo Baagh' Round Wooden Serving Tray (34.1 cm, Hand-Enameled)",Serving Tray,Wood,1,34.1,1499.0,7.313220387090301
"Peacock Courtyard' Rectangular Wooden Serving Tray (30.5 cm, Enamel coated waterproof surface, Gold Engraving)",Serving Trays,Wood,1,30.5,949.0,6.856461984594587
"Mughal Courtyard' Rectangular Wooden Serving Tray (30.5 cm, Enamel coated waterproof surface)",Serving Trays,Wood,1,30.5,949.0,6.856461984594587
"Maharani's Courtyard' Round Wooden Serving Tray (30.0 cm, Enamel coated waterproof surface)",Serving Trays,Wood,1,30.0,1099.0,7.003065458786462
"Peacock Courtyard' Round Wooden Serving Tray (30.0 cm, Enamel coated waterproof surface, Gold Engraving)",Serving Trays,Wood,1,30.0,1099.0,7.003065458786462
"Mughal Courtyard' Round Wooden Serving Tray (30.0 cm, Enamel coated waterproof surface)",Serving Trays,Wood,1,30.0,1099.0,7.003065458786462
'Paints & Planks' Warli Hand-Painted Tray In Sheesham Wood,Serving Trays,Wood,1,20.6,1299.0,7.170119543449628
'Flock Of Birds' Decorative Serving Tray In Mango Wood (Hand-Painted),Serving Trays,Wood,1,20.6,1549.0,7.346010209913293
'Ethereal Elephants' Hand-Carved Serving Tray In Sheesham Wood,Serving Trays,Wood,1,20.6,1499.0,7.313220387090301
'Woodland Wonders' Handcrafted Serving Tray With Cylindrical Handles In Mango & Sheesham Wood,Serving Trays,Wood,1,20.6,1429.0,7.265429723253953
Handcrafted Brass Jewelry Set - Lily Strand (Set of Two),Sets,Brass,1,20.6,1660.0,7.415175109613295
Handcrafted Brass Jewelry Set - Molten Geometry (Set of Two),Sets,Brass,1,20.6,1520.0,7.327123292259293
Pure Silver Traditional Maharashtrian Set - Tanmani Set,Sets,Other,1,20.6,67170.0,11.114996885748722
Pure Silver Traditional Maharashtrian Set - Putli Haar,Sets,Other,1,20.6,21750.0,9.987415012471414
Pure Silver Traditional Maharashtrian Neckpiece - Javmani Saaz,Sets,Other,1,20.6,25240.0,10.136224935521659
Pure Silver Traditional Maharashtrian Set - Javmani Saaz,Sets,Other,1,20.6,25240.0,10.136224935521659
Pure Silver Traditional Maharashtrian Neckpiece - Belpan,Sets,Other,1,20.6,32230.0,10.38068400132164
Pure Silver Traditional Maharashtrian Set - Chitak,Sets,Other,1,20.6,35730.0,10.483773938311225
Pure Silver Traditional Maharashtrian  Set - Golman,Sets,Other,1,20.6,37820.0,10.540619782899379
Pure Silver Traditional Maharashtrian Long  Neckpiece - Zondhale Poth (6 Strings),Sets,Other,1,20.6,39220.0,10.576967596620598
Pure Silver Traditional Maharashtrian  Set - Mohanmala,Sets,Other,1,20.6,67170.0,11.114996885748722
"'Shankh Chakra Namah' Handcarved Religious Brass Showpiece Idol (Hand-Etched, 21.8 cm, 1.22 kg)",Shankh Balaji Idol,Brass,1,21.8,2999.0,8.006367567650246
Ultra Soft & Light Mul Cotton Dabu Hand Block Printed Shirt - Indigo Aztec,Shirts,Cotton,1,20.6,1660.0,7.415175109613295
Organic Kala Cotton Shirt - Teal Statement,Shirts,Cotton,1,20.6,2660.0,7.886457270977689
Dabu Hand Block Printed Cotton Shirt - Green Fields,Shirts,Cotton,1,20.6,1650.0,7.409136443920128
Organic Kala Cotton Shirt - Summer Blue,Shirts,Cotton,1,20.6,2660.0,7.886457270977689
Ultra Soft & Light Mul Cotton Dabu Hand Block Printed Shirt - Indigo Zigzags,Shirts,Cotton,1,20.6,1660.0,7.415175109613295
Dabu Hand Block Printed Cotton Shirt - Lavender Summer,Shirts,Cotton,1,20.6,1590.0,7.372118028337787
Organic Kala Cotton Shirt - Cream Summer,Shirts,Cotton,1,20.6,2890.0,7.969357742016346
Organic Kala Cotton Shirt - Summer Wine,Shirts,Cotton,1,20.6,2660.0,7.886457270977689
Dabu Hand Block Printed Cotton Shirt - Indigo Vines,Shirts,Cotton,1,20.6,1590.0,7.372118028337787
Dabu Hand Block Printed Cotton Shirt - Indigo Birds,Shirts,Cotton,1,20.6,1590.0,7.372118028337787
Ultra Soft &amp; Light Mul Cotton Dabu Hand Block Printed Shirt - Indigo Jaal,Shirts,Cotton,1,20.6,1590.0,7.372118028337787
Organic Kala Cotton Shirt - Olive Mood,Shirts,Cotton,1,20.6,2660.0,7.886457270977689
Ikat Hand Woven Soft Cotton Shirt - Indi Blue,Shirts,Cotton,1,20.6,1750.0,7.467942332285852
Organic Kala Cotton Shirt - Off White,Shirts,Cotton,1,20.6,2890.0,7.969357742016346
Organic Kala Cotton Shirt - Black,Shirts,Cotton,1,20.6,2890.0,7.969357742016346
Organic Kala Cotton Shirt - Dull Khakhi,Shirts,Cotton,1,20.6,2890.0,7.969357742016346
"'Shivling with Sheshnaag' Handcarved Showpiece Brass Idol Figurine (Hand-Etched, 15.2 cm, 1.18 kg)",Shivling Idol,Brass,1,15.2,3299.0,8.101677747454572
Vankatha Shot Glasses Set of 2 (30 ml each),Shot Glasses Set of 2 (30 ml each),Glass,2,20.6,595.0,6.39024066706535
"'Indigo Baagh' Wooden Side Table (40 cm, Hand-Enameled)",Side Table,Wood,1,40.0,2299.0,7.7406644019172415
Signature Pen Stand,Signature Elephant,Other,1,20.6,195.0,5.278114659230517
Signature Elephant Coffee Mug 300 ml (Yellow With Orange Border),Signature Elephant,Other,1,20.6,300.0,5.707110264748875
Signature Elephant Trunk Up Coffee Mug 300 ml,Signature Elephant,Other,1,20.6,300.0,5.707110264748875
Handwoven Kashida Pattu Sling Bag - Black Hood,Sling Bags & Totes,Other,1,20.6,1770.0,7.479299637782834
Handwoven Kashida Pattu Sling Bag - Red Vibrance,Sling Bags & Totes,Other,1,20.6,1770.0,7.479299637782834
Handcrafted Lambani Potli Sling Bag - Cheela,Sling Bags & Totes,Other,1,20.6,2870.0,7.962415680121064
Handcrafted Lambani Potli Sling Bag - Nomads,Sling Bags & Totes,Other,1,20.6,2870.0,7.962415680121064
Handcrafted Lambani Potli Sling Bag - Wanderlust,Sling Bags & Totes,Other,1,20.6,2870.0,7.962415680121064
Handcrafted Lambani Potli Sling Bag - Vibrance,Sling Bags & Totes,Other,1,20.6,2870.0,7.962415680121064
Handcrafted Lambani Potli Sling Bag- Sanchi,Sling Bags & Totes,Other,1,20.6,2320.0,7.749753406274437
Handcrafted Lambani Potli Sling Bag - Colour Hues,Sling Bags & Totes,Other,1,20.6,2320.0,7.749753406274437
Handcrafted Lambani Potli Sling Bag - Medley,Sling Bags & Totes,Other,1,20.6,2320.0,7.749753406274437
Handcrafted Lambani Potli Sling Bag - Nomadic,Sling Bags & Totes,Other,1,20.6,2320.0,7.749753406274437
Handcrafted Lambani Potli Sling Bag - Banjara,Sling Bags & Totes,Other,1,20.6,2320.0,7.749753406274437
Handcrafted Lambani Potli Sling Bag - Nomad vibe,Sling Bags & Totes,Other,1,20.6,2320.0,7.749753406274437
Handwoven Cotton Backpack & Sling Bag  - Indigo florals,Sling Bags & Totes,Cotton,1,20.6,2740.0,7.916078096302786
4-Piece Embossed Leather Travel Set - Flora,Sling Bags & Totes,Other,1,20.6,3160.0,8.058643712215618
Phulkari Tote Bag - Sunset Medley,Sling Bags & Totes,Other,1,20.6,2450.0,7.804251383528112
Handwoven Jute Laptop Bag,Sling Bags & Totes,Jute,1,20.6,3550.0,8.174984532943087
All purpose handwoven Jute Bag,Sling Bags & Totes,Jute,1,20.6,2460.0,7.8083230503910555
Boho Chic Jute Tote with Braided Accents,Sling Bags & Totes,Jute,1,20.6,2360.0,7.766840537085513
Handcrafted Jawaja Leather Tote with Patch,Sling Bags & Totes,Other,1,20.6,4200.0,8.343077871169383
Handcrafted Jawaja Leather Sling Bag with Buckle,Sling Bags & Totes,Other,1,20.6,3410.0,8.134760782418645
Jawaja Leather Bag with Contrasting Stitches,Sling Bags & Totes,Other,1,20.6,3080.0,8.033009498596668
Handcrafted Jawaja Leather Sling Bag with Hand Stitch Detail - Green,Sling Bags & Totes,Other,1,20.6,3390.0,8.128880142125638
Handcrafted Jawaja Leather Bag with Hand Stitch Detail,Sling Bags & Totes,Other,1,20.6,1990.0,7.596392304064196
Handcrafted Jawaja Leather Tote Bag with Rug Patch - Yellow,Sling Bags & Totes,Other,1,20.6,4730.0,8.461891875631148
Handcrafted Jawaja Leather Tote Bag with Rug Patch - Brown,Sling Bags & Totes,Other,1,20.6,4730.0,8.461891875631148
Handcrafted Jawaja Leather Tote Bag with Rug Patch - Green,Sling Bags & Totes,Other,1,20.6,4730.0,8.461891875631148
Handcrafted Jawaja Leather Sling Bag with Rug Patch - Brown & Grey,Sling Bags & Totes,Other,1,20.6,3980.0,8.289288323000317
Handcrafted Jawaja Leather Tote Bag with Rug Patch - Brown & Pale Yellow,Sling Bags & Totes,Other,1,20.6,4090.0,8.316544717929398
Handcrafted Jawaja Leather Tote Bag with Rug Patch - Green,Sling Bags & Totes,Other,1,20.6,4090.0,8.316544717929398
Handcrafted Jawaja Leather Sling Bag with Rug Patch - Yellow,Sling Bags & Totes,Other,1,20.6,3800.0,8.24301946898925
Handcrafted Jawaja Leather Sling Bag with Rug Patch - Deep Green & Grey,Sling Bags & Totes,Other,1,20.6,3800.0,8.24301946898925
Handcrafted Jawaja Leather Sling Bag with Rug Patch - Indigo & Yellow,Sling Bags & Totes,Other,1,20.6,3800.0,8.24301946898925
Handcrafted Jawaja Leather Sling Bag with Rug Patch - Deep Green & Grey,Sling Bags & Totes,Other,1,20.6,3800.0,8.24301946898925
Handcrafted Jawaja Leather Bag with Hand Stitch Detail,Sling Bags & Totes,Other,1,20.6,3850.0,8.25608813381491
Large Jute Utility Tote Bag With Fabric Trimmings - Braid,Sling Bags & Totes,Jute,1,20.6,2510.0,7.828436359157585
Leather & Fabric Sling Bag -  Camel & Beige,Sling Bags & Totes,Other,1,20.6,3080.0,8.033009498596668
Hand knotted Macrame Small Hand Clutch - Beige,Sling Bags & Totes,Other,1,20.6,2090.0,7.645397699428633
Hand knotted Macrame Round Hand Bag - Beige,Sling Bags & Totes,Other,1,20.6,1700.0,7.438971592395862
Hand knotted Macrame Square Hand Bag - Beige,Sling Bags & Totes,Other,1,20.6,1770.0,7.479299637782834
Hand knotted Macrame Semicircular Sling Bag - Blue & Yellow,Sling Bags & Totes,Other,1,20.6,2560.0,7.848153086199526
Hand knotted Macrame Broad Sling Bag - Beige,Sling Bags & Totes,Other,1,20.6,2090.0,7.645397699428633
Hand knotted Macrame Round Sling Bag - Crimson,Sling Bags & Totes,Other,1,20.6,1660.0,7.415175109613295
Hand knotted Macrame String Sling - Off-White,Sling Bags & Totes,Other,1,20.6,1770.0,7.479299637782834
Hand knotted Macrame String Sling -  Black & Beige,Sling Bags & Totes,Other,1,20.6,1850.0,7.523481312573497
Handknotted Crochet Small Hand Bag - Ivory,Sling Bags & Totes,Other,1,20.6,1790.0,7.490529402060711
Handknotted Crochet Utility Pouch - Ivory,Sling Bags & Totes,Other,1,20.6,2010.0,7.606387389772652
Handknotted Crochet Sling Bag  With Flap - Beige,Sling Bags & Totes,Other,1,20.6,1890.0,7.544861068658458
"Handknotted Macrame Fringe Sling Bag - Round, Ivory",Sling Bags & Totes,Other,1,20.6,1690.0,7.43307534889858
"Handknotted Crochet Sling Bag - Round, Ivory",Sling Bags & Totes,Other,1,20.6,1460.0,7.2868764117507
Handknotted Crochet Sling Bag - Warm Red,Sling Bags & Totes,Other,1,20.6,2160.0,7.6783263565068856
"Handknotted Crochet Tote Bag - Round, White & Yellow",Sling Bags & Totes,Other,1,20.6,2970.0,7.9966538754626075
Handknotted Macrame Tote Bag - Yellow,Sling Bags & Totes,Other,1,20.6,4690.0,8.453401058328458
Handcrafted Sabai Grass Tote / Utility Bag - Chocolate Brown & Beige,Sling Bags & Totes,Other,1,20.6,1360.0,7.215975002651466
Handcrafted Sabai Grass Utility Bag - (Small) - Blue & Beige,Sling Bags & Totes,Other,1,20.6,1360.0,7.215975002651466
Handcrafted Sabai Grass Tote / Utility Bag - Purple & Beige,Sling Bags & Totes,Other,1,20.6,1360.0,7.215975002651466
Handcrafted Sabai Grass Tote / Utility Bag - Coral Pink & Beige,Sling Bags & Totes,Other,1,20.6,1360.0,7.215975002651466
Handcrafted Sabai Grass Tote / Utility Bag - Yellow & Beige,Sling Bags & Totes,Other,1,20.6,1360.0,7.215975002651466
Handcrafted Jawaja Leather Bag with Hand Stitch Detail,Sling Bags & Totes,Other,1,20.6,2650.0,7.8826922062890254
Handcrafted Jawaja Leather Bag with Hand Embroidered Patch,Sling Bags & Totes,Other,1,20.6,1630.0,7.396948602621014
Handcrafted Jawaja Leather Bag with Hand Embroidered Patch,Sling Bags & Totes,Other,1,20.6,2210.0,7.701200180857446
Handcrafted Jawaja Leather Bag with Hand Embroidered Patch,Sling Bags & Totes,Other,1,20.6,2210.0,7.701200180857446
Handcrafted Jawaja Leather Bag with Hand Stitch Detail,Sling Bags & Totes,Other,1,20.6,2850.0,7.955425088912672
Handcrafted Jawaja Leather Bag with Cutwork and Hand Stitch Detail,Sling Bags & Totes,Other,1,20.6,2500.0,7.824445930877619
Handcrafted Jawaja Leather Bag with Contrast Hand Stitch Detail,Sling Bags & Totes,Other,1,20.6,2600.0,7.8636512654486515
Handcrafted Jawaja Leather Bag with Hand Embroidered Patch,Sling Bags & Totes,Other,1,20.6,2910.0,7.976251943745623
Handcrafted Jawaja Leather Bag with Hand Stitch Detail,Sling Bags & Totes,Other,1,20.6,3280.0,8.0959035329611
Handcrafted Jawaja Leather Tote Bag with Hand Stitch Detail,Sling Bags & Totes,Other,1,20.6,3680.0,8.210939733379021
Handcrafted Jawaja Leather Tote Bag with Patchwork,Sling Bags & Totes,Other,1,20.6,3290.0,8.098946748943339
Handcrafted Jawaja Leather Tote Bag with Patchwork,Sling Bags & Totes,Other,1,20.6,4200.0,8.343077871169383
Handcrafted Jawaja Leather Tote Bag with Patchwork,Sling Bags & Totes,Other,1,20.6,4600.0,8.434028950155469
Handcrafted Jawaja Leather Tote Bag with Patchwork,Sling Bags & Totes,Other,1,20.6,4200.0,8.343077871169383
Handcrafted Jawaja Leather Tote / Laptop / Utility Bag with Hand Stitch Detail,Sling Bags & Totes,Other,1,20.6,5020.0,8.521384396034705
Jute & Fabric Sling Bag - Round,Sling Bags & Totes,Jute,1,20.6,1310.0,7.1785454837637
Sabai Grass Tote Bag / Utility Bag,Sling Bags & Totes,Other,1,20.6,1190.0,7.0825485693553
Sabai Grass Tote Bag / Utility Bag,Sling Bags & Totes,Other,1,20.6,1190.0,7.0825485693553
Sabai Grass Tote Bag / Utility Bag,Sling Bags & Totes,Other,1,20.6,1190.0,7.0825485693553
Handcrafted Leather Cross-Body Bag with Kutch Embroidered Patch & Hand Stitch Detail,Sling Bags & Totes,Other,1,20.6,2100.0,7.650168700845001
Handcrafted Leather Cross-Body Bag with Hand Stitch Detail,Sling Bags & Totes,Other,1,20.6,2780.0,7.930565854233965
Handcrafted Leather Cross-Body Bag with Hand Stitch Detail,Sling Bags & Totes,Other,1,20.6,2020.0,7.611347717403621
Handcrafted Leather Cross-Body Bag with Hand Stitch Detail,Sling Bags & Totes,Other,1,20.6,3250.0,8.086717920303906
Handcrafted Leather Cross-Body Sling Bag - Small with Hand Stitch Detail,Sling Bags & Totes,Other,1,20.6,2160.0,7.6783263565068856
Handcrafted Leather Tote Bag with Hand Stitch Detail,Sling Bags & Totes,Other,1,20.6,3020.0,8.013343181386672
Handwoven Kashida Pattu Small Cross Body Sling Bag - Red & More,Small Sling Bags,Other,1,20.6,640.0,6.46302945692067
Handwoven Kashida Pattu Small Cross Body Sling Bag - Orange & Light Blue,Small Sling Bags,Other,1,20.6,640.0,6.46302945692067
Handwoven Kashida Pattu Small Cross Body Sling Bag - Blue Geometrics,Small Sling Bags,Other,1,20.6,640.0,6.46302945692067
Hand Woven Kashida Pattu Sling Bag - Royal Blue,Small Sling Bags,Other,1,20.6,990.0,6.898714534329988
Hand Woven Kashida Pattu Large Sling Bag - White & Black,Small Sling Bags,Other,1,20.6,1110.0,7.01301578963963
Tri-layered Kalamkari Small Sling Bag - Peacocks,Small Sling Bags,Other,1,20.6,1770.0,7.479299637782834
Hand Woven Kashida Pattu Flap Sling Bag - Black & Colours,Small Sling Bags,Other,1,20.6,990.0,6.898714534329988
Hand Woven Kashida Pattu Flap Sling Bag - Black,Small Sling Bags,Other,1,20.6,990.0,6.898714534329988
Red Chevrons' Handcrafted Ceramic Soup Bowls With Spoons (Set of 4 | 250 ML | Microwave Safe),Soup Bowls,Ceramic,4,20.6,1279.0,7.154615356913663
"'Soupy Huts' Handpainted Soup Bowl With Spoon  In Ceramic (Set Of 4, 260 ML, Microwave Safe)",Soup Bowls,Ceramic,4,20.6,1399.0,7.24422751560335
"'Soupy Huts' Handpainted Soup Bowl With Spoon  In Ceramic (Set Of 2, 260 ML, Microwave Safe)",Soup Bowls,Ceramic,2,20.6,949.0,6.856461984594587
'Amber & Teal' Studio Pottery Soup Bowls With Spoons In Ceramic (Set Of 2),Soup Bowls,Ceramic,2,20.6,949.0,6.856461984594587
'Amber & Teal' Studio Pottery Soup Bowls With Spoons In Ceramic (Set Of 4),Soup Bowls,Ceramic,4,20.6,1699.0,7.438383530044307
"'Peacock Boulevard' Hand-Engraved Ceramic Soup Bowls With Spoons (Set of 4, 320 ML, Microwave Safe)",Soup Bowls,Ceramic,4,20.6,1529.0,7.333023014386481
"'Peacock Boulevard' Hand-Engraved Ceramic Soup Bowls With Spoons (Set of 2, 320 ML, Microwave Safe)",Soup Bowls,Ceramic,2,20.6,769.0,6.646390514847729
"'Whispers of Warli' Handcrafted Ceramic Soup Bowls With Spoons (Set of 4, 300 ML, Microwave Safe)",Soup Bowls,Ceramic,4,20.6,999.0,6.907755278982137
"'Whispers of Warli' Handcrafted Ceramic Soup Bowls With Spoons (Set of 2, 300 ML, Microwave Safe)",Soup Bowls,Ceramic,2,20.6,849.0,6.745236349484363
"ExclusiveLane 'Forest Canopy' Ceramic Soup Bowls With Spoons (Set of 4, 340 ML, Microwave Safe, Hand Glazed)",Soup Bowls,Ceramic,4,20.6,1435.0,7.269616749608169
Red Chevrons' Handcrafted Ceramic Soup Bowls With Spoons (Set of 2 | 250 ML | Microwave Safe),Soup Bowls,Ceramic,2,20.6,639.0,6.461468176353717
Bobble Head Shiv Shankar 5.5 in,Souvenirs - Souvenirs - Dolls 003,Other,1,13.97,499.0,6.214608098422191
Bobble Head Bal Krishna 5.5 in,Souvenirs - Souvenirs - Dolls 003,Other,1,13.97,499.0,6.214608098422191
Bobble Head Sitting Ganesha Orange 5 in,Souvenirs - Souvenirs - Dolls 003,Other,1,12.7,499.0,6.214608098422191
Bobble Head Hanumanji 5 in,Souvenirs - Souvenirs - Dolls 003,Other,1,12.7,499.0,6.214608098422191
Bobble Head Ganesha Red 5 in,Souvenirs - Souvenirs - Dolls 003,Other,1,12.7,499.0,6.214608098422191
Kanmani Doll with Curly Hair 10 in (Assorted Colours),Souvenirs - Souvenirs - Dolls 003,Other,1,25.4,1444.0,7.275864600546533
Kanmani Doll in Saree 10 in (Assorted Colours),Souvenirs - Souvenirs - Dolls 003,Other,1,25.4,1811.0,7.502186486602924
Kanmani Gujarati Doll 10 in (Assorted Colours),Souvenirs - Souvenirs - Dolls 003,Other,1,25.4,1811.0,7.502186486602924
Puppet Doll Pair 17 in,Souvenirs - Souvenirs - Dolls 003,Other,1,43.18,475.0,6.16541785423142
Brass Binacular with Antique Finish 4 in x 4.75 in x 2 in,Souvenirs - Souvenirs - Mementos 003,Brass,1,10.16,1995.0,7.59890045687141
Calender with Pen Holder 8 in x 4 in x 4.25 in,Souvenirs - Souvenirs - Mementos 003,Other,1,20.32,750.0,6.621405651764134
Hanuman Chalisa Library Edition Book,Souvenirs - Souvenirs - Mementos 003,Other,1,20.6,895.0,6.79794041297493
Bhagvad Gita Pocket Sized Book,Souvenirs - Souvenirs - Mementos 003,Other,1,20.6,595.0,6.39024066706535
Bhagvad Gita Classic Edition English - A7 Size,Souvenirs - Souvenirs - Mementos 003,Other,1,20.6,1195.0,7.086737934510577
Shanti Niketan Leather Mini Piggy Bank with Elephant Design,Souvenirs - Souvenirs - Mementos 003,Other,1,20.6,295.0,5.69035945432406
India Map Metal Keychain with Enamel Paint,Souvenirs - Souvenirs - Mementos 003,Other,1,20.6,195.0,5.278114659230517
Ram Darbar Keychain,Souvenirs - Souvenirs - Mementos 003,Other,1,20.6,175.0,5.170483995038151
Brass Ayodhya Temple Keychain,Souvenirs - Souvenirs - Mementos 003,Brass,1,20.6,150.0,5.017279836814924
Copper Lakshmi Magnet,Souvenirs - Souvenirs - Mementos 003,Other,1,20.6,499.0,6.214608098422191
Copper Ganesha Magnet,Souvenirs - Souvenirs - Mementos 003,Other,1,20.6,499.0,6.214608098422191
Copper Saraswati Idol Miniature Magnet,Souvenirs - Souvenirs - Mementos 003,Other,1,20.6,499.0,6.214608098422191
Tabla Hand painted Magnet,Souvenirs - Souvenirs - Mementos 003,Other,1,20.6,595.0,6.39024066706535
Sitar Hand painted Magnet,Souvenirs - Souvenirs - Mementos 003,Other,1,20.6,595.0,6.39024066706535
India Map Magnet,Souvenirs - Souvenirs - Mementos 003,Other,1,20.6,250.0,5.5254529391317835
Wooden Auto 5.5 in x 3 in x 3.75 in,Souvenirs - Souvenirs - Mementos 003,Wood,1,13.97,1300.0,7.170888478512505
Brass & Wood Sand Timer 3 in x 3 in x 7 in,Souvenirs - Souvenirs - Mementos 003,Brass,1,7.62,895.0,6.79794041297493
Wooden Scooter 9 in x 4 in x 6 in,Souvenirs - Souvenirs - Mementos 003,Wood,1,22.86,1400.0,7.244941546337007
9 Indian Commemorative Coins (Assorted coin designs),Souvenirs - Souvenirs - Mementos 003,Other,1,20.6,500.0,6.2166061010848646
Playing Cards with 52 Ways in Handicraft of India Design,Souvenirs - Souvenirs - Mementos 003,Other,1,20.6,275.0,5.62040086571715
Fridge Magnet Krishna Handpainted,Souvenirs - Souvenirs - Mementos 003,Other,1,20.6,150.0,5.017279836814924
Fridge Magnet Meenakari Handpainted,Souvenirs - Souvenirs - Mementos 003,Other,1,20.6,225.0,5.420534999272286
Fridge Magnet Odyssey in MDF,Souvenirs - Souvenirs - Mementos 003,Other,1,20.6,250.0,5.5254529391317835
Hand Fan with Dried Leaf,Souvenirs - Souvenirs - Mementos 003,Other,1,20.6,325.0,5.786897381366708
Wooden Sitar Miniature,Souvenirs - Souvenirs - Mementos 003,Wood,1,20.6,1350.0,7.208600337960199
Wooden Dugi Tabla Miniature,Souvenirs - Souvenirs - Mementos 003,Wood,1,20.6,695.0,6.54534966033442
Wooden Miniature Musical Instrument Set (Small),Souvenirs - Souvenirs - Mementos 003,Wood,1,20.6,2050.0,7.62608275807238
Wooden Saraswati Veena Miniature,Souvenirs - Souvenirs - Mementos 003,Wood,1,20.6,2350.0,7.762596048540069
Iron Motorcyle,Souvenirs - Souvenirs - Mementos 003,Iron,1,20.6,1400.0,7.244941546337007
Damru Musical Instrument,Souvenirs - Souvenirs - Mementos 003,Other,1,20.6,250.0,5.5254529391317835
Resin Miniature Musical Instruments on Chatai (Set of 4),Souvenirs - Souvenirs - Mementos 003,Other,4,20.6,1450.0,7.280008252884188
Wooden Elephant Keychain Set of 4,Souvenirs - Souvenirs - Mementos 003,Wood,4,20.6,295.0,5.69035945432406
Namaste India Fridge Magnet in MDF,Souvenirs - Souvenirs - Mementos 003,Other,1,20.6,250.0,5.5254529391317835
Signature Fridge Magnet in MDF,Souvenirs - Souvenirs - Mementos 003,Other,1,20.6,250.0,5.5254529391317835
9 Indian Original Commemorative Coins,Souvenirs - Souvenirs - Mementos 003,Other,1,20.6,450.0,6.111467339502679
11 Different Original Indian Coins,Souvenirs - Souvenirs - Mementos 003,Other,1,20.6,450.0,6.111467339502679
Original Indian Coins,Souvenirs - Souvenirs - Mementos 003,Other,1,20.6,450.0,6.111467339502679
Elephant Gold Painted Set of 4 Keychain Metal (Assorted Colors),Souvenirs - Souvenirs - Mementos 003,Other,4,20.6,395.0,5.981414211254481
Indian 100 Different Stamps,Souvenirs - Souvenirs - Mementos 003,Other,1,20.6,650.0,6.478509642208569
Indian 200 Different Stamps,Souvenirs - Souvenirs - Mementos 003,Other,1,20.6,1200.0,7.0909098220799835
Handpainted Ganesha Keychain Metal (Assorted Designs),Souvenirs - Souvenirs - Mementos 003,Other,1,20.6,150.0,5.017279836814924
Elephant Lacquered Keychains with Stonework Set of 4 (Assorted Colors),Souvenirs - Souvenirs - Mementos 003,Stone/Marble,4,20.6,275.0,5.62040086571715
Auto Rickshaw Fridge Magnet in Rubber,Souvenirs - Souvenirs - Mementos 003,Other,1,20.6,150.0,5.017279836814924
Indian Scooter Fridge Magnet in MDF,Souvenirs - Souvenirs - Mementos 003,Other,1,20.6,250.0,5.5254529391317835
Handpainted Sarod Fridge Magnet in Rubber,Souvenirs - Souvenirs - Mementos 003,Other,1,20.6,550.0,6.311734809152915
Ganesha Face Fridge Magnet in Rubber,Souvenirs - Souvenirs - Mementos 003,Other,1,20.6,195.0,5.278114659230517
Brass Elephant Design Lock with Key 4.5 in x 5 in,Souvenirs - Souvenirs - Mementos 003,Brass,1,11.43,2100.0,7.650168700845001
Brass Finish Calendar Box on Wooden Base,Souvenirs - Souvenirs - Mementos 003,Brass,1,20.6,895.0,6.79794041297493
Brass Pipal Leaf Bookmark,Souvenirs - Stationary - Bookmarks 003,Brass,1,20.6,610.0,6.415096959171596
Brass Bookmark Ornament Shree Yantra Square,Souvenirs - Stationary - Bookmarks 003,Brass,1,20.6,520.0,6.255750041753367
Bookmark Kite,Souvenirs - Stationary - Bookmarks 003,Other,1,20.6,195.0,5.278114659230517
Bookmark with Puppet,Souvenirs - Stationary - Bookmarks 003,Other,1,20.6,295.0,5.69035945432406
Wooden Bookmark Tiger Set of 2,Souvenirs - Stationary - Bookmarks 003,Wood,2,20.6,400.0,5.993961427306569
Wooden Bookmark Radha Krishna Set of 2,Souvenirs - Stationary - Bookmarks 003,Wood,2,20.6,400.0,5.993961427306569
Kraft Diary - 336 pgs | 6.80 in x 9.45 in,Souvenirs - Stationary - Diaries 003,Other,1,17.272,650.0,6.478509642208569
Peacock Molidora Diary 7 in x 5 in,Souvenirs - Stationary - Diaries 003,Other,1,17.78,225.0,5.420534999272286
India Monuments Molidora Diary 7 in x 5 in,Souvenirs - Stationary - Diaries 003,Other,1,17.78,225.0,5.420534999272286
Kettle Sea Green Molidora Diary 5 in x 7 in,Souvenirs - Stationary - Diaries 003,Other,1,12.7,195.0,5.278114659230517
Owl Cut Diary 6 in x 3.5 in,Souvenirs - Stationary - Diaries 003,Other,1,15.24,325.0,5.786897381366708
Journal Diary with Keychain & Pen (S/5),Souvenirs - Stationary - Diaries 003,Other,1,20.6,575.0,6.3561076606958915
Journal Diary with Keychain & Pen (S/3),Souvenirs - Stationary - Diaries 003,Other,1,20.6,350.0,5.860786223465865
Elephant Motif Diary in Copper Colour 6 in x 8 in,Souvenirs - Stationary - Diaries 003,Other,1,15.24,350.0,5.860786223465865
Hand Made Elephant Motif Diary 100 pgs - 5 in x 7 in,Souvenirs - Stationary - Diaries 003,Other,1,12.7,350.0,5.860786223465865
Elephant Face Molidora Diary 5 in x 7 in,Souvenirs - Stationary - Diaries 003,Other,1,12.7,200.0,5.303304908059076
Rajasthani Lady Molidora Diary 3.5 in x 5 in,Souvenirs - Stationary - Diaries 003,Other,1,8.89,150.0,5.017279836814924
Leather Diary with Embossed Peacock Design & Metal Lock 7 in x 5 in,Souvenirs - Stationary - Diaries 003,Other,1,17.78,695.0,6.54534966033442
Leather Diary with Mandala Design (Green) 7 in x 5 in,Souvenirs - Stationary - Diaries 003,Other,1,17.78,695.0,6.54534966033442
Elephant Floral Diary Case,Souvenirs - Stationary - Diaries 003,Other,1,20.6,950.0,6.85751406254539
Qutub Minar Diary,Souvenirs - Stationary - Diaries 003,Other,1,20.6,450.0,6.111467339502679
Pink Molidora Diary with Center Stitch 5.32 X 7.10 in,Souvenirs - Stationary - Diaries 003,Other,1,18.034,225.0,5.420534999272286
Bamboo Notebook with Dried Flowers 14 x 21 cm,Souvenirs - Stationary - Diaries 003,Other,1,21.0,375.0,5.929589143389895
Leather Diary with Antique Lock 7 x 5 in,Souvenirs - Stationary - Diaries 003,Other,1,12.7,750.0,6.621405651764134
Kantha Work Bahi Diary - 96 pgs - 7 x 5 in (Assorted),Souvenirs - Stationary - Diaries 003,Other,1,12.7,695.0,6.54534966033442
Cotton Bahi with Dori Diary 7 x 5 in,Souvenirs - Stationary - Diaries 003,Cotton,1,12.7,200.0,5.303304908059076
Cotton Bahi with Dori Diary 6 x 4 in,Souvenirs - Stationary - Diaries 003,Cotton,1,10.16,175.0,5.170483995038151
Buddha Molidora Diary 5.32 x 7.10 in,Souvenirs - Stationary - Diaries 003,Other,1,18.034,225.0,5.420534999272286
Blue Elephant Molidora Diary 6.30 x 9.85 in,Souvenirs - Stationary - Diaries 003,Other,1,25.019,295.0,5.69035945432406
Blue Elephant Molidora Diary 5.32 x 7.10 in,Souvenirs - Stationary - Diaries 003,Other,1,18.034,225.0,5.420534999272286
Block Print Diary Notebook 7 x 5 in,Souvenirs - Stationary - Diaries 003,Other,1,12.7,375.0,5.929589143389895
Old Bombay Leather Case with Diary,Souvenirs - Stationary - Diaries 003,Other,1,20.6,950.0,6.85751406254539
Elephant Cut Diaries,Souvenirs - Stationary - Diaries 003,Other,1,20.6,350.0,5.860786223465865
Leather Dairy with Elephant Print 5 in x 4 in,Souvenirs - Stationary - Diaries 003,Other,1,12.7,295.0,5.69035945432406
Box Gemstone with Painting 3 in x 4 in,Souvenirs - Stationary - Other Stationary 003,Stone/Marble,1,7.62,250.0,5.5254529391317835
Gold Pen with Dangler (Assorted),Souvenirs - Stationary - Other Stationary 003,Other,1,20.6,1590.0,7.372118028337787
Bhagavad Gita Classic Edition - A7 Size (Hindi),Souvenirs - Stationary - Other Stationary 003,Other,1,20.6,1195.0,7.086737934510577
Vrindavan Small Gift Bag 6.5 in x 8.5 in x 3.5 in,Souvenirs - Stationary - Other Stationary 003,Other,1,16.51,129.0,4.867534450455582
Gift Bags 22.9 cm x 29.2 cm x 10.2 cm,Souvenirs - Stationary - Other Stationary 003,Other,1,22.9,169.0,5.135798437050262
Magnifer & Cutter with Stand 22 cm,Souvenirs - Stationary - Other Stationary 003,Other,1,22.0,995.0,6.903747257584598
Jasmine Square Candle 3.5 cm x 12 cm,Souvenirs - Stationary - Other Stationary 003,Other,1,3.5,274.0,5.616771097666572
Vrindavan Wine Gift Bag 4.5 in x 13.9 in x 3.7 in,Souvenirs - Stationary - Other Stationary 003,Other,1,11.43,189.0,5.247024072160486
Vrindavan Horizontal Gift Bag 15.7 in x 11.2 in x 3.7 in,Souvenirs - Stationary - Other Stationary 003,Other,1,39.878,169.0,5.135798437050262
Gift Bag 9 in x 12 in (S/3),Souvenirs - Stationary - Other Stationary 003,Other,1,22.86,499.0,6.214608098422191
Rangeen Kalam Handpainted Pencils (S/5),Souvenirs - Stationary - Other Stationary 003,Other,1,20.6,299.0,5.703782474656201
Natural Neem Pencil Pruned (S/2),Souvenirs - Stationary - Other Stationary 003,Other,1,20.6,125.0,4.836281906951478
Madhubani Sun Zip File Folder,Souvenirs - Stationary - Other Stationary 003,Other,1,20.6,990.0,6.898714534329988
India Doodle Passport Holder,Souvenirs - Stationary - Other Stationary 003,Other,1,20.6,590.0,6.3818160174060985
India Pop Passport Holder,Souvenirs - Stationary - Other Stationary 003,Other,1,20.6,590.0,6.3818160174060985
Engraved Ball Pen in Gold Finish,Souvenirs - Stationary - Other Stationary 003,Other,1,20.6,825.0,6.716594773520978
Men Necktie (Assorted Prints),Souvenirs - Stationary - Other Stationary 003,Other,1,20.6,899.0,6.802394763324311
Ajrakh Brown Visiting Card Holder,Souvenirs - Stationary - Other Stationary 003,Other,1,20.6,450.0,6.111467339502679
Wooden Calender Box with Steel,Souvenirs - Stationary - Other Stationary 003,Wood,1,20.6,795.0,6.679599185844383
Flower Pressed Handmade Card Set of 2,Souvenirs - Stationary - Other Stationary 003,Other,2,20.6,195.0,5.278114659230517
Flower Pressed Handmade Card Set of 6,Souvenirs - Stationary - Other Stationary 003,Other,6,20.6,530.0,6.274762021241939
Wooden Penstand with Elephant Design in Brass,Souvenirs - Stationary - Other Stationary 003,Brass,1,20.6,250.0,5.5254529391317835
Iron Hook 7 in,Souvenirs - Stationary - Other Stationary 003,Iron,1,17.78,325.0,5.786897381366708
Iron Elephant Design with Globe,Souvenirs - Stationary - Other Stationary 003,Iron,1,20.6,950.0,6.85751406254539
Wooden Calendar Box,Souvenirs - Stationary - Other Stationary 003,Wood,1,20.6,450.0,6.111467339502679
Marble Pen Stand with Floral Hand Painting 4 in,Souvenirs - Stationary - Other Stationary 003,Stone/Marble,1,10.16,1400.0,7.244941546337007
Antique Globe with Wooden Base,Souvenirs - Stationary - Other Stationary 003,Wood,1,20.6,550.0,6.311734809152915
Antique Finish Rotating Globe on Wooden Base,Souvenirs - Stationary - Other Stationary 003,Wood,1,20.6,950.0,6.85751406254539
Lion Crochet Toy 7 in,Souvenirs - Toys & Games 002,Other,1,17.78,800.0,6.68586094706836
Wooden Farm Animal Set,Souvenirs - Toys & Games 002,Wood,1,20.6,1190.0,7.0825485693553
Fabric Elephant (Assorted),Souvenirs - Toys & Games 002,Other,1,20.6,300.0,5.707110264748875
DIY Colour Madhubani Painting Folk Art Kit,Souvenirs - Toys & Games 002,Other,1,20.6,470.0,6.154858094016418
Pull Train Wooden Toy 11 in,Souvenirs - Toys & Games 002,Wood,1,27.94,550.0,6.311734809152915
DIY Wooden Panchtantra - Turtle & Hare Story Kit,Souvenirs - Toys & Games 002,Wood,1,20.6,990.0,6.898714534329988
DIY Wooden Panchtantra - Haathi & Chooha Raja Story Kit,Souvenirs - Toys & Games 002,Wood,1,20.6,990.0,6.898714534329988
DIY Colour Warli Painting Folk Art Kit,Souvenirs - Toys & Games 002,Other,1,20.6,470.0,6.154858094016418
DIY Colour Kerala Mural Painting Folk Art Kit,Souvenirs - Toys & Games 002,Other,1,20.6,470.0,6.154858094016418
DIY Nalu Kettu of Kerala Kit,Souvenirs - Toys & Games 002,Other,1,20.6,310.0,5.739792912179234
DIY Kath Khuni of Himachal Pradesh Kit,Souvenirs - Toys & Games 002,Other,1,20.6,310.0,5.739792912179234
DIY Colour Bhunga Huts Gujarat Kit,Souvenirs - Toys & Games 002,Other,1,20.6,310.0,5.739792912179234
Plush Cotton Radha Krishna Dolls (S/2),Souvenirs - Toys & Games 002,Cotton,1,20.6,599.0,6.396929655216146
Jungle Bowling Cum Ring Toss Game (2 in 1),Souvenirs - Toys & Games 002,Other,1,5.08,799.0,6.684611727667927
Wooden Chinese Checkers with 60 Coins 20.5 cm x 22.5 cm,Souvenirs - Toys & Games 002,Wood,1,20.5,1450.0,7.280008252884188
Wooden Tic Tac Toe with Sliding Drawer Box 6 in x 6 in x 1.75 in,Souvenirs - Toys & Games 002,Wood,1,15.24,975.0,6.883462586413092
Round Puzzle Ball with Brass Wheel 5 in,Souvenirs - Toys & Games 002,Brass,1,12.7,495.0,6.206575926724928
Oval Shape Money Bank with Brass Fitting,Souvenirs - Toys & Games 002,Brass,1,20.6,950.0,6.85751406254539
Wooden Antique Finish Revolving Tic Tac Toe with Brass Inlay Work 8 in x 8 in x 2 in,Souvenirs - Toys & Games 002,Brass,1,20.32,1200.0,7.0909098220799835
Puzzle Ball Elephant with Brass Inlay Work 15.25 in x 5 in,Souvenirs - Toys & Games 002,Brass,1,38.735,300.0,5.707110264748875
Wooden Dholak 3 in x 1.77 in x 1.77 in,Souvenirs - Toys & Games 002,Wood,1,7.62,495.0,6.206575926724928
Wooden Toy Tiki Tik,Souvenirs - Toys & Games 002,Wood,1,20.6,225.0,5.420534999272286
Family Wooden Toy 4 in (S/4),Souvenirs - Toys & Games 002,Wood,1,10.16,450.0,6.111467339502679
Push Scooter Wooden Toy 4 in,Souvenirs - Toys & Games 002,Wood,1,10.16,320.0,5.771441123130016
DIY Color Kit - Journey of River Ganga,Souvenirs - Toys & Games 002,Other,1,20.6,470.0,6.154858094016418
DIY Sea Animal Kit - Wooden Block Print,Souvenirs - Toys & Games 002,Wood,1,20.6,1099.0,7.003065458786462
Shanti Niketan Leather Piggy Bank with Red Bus Design,Souvenirs - Toys & Games 002,Other,1,20.6,450.0,6.111467339502679
Wooden Moving Toy with 8 Birds Feeding,Souvenirs - Toys & Games 002,Wood,1,20.6,995.0,6.903747257584598
Handmade Decorative Flute,Souvenirs - Toys & Games 002,Other,1,20.6,395.0,5.981414211254481
Ways to Know India Playing Cards,Souvenirs - Toys & Games 002,Other,1,20.6,275.0,5.62040086571715
Playing Cards with Forts & Palaces of India Design,Souvenirs - Toys & Games 002,Other,1,20.6,275.0,5.62040086571715
"Yogasanas For Mind, Body & Soul Playing Cards",Souvenirs - Toys & Games 002,Other,1,20.6,275.0,5.62040086571715
Kanmani Doll in Frock with Curly Hair 10 in (Assorted Colours),Souvenirs - Toys & Games 002,Other,1,25.4,1444.0,7.275864600546533
Gulel / Catapult,Souvenirs - Toys & Games 002,Other,1,20.6,499.0,6.214608098422191
"Steam Boat, Tin Toy Boat, Pop Pop Boat, Putt Putt Nav",Souvenirs - Toys & Games 002,Other,1,20.6,199.0,5.298317366548036
Wooden Antique Finish Tic Tac Toe,Souvenirs - Toys & Games 002,Wood,1,20.6,495.0,6.206575926724928
Wooden Puzzle Ball Elephant,Souvenirs - Toys & Games 002,Wood,1,20.6,295.0,5.69035945432406
Wooden Antique Finish Dice Box 6 cm x 6 cm,Souvenirs - Toys & Games 002,Wood,1,6.0,375.0,5.929589143389895
Wooden Puzzle Ball Round,Souvenirs - Toys & Games 002,Wood,1,20.6,275.0,5.62040086571715
Wooden Folding Chess Set Box with Foam Tray 7 in,Souvenirs - Toys & Games 002,Wood,1,17.78,1200.0,7.0909098220799835
Wooden Chess Set with Soft Stone Top and Foam Tray 12 in,Souvenirs - Toys & Games 002,Wood,1,30.48,1950.0,7.576097340623111
"Hand Engraved Rectangular Spice Box With Spoon In Sheesham Wood (12 Partitions, 90 ML)",Spice Boxes,Wood,1,20.6,1499.0,7.313220387090301
"Handcrafted Hexagonal Spice Box With Spoon In Sheesham Wood (7 Partitions, 100 ML)",Spice Boxes,Wood,1,20.6,999.0,6.907755278982137
"Spice Keeper' Wooden Spice Box with Spoon (9 Fixed Partitions, Sheesham Wood, 80 gm & 130 gm)",Spice Boxes,Wood,1,20.6,1549.0,7.346010209913293
"Twin Tones' Wooden Spice Box with Spoon (9 Fixed Partitions, Beech Wood, 80 gm & 130 gm)",Spice Boxes,Wood,1,20.6,1549.0,7.346010209913293
"'Floral-Etched' Handcrafted Spice Box In Brass With Spoon (7 Containers, 40 ML)",Spice Boxes,Brass,1,20.6,3499.0,8.160518247477505
'Twelve Blends' Spice Box With 12 Containers & Spoon In Sheesham Wood,Spice Boxes,Wood,1,20.6,1399.0,7.24422751560335
Sheesham Wood Spice Box With Floral Work,Spice Boxes,Wood,1,20.6,2999.0,8.006367567650246
"'Mandala-Etched' Handcrafted Spice Box In Brass With Spoon (7 Containers, 100 ML)",Spice Boxes,Brass,1,20.6,3499.0,8.160518247477505
"'Indigo Baagh' Wooden Spice Box with Spoon (7 Containers, 130 ml Each, Hand-Enamaled)",Spice Boxes,Wood,1,20.6,2399.0,7.783224016336037
"'Burnt Leaf' Handcrafted Spice Box With Spoon In Mango & Sheesham Wood (7 Containers, 60 ml)",Spice Boxes,Wood,1,20.6,3499.0,8.160518247477505
Spice Box With Spoon In Sheesham Wood,Spice Boxes,Wood,1,20.6,999.0,6.907755278982137
"Hand Engraved Square Spice Box With Spoon In Sheesham Wood (9 Partitions, 80 ML)",Spice Boxes,Wood,1,20.6,999.0,6.907755278982137
Spice Box With Container & Spoon In Sheesham Wood,Spice Boxes,Wood,1,20.6,1280.0,7.155396301896734
"'Mystic Owl Block' Hand Carved Spice Box With Spoon In Sheesham Wood (7 Compartments, 80 ML)",Spice Boxes,Wood,1,20.6,2459.0,7.807916628926408
"'Rainbow Owl Motif' Spice Box With Spoon In Mango Wood (7 Detachable Containers, 70 ML)",Spice Boxes,Wood,1,20.6,2249.0,7.718685495198466
"'The Dancing Peacock' Hand Carved Spice Box With Spoon in Sheesham Wood (7 Partitions, 120 ml each)",Spice Boxes,Wood,1,20.6,2539.0,7.8399193600125825
Shubh Labh' Hand-Etched Wall Decor Hanging In Brass (344 grams),Spiritual Hanging,Brass,1,20.6,999.0,6.907755278982137
"'Gayatri Mantra with Om' Wall Decor Brass Wall Hanging (Hand-Etched, 15.5 cm, 280 grams)",Spiritual Hanging,Brass,1,15.5,999.0,6.907755278982137
"'Swastik-Ganesha' Wall Decor Brass Wall Hanging (Hand-Etched, 17 cm, 1.04 kg)",Spiritual Hanging,Brass,1,17.0,2899.0,7.9724660159745655
Gayatri Mantra Terracotta Wall Hanging,Spiritual Hanging,Terracotta/Clay,1,20.6,999.0,6.907755278982137
Shubh Labh Pair' Hand-Etched Wall Decor Hanging Set In Brass (196 grams Each),Spiritual Hanging,Brass,1,20.6,1549.0,7.346010209913293
"'Shree Ganesha' Wall Decor Brass Wall Hanging (Hand-Etched, 27.4 cm, 800 grams)",Spiritual Hanging,Brass,1,27.4,2299.0,7.7406644019172415
Gayatri Mantra Terracotta Wall Hanging,Spiritual Hanging,Terracotta/Clay,1,20.6,999.0,6.907755278982137
Light & Elegant. Handcrafted Square Silk Scarf - Spring Bloom,Stoles & Scarves,Silk,1,20.6,1440.0,7.273092595999522
Light & Soft. Handcrafted Silk Batik Scarf - Noir Blossoms,Stoles & Scarves,Silk,1,20.6,1440.0,7.273092595999522
Light & Soft. Handcrafted Silk Batik Scarf - Azure Feather,Stoles & Scarves,Silk,1,20.6,1440.0,7.273092595999522
Light & Soft. Handcrafted Silk Batik Scarf - Rust Ember,Stoles & Scarves,Silk,1,20.6,1440.0,7.273092595999522
Light & Soft. Handcrafted Silk Batik Scarf - Tribal Tapestry,Stoles & Scarves,Silk,1,20.6,1440.0,7.273092595999522
Light & Soft. Handcrafted Silk Batik Scarf - Ivory Abstract,Stoles & Scarves,Silk,1,20.6,1440.0,7.273092595999522
Light & Soft. Handcrafted Silk Batik Scarf - Turquoise Drape,Stoles & Scarves,Silk,1,20.6,1440.0,7.273092595999522
Light & Soft. Handcrafted Silk Batik Scarf - Olive Sage,Stoles & Scarves,Silk,1,20.6,1440.0,7.273092595999522
Light & Soft. Handcrafted Silk Batik Scarf - Blue Slate,Stoles & Scarves,Silk,1,20.6,1440.0,7.273092595999522
Light & Soft. Handcrafted Silk Batik Scarf - Sky Web,Stoles & Scarves,Silk,1,20.6,1440.0,7.273092595999522
Light & Soft. Handcrafted Silk Batik Scarf - Sage Garden,Stoles & Scarves,Silk,1,20.6,1440.0,7.273092595999522
Light & Soft. Handcrafted Silk Batik Scarf - Olive Garden,Stoles & Scarves,Silk,1,20.6,1440.0,7.273092595999522
Light & Soft. Handcrafted Silk Batik Scarf - Brown Sugar,Stoles & Scarves,Silk,1,20.6,1440.0,7.273092595999522
Light & Elegant. Handcrafted Silk Batik Scarf - Pink Orchids,Stoles & Scarves,Silk,1,20.6,1440.0,7.273092595999522
Light & Elegant. Handcrafted Silk Batik Stole - Royal Aubergine,Stoles & Scarves,Silk,1,20.6,2110.0,7.65491704784832
Light & Elegant. Handcrafted Silk Batik Stole - Espresso Vines,Stoles & Scarves,Silk,1,20.6,2110.0,7.65491704784832
Light & Elegant. Handcrafted Silk Batik Stole - Charcoal Vines,Stoles & Scarves,Silk,1,20.6,2110.0,7.65491704784832
Light & Elegant. Handcrafted Silk Batik Stole - Soft Sand,Stoles & Scarves,Silk,1,20.6,2110.0,7.65491704784832
Light & Elegant. Handcrafted Silk Batik Stole  - Glyph Bundle,Stoles & Scarves,Silk,1,20.6,2110.0,7.65491704784832
Light & Elegant. Handcrafted Silk Batik Stole - Cocoa Spiral,Stoles & Scarves,Silk,1,20.6,2110.0,7.65491704784832
Light & Elegant. Handcrafted Silk Batik Stole  - Cerulean Glyph,Stoles & Scarves,Silk,1,20.6,2110.0,7.65491704784832
Light & Elegant. Handcrafted Silk Batik Stole - Cocoa Forest,Stoles & Scarves,Silk,1,20.6,2110.0,7.65491704784832
Light & Elegant. Handcrafted Silk Batik Stole - Fuchsia Leaves,Stoles & Scarves,Silk,1,20.6,2110.0,7.65491704784832
Light & Elegant. Handcrafted Silk Batik Stole - Ivory Slate,Stoles & Scarves,Silk,1,20.6,2110.0,7.65491704784832
Light & Elegant. Handcrafted Silk Batik Stole - Pink Splatter,Stoles & Scarves,Silk,1,20.6,2110.0,7.65491704784832
Light & Soft. Handcrafted Silk Batik Scarf - Ruby Feathers,Stoles & Scarves,Silk,1,20.6,1440.0,7.273092595999522
Light & Soft. Handcrafted Silk Batik Scarf - Burgundy Glyph,Stoles & Scarves,Silk,1,20.6,1440.0,7.273092595999522
Light & Soft. Handcrafted Silk Batik Scarf - Golden Web,Stoles & Scarves,Silk,1,20.6,1440.0,7.273092595999522
Light & Soft. Handcrafted Silk Batik Scarf - Crimson Grid,Stoles & Scarves,Silk,1,20.6,1440.0,7.273092595999522
Light & Soft. Handcrafted Silk Batik Scarf - Ebony Scroll,Stoles & Scarves,Silk,1,20.6,1440.0,7.273092595999522
Light & Soft. Handcrafted Silk Batik Scarf - Mulberry Vine,Stoles & Scarves,Silk,1,20.6,1440.0,7.273092595999522
Light & Elegant. Handcrafted Silk Batik Stole - Maroon Medallion,Stoles & Scarves,Silk,1,20.6,2110.0,7.65491704784832
Light & Soft. Handcrafted Silk Batik Scarf - Amethyst,Stoles & Scarves,Silk,1,20.6,1440.0,7.273092595999522
Light & Soft. Handcrafted Silk Batik Scarf - Lavender Bouquet,Stoles & Scarves,Silk,1,20.6,1440.0,7.273092595999522
Light & Soft. Handcrafted Silk Batik Scarf - Sun Maroon,Stoles & Scarves,Silk,1,20.6,1440.0,7.273092595999522
Light & Soft. Handcrafted Silk Batik Scarf - Blue Fields,Stoles & Scarves,Silk,1,20.6,1440.0,7.273092595999522
Light & Soft. Handcrafted Silk Batik Scarf - Desert Dunes,Stoles & Scarves,Silk,1,20.6,1440.0,7.273092595999522
Light & Soft. Handcrafted Silk Batik Scarf - River Lines,Stoles & Scarves,Silk,1,20.6,1440.0,7.273092595999522
Light & Soft. Handcrafted Silk Batik Scarf - Sky Blooms,Stoles & Scarves,Silk,1,20.6,1440.0,7.273092595999522
Light & Soft. Handcrafted Silk Batik Scarf - Lilac Garden,Stoles & Scarves,Silk,1,20.6,1440.0,7.273092595999522
Light & Soft. Handcrafted Silk Batik Scarf - Whimsical Burgundy,Stoles & Scarves,Silk,1,20.6,1440.0,7.273092595999522
Light & Soft. Handcrafted Silk Batik Scarf - Brown Plum,Stoles & Scarves,Silk,1,20.6,1440.0,7.273092595999522
Light & Soft. Handcrafted Silk Batik Scarf - Midnight Vine,Stoles & Scarves,Silk,1,20.6,1440.0,7.273092595999522
Light & Soft. Handcrafted Silk Batik Scarf - Monochrome Mosaic,Stoles & Scarves,Silk,1,20.6,1440.0,7.273092595999522
Light & Soft. Handcrafted Silk Batik Scarf - Moonlit Fern,Stoles & Scarves,Silk,1,20.6,1440.0,7.273092595999522
Light & Soft. Handcrafted Silk Batik Scarf - Seafoam Mist,Stoles & Scarves,Silk,1,20.6,1440.0,7.273092595999522
Light & Soft. Handcrafted Silk Bandhej Scarf - Sunshine Dots,Stoles & Scarves,Silk,1,20.6,1440.0,7.273092595999522
Light & Soft. Handcrafted Silk Batik Scarf - Lavender Reed,Stoles & Scarves,Silk,1,20.6,1440.0,7.273092595999522
Light & Soft. Handcrafted Silk Batik Scarf - Fuchsia Whirl,Stoles & Scarves,Silk,1,20.6,1440.0,7.273092595999522
Light & Soft. Handcrafted Silk Batik Scarf - Bluebell Strands,Stoles & Scarves,Silk,1,20.6,1440.0,7.273092595999522
Light & Soft. Handcrafted Silk Batik Scarf - Mauve Fern,Stoles & Scarves,Silk,1,20.6,1440.0,7.273092595999522
Light & Soft. Handcrafted Silk Batik Scarf - Desert Rhythm,Stoles & Scarves,Silk,1,20.6,1440.0,7.273092595999522
Light & Soft. Handcrafted Silk Batik Scarf - Crimson Canopy,Stoles & Scarves,Silk,1,20.6,1440.0,7.273092595999522
Light & Soft. Handcrafted Silk Batik Scarf - Indigo Grove,Stoles & Scarves,Silk,1,20.6,1440.0,7.273092595999522
Light & Soft. Handcrafted Silk Batik Scarf - Azure Dew,Stoles & Scarves,Silk,1,20.6,1440.0,7.273092595999522
Light & Soft. Handcrafted Silk Batik Scarf - Lavender Vines,Stoles & Scarves,Silk,1,20.6,1440.0,7.273092595999522
Light & Soft. Handcrafted Silk Batik Scarf - Mauve Vines,Stoles & Scarves,Silk,1,20.6,1440.0,7.273092595999522
Light & Soft. Handcrafted Silk Batik Scarf - Midnight Tide,Stoles & Scarves,Silk,1,20.6,1440.0,7.273092595999522
Light & Soft. Handcrafted Silk Batik Scarf - Coral Maze,Stoles & Scarves,Silk,1,20.6,1440.0,7.273092595999522
Light & Soft. Handcrafted Silk Batik Scarf - Cocoa Fern,Stoles & Scarves,Silk,1,20.6,1440.0,7.273092595999522
Light & Soft. Handcrafted Silk Batik Scarf - Blue Plume,Stoles & Scarves,Silk,1,20.6,1440.0,7.273092595999522
Light & Soft. Handcrafted Silk Batik Scarf - Ember Bloom,Stoles & Scarves,Silk,1,20.6,1440.0,7.273092595999522
Light & Soft. Handcrafted Silk Batik Scarf - Lilac Meadow,Stoles & Scarves,Silk,1,20.6,1440.0,7.273092595999522
Light & Soft. Handcrafted Silk Batik Scarf - Crimson Vine,Stoles & Scarves,Silk,1,20.6,1440.0,7.273092595999522
Light & Soft. Handcrafted Silk Batik Scarf  - Azure Script,Stoles & Scarves,Silk,1,20.6,1440.0,7.273092595999522
Light & Soft. Handcrafted Silk Batik Scarf - Rose Fern,Stoles & Scarves,Silk,1,20.6,1440.0,7.273092595999522
Light & Soft. Handcrafted Silk Batik Scarf - Terracotta Sky,Stoles & Scarves,Silk,1,20.6,1440.0,7.273092595999522
Light & Elegant Silk Batik Stole - Lime Green Vines,Stoles & Scarves,Silk,1,20.6,1960.0,7.581209826196346
Vibrant Leheriya Georgette Stole - Deep Orange,Stoles & Scarves,Other,1,20.6,920.0,6.825460036255307
Light & Elegant Silk Batik Stole - Dark Brown Abstract,Stoles & Scarves,Silk,1,20.6,1960.0,7.581209826196346
Light & Elegant Silk Batik Stole - Brown Leaves,Stoles & Scarves,Silk,1,20.6,1960.0,7.581209826196346
Exclusive Bhagalpur Tussar Silk Stole - Midnight Currents,Stoles & Scarves,Silk,1,20.6,2260.0,7.72356247227797
Exclusive Bhagalpur Tussar Silk Stole - Black Sea,Stoles & Scarves,Silk,1,20.6,2260.0,7.72356247227797
Exclusive Bhagalpur Tussar Silk Stole -  A Mulberry Touch,Stoles & Scarves,Silk,1,20.6,2260.0,7.72356247227797
Exclusive Bhagalpur Tussar Silk Stole - Coral Sea,Stoles & Scarves,Silk,1,20.6,2260.0,7.72356247227797
Exclusive Bhagalpur Tussar Silk Stole - Beach and Sand,Stoles & Scarves,Silk,1,20.6,2260.0,7.72356247227797
Exclusive Bhagalpur Tussar Silk Stole - Garnet Dusk,Stoles & Scarves,Silk,1,20.6,2260.0,7.72356247227797
Exclusive Bhagalpur Tussar Silk Stole - Wild Forest,Stoles & Scarves,Silk,1,20.6,2260.0,7.72356247227797
Exclusive Bhagalpur Tussar Silk Stole - Velvet Nocturne,Stoles & Scarves,Silk,1,20.6,2260.0,7.72356247227797
Exclusive Bhagalpur Tussar Silk Stole - Palash Drift,Stoles & Scarves,Silk,1,20.6,2260.0,7.72356247227797
Exclusive Bhagalpur Tussar Silk Stole - Midnight Iris,Stoles & Scarves,Silk,1,20.6,2260.0,7.72356247227797
Exclusive Bhagalpur Tussar Silk Stole - Taupe Smoked,Stoles & Scarves,Silk,1,20.6,2260.0,7.72356247227797
Exclusive Bhagalpur Tussar Silk Stole - Amethyst Tide,Stoles & Scarves,Silk,1,20.6,2260.0,7.72356247227797
Exclusive Bhagalpur Tussar Silk Stole - Sunkissed Beige,Stoles & Scarves,Silk,1,20.6,2260.0,7.72356247227797
Exclusive Bhagalpur Tussar Silk Stole - Crimson Bark,Stoles & Scarves,Silk,1,20.6,2260.0,7.72356247227797
Exclusive Bhagalpur Tussar Silk Stole - Mauve Berries,Stoles & Scarves,Silk,1,20.6,2260.0,7.72356247227797
Exclusive Bhagalpur Tussar Silk Stole - Jamuniya,Stoles & Scarves,Silk,1,20.6,2260.0,7.72356247227797
Exclusive Bhagalpur Tussar Silk Stole - Blue Hour,Stoles & Scarves,Silk,1,20.6,2260.0,7.72356247227797
Exclusive Bhagalpur Tussar Silk Stole - Powdered Blush,Stoles & Scarves,Silk,1,20.6,2260.0,7.72356247227797
Exclusive Bhagalpur Tussar Silk Stole - Sundown Mist,Stoles & Scarves,Silk,1,20.6,2260.0,7.72356247227797
Exclusive Bhagalpur Tussar Silk Stole - Warm Rust,Stoles & Scarves,Silk,1,20.6,2260.0,7.72356247227797
Light & Elegant Silk Batik Stole - Green Feathers,Stoles & Scarves,Silk,1,20.6,1960.0,7.581209826196346
Pure Silk Bagh Printed Stole - Red Stripes,Stoles & Scarves,Silk,1,20.6,2450.0,7.804251383528112
Vibrant Leheriya Georgette Stole - Sunshine Yellow,Stoles & Scarves,Other,1,20.6,920.0,6.825460036255307
Vibrant Leheriya Georgette Stole - Red,Stoles & Scarves,Other,1,20.6,920.0,6.825460036255307
"Jaipur Blue Pottery Jar with Lids - Yellow Ornate (Set of 2, Large)",Storage,Ceramic,2,20.6,3070.0,8.029758520440822
Jaipur Blue Pottery Small Jars with Lids - Yellow Floral (Set of 2),Storage,Ceramic,2,20.6,2190.0,7.692113339595466
Pattachitra Art ✿ Steel Round Container (Small),Storage,Other,1,20.6,895.0,6.79794041297493
Sui Dhaaga Canvas Cushion Covers - 16 in x 16 in - Set of 2,Sui Dhaaga,Other,2,40.64,750.0,6.621405651764134
The Pahadi Serveware : Handmade Uttarakhand Wooden Long Tray - Cockatoo Garden,Table & Kitchen Accessories,Wood,1,20.6,2700.0,7.901377353792616
The Pahadi Serveware: Handmade Uttarakhand Wooden Cheese Board- Lush Berries,Table & Kitchen Accessories,Wood,1,20.6,2180.0,7.687538766201629
The Pahadi Serveware : Handmade Uttarakhand Wooden Long Tray - Bird and Blossoms,Table & Kitchen Accessories,Wood,1,20.6,2520.0,7.83241092718792
The Pahadi Serveware : Handmade Uttarakhand Wooden Cheese Board - Fruit Tales,Table & Kitchen Accessories,Wood,1,20.6,3640.0,8.200013648175434
The Pahadi Serveware : Handmade Uttarakhand Wooden Cheese Board - Vegetable Harvest,Table & Kitchen Accessories,Wood,1,20.6,3790.0,8.240385115516334
The Pahadi Serveware : Handmade Uttarakhand Wooden Cheese Board - Mitthu Platter,Table & Kitchen Accessories,Wood,1,20.6,3640.0,8.200013648175434
The Pahadi Serveware : Handmade Uttarakhand Wooden Cheese Board - Bird & Blossoms,Table & Kitchen Accessories,Wood,1,20.6,3790.0,8.240385115516334
The Pahadi Serveware : Handmade Uttarakhand Wooden Platter - Rooster,Table & Kitchen Accessories,Wood,1,20.6,2670.0,7.890208213109961
Exclusive Pichwai Carved Collectibles : Fine Hand Engraved Wooden Trivets / Coasters - Van Kamal Ensemble (Set of 2),Table & Kitchen Accessories,Wood,2,20.6,3280.0,8.0959035329611
Exclusive Pichwai Carved Collectibles : Fine Hand Engraved Wooden Trivets / Coasters - Vraj Katha (Set of 2),Table & Kitchen Accessories,Wood,2,20.6,2960.0,7.993282328101591
Exclusive Pichwai Carved Collectibles : Fine Hand Engraved Wooden Trivets / Coasters - Gau Jaali (Set of 2),Table & Kitchen Accessories,Wood,2,20.6,3900.0,8.268988209506656
Exclusive Pichwai Carved Collectibles : Fine Hand Engraved Wooden Trivets / Coasters - Kamal Taal (Set of 2),Table & Kitchen Accessories,Wood,2,20.6,2960.0,7.993282328101591
Exclusive Handpainted Kashmiri Art Steel Tiffin Box - Jungle Story,Table & Kitchen Accessories,Other,1,20.6,3140.0,8.052296499538647
Kerala’s Eco-friendly Coconut Shell Craft - Salad Spoons (Set of 2),Table & Kitchen Accessories,Other,2,20.6,580.0,6.364750756851911
Kerala’s Eco-friendly Coconut Shell Craft - Spoodles & Salad Spoons (Set of 5),Table & Kitchen Accessories,Other,5,20.6,1400.0,7.244941546337007
Handcrafted Wooden Cutlery in Kutch Lacquer Craft - Honey & Syrup Dippers (Set of 2),Table & Kitchen Accessories,Wood,2,20.6,350.0,5.860786223465865
Handcrafted Wooden Cutlery in Kutch Lacquer Craft - Spatulas & Salad Spoons (Set of 4),Table & Kitchen Accessories,Wood,4,20.6,990.0,6.898714534329988
Handcrafted Wooden Cutlery in Kutch Lacquer Craft - Salad Spoons (Set of 3),Table & Kitchen Accessories,Wood,3,20.6,690.0,6.53813982376767
Handcrafted Wooden Cutlery in Kutch Lacquer Craft - Rolling Pin in Wood & Pink,Table & Kitchen Accessories,Wood,1,20.6,650.0,6.478509642208569
Handcrafted Wooden Cutlery in Kutch Lacquer Craft - Rolling Pin in Saffron & Yellow,Table & Kitchen Accessories,Wood,1,20.6,620.0,6.431331081933479
Handcrafted Wooden Cutlery in Kutch Lacquer Craft - Rolling Pin in Green,Table & Kitchen Accessories,Wood,1,20.6,690.0,6.53813982376767
Handcrafted Wooden Cutlery in Kutch Lacquer Craft - Rolling Pin in Pink,Table & Kitchen Accessories,Wood,1,20.6,590.0,6.3818160174060985
Exclusive Brass Napkin Rings - Mango Leaf (Set of 4),Table & Kitchen Accessories,Brass,4,20.6,4180.0,8.338305731356565
Exclusive Brass Napkin Rings - Flower & Bud (Set of 4),Table & Kitchen Accessories,Brass,4,20.6,3670.0,8.208219383496834
Exclusive Brass Napkin Rings - Twin Leaf (Set of 4),Table & Kitchen Accessories,Brass,4,20.6,3180.0,8.064950891749143
Exclusive Brass Napkin Holder - Leaves,Table & Kitchen Accessories,Brass,1,20.6,5530.0,8.618123909994678
Wood Engraved Tissue Box - Yellow Floral,Table & Kitchen Accessories,Wood,1,20.6,2560.0,7.848153086199526
Wood Engraved Tissue Box - Blue Flower,Table & Kitchen Accessories,Wood,1,20.6,2560.0,7.848153086199526
Wood Engraved Pot Holders (Set of 3) - Foliage,Table & Kitchen Accessories,Wood,3,20.6,3960.0,8.284251797621916
Wood Engraved Pot Holders (Set of 3) - Medley In Green,Table & Kitchen Accessories,Wood,3,20.6,3960.0,8.284251797621916
Wood Engraved Pot Holders (Set of 3) - Blue Medley,Table & Kitchen Accessories,Wood,3,20.6,3960.0,8.284251797621916
Wood Engraved Pot Holders (Set of 3)- Green Medley,Table & Kitchen Accessories,Wood,3,20.6,3960.0,8.284251797621916
Wood Engraved Pot Holders (Set of 3) - Flora In Blue,Table & Kitchen Accessories,Wood,3,20.6,3960.0,8.284251797621916
Wood Engraved Pot Holders (Set of 3) - Floral Symphony,Table & Kitchen Accessories,Wood,3,20.6,3960.0,8.284251797621916
Wood Engraved Pot Holders (Set of 3) - Green Flora,Table & Kitchen Accessories,Wood,3,20.6,3960.0,8.284251797621916
Wood Engraved Pot Holders (Set of 3) - Mandalas,Table & Kitchen Accessories,Wood,3,20.6,3960.0,8.284251797621916
Wood Engraved Pot Holders (Set of 3) - Flora,Table & Kitchen Accessories,Wood,3,20.6,3660.0,8.205491613120236
Wood Engraved Pot Holders (Set of 3) - Brown Trees,Table & Kitchen Accessories,Wood,3,20.6,3660.0,8.205491613120236
Wood Engraved Pot Holders (Set of 3) - Brown Flowers,Table & Kitchen Accessories,Wood,3,20.6,3660.0,8.205491613120236
Wood Engraved Pot Holders (Set of 3) - Brown Flora,Table & Kitchen Accessories,Wood,3,20.6,3960.0,8.284251797621916
"Wood Engraved Large Pot Holders (Set of 3) - Flora, 8"" Dia",Table & Kitchen Accessories,Wood,3,20.6,5970.0,8.694669696546992
"Tambat Handbeaten Copper Utility Container Medium, Dia - 3.5"" (Set of 2)",Table & Kitchen Accessories,Other,2,20.6,2510.0,7.828436359157585
Brass Tissue Holder - Temple Flower Leaves,Table & Kitchen Accessories,Brass,1,20.6,7350.0,8.902591637374087
"Sabai Grass Table Pot Holders - Royal Blue (Large, Set of 4)",Table & Kitchen Accessories,Other,4,20.6,1240.0,7.123672785204607
Kutch Lacquer Craft Wooden Rolling Pin (Green Belan),Table & Kitchen Accessories,Wood,1,20.6,970.0,6.878326468291325
Kutch Lacquer Craft Wooden Rolling Pin (Magenta Belan),Table & Kitchen Accessories,Wood,1,20.6,970.0,6.878326468291325
Kutch Lacquer Craft Wooden Churner - Red,Table & Kitchen Accessories,Wood,1,20.6,990.0,6.898714534329988
Kutch Lacquer Craft Wooden Spoons & Ladles (Set of 4),Table & Kitchen Accessories,Wood,4,20.6,990.0,6.898714534329988
Kutch Lacquer Craft Wooden Spoons & Ladles (Set of 4),Table & Kitchen Accessories,Wood,4,20.6,990.0,6.898714534329988
Kutch Lacquer Craft Wooden Spoons & Ladles (Set of 4),Table & Kitchen Accessories,Wood,4,20.6,990.0,6.898714534329988
Kutch Lacquer Craft Wooden Spoons & Ladles (Set of 4),Table & Kitchen Accessories,Wood,4,20.6,990.0,6.898714534329988
Handwoven Soft Kerala Cotton Kitchen-to-Coast Towels Gift Set in Sabai Grass Basket - Natural Linen Stripe (Set of 6),Table Accents,Cotton,6,20.6,1850.0,7.523481312573497
"Kashida Pattu Woven Table Runner - Cream & Red, Largest",Table Accents,Other,1,20.6,3550.0,8.174984532943087
"Kashida Pattu Woven Table Runner - Red Stripes, Largest",Table Accents,Other,1,20.6,3550.0,8.174984532943087
"Kashida Pattu Woven Table Runner - Black & Red, Largest",Table Accents,Other,1,20.6,3550.0,8.174984532943087
"Kashida Pattu Woven Table Runner - Black & White Stripes, Largest",Table Accents,Other,1,20.6,3550.0,8.174984532943087
"Kashida Pattu Woven Table Runner - Cream & Red, Extra Large",Table Accents,Other,1,20.6,2560.0,7.848153086199526
"Kashida Pattu Woven Table Runner - White & Black, Extra Large",Table Accents,Other,1,20.6,3860.0,8.258681496264236
"Kashida Pattu Woven Table Runner - Black Stripes, Extra Large",Table Accents,Other,1,20.6,2560.0,7.848153086199526
"Kashida Pattu Woven Table Runner - Red & Black, Extra Large",Table Accents,Other,1,20.6,2660.0,7.886457270977689
"Kashida Pattu Woven Table Runner - Blue & Red, Extra Large",Table Accents,Other,1,20.6,2560.0,7.848153086199526
"Kashida Pattu Woven Table Runner - Black & Red, Large",Table Accents,Other,1,20.6,1960.0,7.581209826196346
Kashida Pattu Woven Table Runner - Black & Red Large,Table Accents,Other,1,20.6,1860.0,7.528869256642251
Jute & Fabric Table Runner,Table Accents,Jute,1,20.6,2250.0,7.719129840906732
Jute & Fabric Table Mats & Runner (Set of 7),Table Accents,Jute,7,20.6,4550.0,8.423102268016642
Handcrafted Sabai & Khajur Place Mats - (Set of 5),Table Accents,Other,5,20.6,4870.0,8.491054533806542
Handcrafted Sabai Grass Table Mats - (Set of 3),Table Accents,Other,3,20.6,1250.0,7.1316985104669115
Handcrafted Sabai Grass Table Mats - Dark Purple Brown (Set of 6),Table Accents,Other,6,20.6,1880.0,7.53955882930103
"'Luminous Peacock' Brass Diya with Bell (1 Wick, 19.6 Cm, 20 ml, Hand-Etched)",Table Diya,Brass,1,19.6,1949.0,7.575584651557793
"Handcarved 'Ganesha' Brass Diya With Gem Work (1 Wick, 20.1 cm, 20 ml, 800 grams, Hand-Etched)",Table Diya,Brass,1,20.1,2499.0,7.824046010856292
"'Shankh' Brass Diya In Brass (5 Wicks, 755 grams, Hand-Etched)",Table Diya,Brass,1,20.6,2099.0,7.649692623711514
"Handcarved 'Peacock Pair' Brass Diya (1 Wick, 27.4 cm, 20 ml, 1.3 kg, Hand-Etched)",Table Diya,Brass,1,27.4,3349.0,8.116715624819111
"Lotus Flower' Decorative Pure Brass Diya (6 cm, 5 ml, 561 grams, Handcarved)",Table Diya,Brass,1,6.0,1229.0,7.114769448366463
"ExclusiveLane 'Utsav Deep' Terracotta Decorative Diyas (Set Of 4, Handpainted, Multicoloured)",Table Diya,Terracotta/Clay,4,20.6,660.0,6.493753839851686
"Laxmi-Ganesh, Shankh Pushp' Handcarved Brass Diyas (Set of 4, Hand-Etched, 3.8 cm, 15 & 10 ml, 680 grams (Total))",Table Diya,Brass,4,3.8,1069.0,6.975413927455952
"Woven Glow' Decorative Wooden Table Lamp (10.0 Inch, Mango Wood, Without Bulb, Handcrafted)",Table Lamp,Wood,1,25.4,1199.0,7.090076835776092
"'Gentle Tones' Decorative Table Lamp In Mango Wood (40.1 Cm, Without Bulb, Handcrafted)",Table Lamps,Wood,1,40.1,2299.0,7.7406644019172415
'Stacked Geometry' Decorative Wooden Table Lamp (33.3 cm),Table Lamps,Wood,1,33.3,1799.0,7.495541943884256
"'Aura Light' Decorative Table Lamp In Mango Wood (33 Cm, Without Bulb, Handcrafted)",Table Lamps,Wood,1,33.0,1499.0,7.313220387090301
'Volta' Round Table Lamp In Mango Wood (35.6 cm),Table Lamps,Wood,1,35.6,1599.0,7.3777589082278725
35.6 cm Pyramid Table Lamp In Sheesham Wood,Table Lamps,Wood,1,35.6,1249.0,7.1308988302963465
'Moroccan' Round Table Lamp In Mango Wood (35.6 cm),Table Lamps,Wood,1,35.6,1699.0,7.438383530044307
'Faraday' Round Table Lamp In Mango Wood (33 cm),Table Lamps,Wood,1,33.0,1499.0,7.313220387090301
'Paisley-Carved' Table Lamp In Mango Wood (35.6 cm),Table Lamps,Wood,1,35.6,1699.0,7.438383530044307
Dainty Flowers' Hand-Painted Decorative Table Lamp In Mango Wood (32 cm),Table Lamps,Wood,1,32.0,1799.0,7.495541943884256
"'Frond' Decorative Table Lamp In Metal (45 Cm, Without Bulb, Handcrafted)",Table Lamps,Other,1,45.0,1549.0,7.346010209913293
Grape Vines' Hand-Painted Decorative Table Lamp In Mango Wood (30 cm),Table Lamps,Wood,1,30.0,1799.0,7.495541943884256
"'Rabbit & Grove' Rectangular Table Lamp In Mango Wood (36.8 Cm, Without Bulb, Handcrafted)",Table Lamps,Wood,1,36.8,1449.0,7.27931883541462
"'Natural Blend' Decorative Table Lamp In Mango Wood (40.9 Cm, Without Bulb, Handcrafted)",Table Lamps,Wood,1,40.9,2199.0,7.696212639346407
"'Floral Twilight' Decorative Table Lamp In Metal (45 Cm, Without Bulb, Handcrafted)",Table Lamps,Other,1,45.0,1549.0,7.346010209913293
"'Amber Sunset' Metal Decorative Table Lamp (39.8 Cm, Without Bulb, Hand-Etched)",Table Lamps,Other,1,39.8,1799.0,7.495541943884256
"'Floral Charm' Metal Decorative Table Lamp (32.6 Cm, Without Bulb, Hand-Etched)",Table Lamps,Other,1,32.6,1799.0,7.495541943884256
"'Subtle Glow' Decorative Table Lamp In Mango Wood (28 Cm, Without Bulb, Handcrafted)",Table Lamps,Wood,1,28.0,1799.0,7.495541943884256
"'Sunbeam Stripes' Decorative Table Lamp In Mango Wood (40.9 Cm, Without Bulb, Handcrafted)",Table Lamps,Wood,1,40.9,1999.0,7.600902459542082
"'Sleek Flow' Metal Decorative Table Lamp (38.9 Cm, Without Bulb, Hand-Etched)",Table Lamps,Other,1,38.9,1699.0,7.438383530044307
25.4 cm Modern Frosted Glass Table Lamp In Sheesham Wood,Table Lamps,Wood,1,25.4,1899.0,7.549609165154532
"Love Whisper’ Metal Decorative Table Lamp (32 cm, Without Bulb, Hand-Etched)",Table Lamps,Other,1,32.0,1319.0,7.1853870155804165
"‘Love Serenade’ Mango Wood Decorative Table Lamp (32.6 cm, Without Bulb, Handcrafted)",Table Lamps,Wood,1,32.6,1499.0,7.313220387090301
"'Frond' Decorative Table Lamp In Mango Wood (33.8 Cm, Without Bulb, Handcrafted)",Table Lamps,Wood,1,33.8,1599.0,7.3777589082278725
"'Santa Christmas Cheer' Mango Wood Decorative Table Lamp (39.5 Cm, Without Bulb, Handcrafted)",Table Lamps,Wood,1,39.5,1499.0,7.313220387090301
'Starlight' Round Table Lamp In Mango Wood (35.6 cm),Table Lamps,Wood,1,35.6,2099.0,7.649692623711514
"'Moroccan Shimmer' Hand Etched Iron Table Lamp (30.5 cm, White)",Table Lamps,Iron,1,30.5,1279.0,7.154615356913663
'Bright Night Owl' Table Lamp With Hand Carved Owl Motif In Sheesham Wood,Table Lamps,Wood,1,20.6,1469.0,7.293017679772782
Glorious Mars' Hand-etched Table Lamp In Iron (27.9 cm | Matte Finish),Table Lamps,Iron,1,27.9,1309.0,7.177782416195197
Ebony Mesh' Handcrafted Table Lamp In Mango Wood & Iron (38.1 cm),Table Lamps,Wood,1,38.1,1279.0,7.154615356913663
'Moroccan Navy' Handcrafted Table Lamp In Mango Wood & Steel (45.7 cm),Table Lamps,Wood,1,45.7,1799.0,7.495541943884256
'Oranged Chevrons' Handcrafted Table Lamp In Iron (45.7 cm),Table Lamps,Iron,1,45.7,1799.0,7.495541943884256
'Orange Coiled' Handcrafted Table Lamp In Iron (45.7 cm),Table Lamps,Iron,1,45.7,1799.0,7.495541943884256
'Vibrant Hues' Handcrafted Round Table Lamp In Mango Wood (35.6 cm),Table Lamps,Wood,1,35.6,1469.0,7.293017679772782
"'Santa Festive Forest' Mango Wood Decorative Table Lamp (35.2 Cm, Without Bulb, Handcrafted)",Table Lamps,Wood,1,35.2,1499.0,7.313220387090301
"'Christams Santa' Mango Wood Decorative Table Lamp (35.2 Cm, Without Bulb, Handcrafted)",Table Lamps,Wood,1,35.2,1499.0,7.313220387090301
"'Frostlight Christmas Lantern' Iron Decorative Table Lamp (22.4 Cm, Without Bulb, Hand-Etched)",Table Lamps,Iron,1,22.4,1499.0,7.313220387090301
"'Aura Light' Rectangular Table Lamp In Mango Wood (39.5 Cm, Without Bulb, Handcrafted)",Table Lamps,Wood,1,39.5,1549.0,7.346010209913293
"'Autumn Glow' Decorative Table Lamp In Mango Wood (40.5 Cm, Without Bulb, Handcrafted)",Table Lamps,Wood,1,40.5,1549.0,7.346010209913293
"'Autumn Glow' Decorative Table Lamp In Mango Wood (33.8 Cm, Without Bulb, Handcrafted)",Table Lamps,Wood,1,33.8,1499.0,7.313220387090301
"'Silent Shine' Hexagon Table Lamp In Mango Wood (33.5 Cm, Without Bulb, Handcrafted)",Table Lamps,Wood,1,33.5,1549.0,7.346010209913293
"'Rabbit & Grove' Decorative Table Lamp In Mango Wood (33.8 Cm, Without Bulb, Handcrafted)",Table Lamps,Wood,1,33.8,1499.0,7.313220387090301
"'Frond' Decorative Table Lamp In Metal (44.5 Cm, Without Bulb, Handcrafted)",Table Lamps,Other,1,44.5,1549.0,7.346010209913293
"'Rabbit & Grove' Decorative Table Lamp In Metal (44.5 Cm, Without Bulb, Handcrafted)",Table Lamps,Other,1,44.5,1549.0,7.346010209913293
"'Autumn Glow' Decorative Table Lamp In Metal (44.5 Cm, Without Bulb, Handcrafted)",Table Lamps,Other,1,44.5,1479.0,7.299797366758161
"'Paisley-Carved' Decorative Table Lamp In Mango Wood (33 Cm, Without Bulb, Handcrafted)",Table Lamps,Wood,1,33.0,1279.0,7.154615356913663
'Abstract Mosaic' Hand-Painted Decorative Table Lamp In Mango Wood (32.5 cm),Table Lamps,Wood,1,32.5,1409.0,7.251344983372214
'Rhombus Rumbles' Hand-Carved Table Stationery Organiser In Sheesham Wood,Table Organiser,Wood,1,20.6,1199.0,7.090076835776092
'Amber & Teal' Studio Pottery Candle Holder In Ceramic,Table Pillar Candle Holder,Ceramic,1,20.6,599.0,6.396929655216146
'Planting Moo' Handmade & Hand-painted Planter Pot In Terracotta (15.2 cm),Table Planter,Terracotta/Clay,1,15.2,875.0,6.775366090936392
'Indigo Vines' Hand-painted Table Planter Pots In Ceramic (Set of 2),Table Planter,Ceramic,2,20.6,880.0,6.78105762593618
'Indigo Vines' Hand-painted Table Planter Pot In Ceramic,Table Planter,Ceramic,1,20.6,549.0,6.309918278226516
'Kangaroo & Kid' Handmade & Hand Painted Planter Pot In Terracotta (17.8 cm),Table Planter,Terracotta/Clay,1,17.8,1149.0,7.047517221357296
Mud Wells' Hand-Painted Table Planter Pots In Ceramic (10.2 cm | Set of 2),Table Planter,Ceramic,2,10.2,539.0,6.29156913955832
'Moroccan Roots' Handpainted Planters In Ceramic (Set Of 2),Table Planter,Ceramic,2,20.6,449.0,6.1092475827643655
'The Two Morocco Pod' Handpainted Planters Set In Ceramic,Table Planter,Ceramic,1,20.6,699.0,6.551080335043404
'The Morocco Pod' Handpainted Planter In Ceramic,Table Planter,Ceramic,1,20.6,359.0,5.886104031450156
"'Hopping Kangaroo' Handmade & Hand-Painted Terracotta Table Planter Flower Pot (28.7 cm, Peach)",Table Planter,Terracotta/Clay,1,28.7,1499.0,7.313220387090301
'Mughal Roots' Floral Hand-painted Ceramic Planter Pots (Set of 2),Table Planter,Ceramic,2,20.6,619.0,6.429719478039138
'Blooming Glass Trio Pillars' Handcrafted Planter Tubes With Wooden Holder (27.9 cm),Table Planter,Wood,1,27.9,1019.0,6.927557906278317
'Shatranj Checkered' Handpainted Planter Pots In Ceramic (Set of 2),Table Planter,Ceramic,2,20.6,569.0,6.345636360828596
Meek Meow' Handmade & Hand Painted Planter Pot In Terracotta (Set of 2 | 12.7 cm),Table Planter,Terracotta/Clay,2,12.7,969.0,6.877296071497429
Meek Meow' Handmade & Hand Painted Planter Pot In Terracotta (12.7 cm),Table Planter,Terracotta/Clay,1,12.7,489.0,6.194405391104672
'Red Chevrons ' Handmade & Hand-painted Table Planters In Ceramic (Set of 2),Table Planter,Ceramic,2,20.6,569.0,6.345636360828596
Modern Glass Garden' Test Tube Table Planter/Vase (25.4 cm | Black),Table Planter,Glass,1,25.4,569.0,6.345636360828596
Furrowed Fields' Hand-Painted Table Planter Pots In Ceramic (10.2 cm | Set of 2),Table Planter,Ceramic,2,10.2,539.0,6.29156913955832
"ExclusiveLane 'Little Sparrow Pot' Ceramic Table Planter Flower Pot (11.6 cm, Handpainted)",Table Planter,Ceramic,1,11.6,599.0,6.396929655216146
'Mud Blossoms' Handmade & Hand-painted Planter Pot In Terracotta (10.2 cm),Table Planter,Terracotta/Clay,1,10.2,899.0,6.802394763324311
"'Homely Cottage' Handmade & Hand-Painted Terracotta Table Planter Flower Pot (15.5 cm, Peach)",Table Planter,Terracotta/Clay,1,15.5,569.0,6.345636360828596
'Playful Cow' Handmade & Hand Painted Planter Pot In Terracotta (20.3 cm),Table Planter,Terracotta/Clay,1,20.3,1199.0,7.090076835776092
'Enchanting Elephant' Handmade & Hand Painted Planter Pot In Terracotta (20.3 cm),Table Planter,Terracotta/Clay,1,20.3,1225.0,7.111512116496157
"'Meditative Fairy' Handmade & Hand-Painted Terracotta Table Planter Flower Pot (21.6 cm, Green)",Table Planter,Terracotta/Clay,1,21.6,719.0,6.579251212010101
Modern Glass Garden' Test Tube Table Planter/Vase (25.4 cm | Red),Table Planter,Glass,1,25.4,569.0,6.345636360828596
Terracotta Handpainted Shankh Shaped Table Tea Light Holder,Table Tea Light Holder,Terracotta/Clay,1,20.6,849.0,6.745236349484363
Glowing Mesh Duo Handwired Table Tea-Light Holders In Iron (Set of 2),Table Tea Light Holder,Iron,2,20.6,529.0,6.272877006546167
Terracotta Handpainted Shankh Shaped Table Tea Light Holder,Table Tea Light Holder,Terracotta/Clay,1,20.6,849.0,6.745236349484363
'Amber & Teal' Studio Pottery Table Tea-Light Holder In Ceramic,Table Tea Light Holder,Ceramic,1,20.6,740.0,6.608000625296087
'Shimmering Mughals' Floral Hand-painted Tea-Light Holders In Ceramic (Set of 6),Table Tea Light Holder,Ceramic,6,20.6,699.0,6.551080335043404
'Shimmering Mughals' Geometric Hand-painted Tea-Light Holders In Ceramic (Set of 6),Table Tea Light Holder,Ceramic,6,20.6,680.0,6.523562306149512
'Dazzling Elephant' Hand-Carved Blocks Tea-Light Holders In Sheesham Wood (Set of 2),Table Tea Light Holder,Wood,2,20.6,599.0,6.396929655216146
The Elephant Mesh' Handwoven Showpiece & Table Tea-Light Holder In Iron (22.9 cm | Copper Finish),Table Tea Light Holder,Iron,1,22.9,829.0,6.721425700790643
The Wired Conicals' Handwired Hanging & Table Tea-Light Holder In Iron (22.9 cm | Copper Finish),Table Tea Light Holder,Iron,1,22.9,829.0,6.721425700790643
The Bird Wired Go-Round' Handwired Hanging & Table Tea-Light Holder In Iron (22.9 cm | Copper Finish),Table Tea Light Holder,Iron,1,22.9,769.0,6.646390514847729
Glowing Mesh Cube Handwired Table Tea-Light Holder In Iron,Table Tea Light Holder,Iron,1,20.6,339.0,5.8289456176102075
Homely Hen' Handpainted Tea Light Holder Cum Garden Decorative Showpiece In Metal (17.8 cm),Table Tea Light Holder,Other,1,17.8,829.0,6.721425700790643
Jugnu Chakori' Wooden Tea Light Holder (Set of 2),Table Tea Light Holder,Wood,2,20.6,489.0,6.194405391104672
Jugnu Stambh' Tea Light Holder (Set of 3),Table Tea Light Holder,Other,3,20.6,759.0,6.633318433280377
Jugnu Heera' Wooden Tea Light Holder,Table Tea Light Holder,Wood,1,20.6,359.0,5.886104031450156
Jugnu Drum' Wooden Tea Light Holder (Set of 2),Table Tea Light Holder,Wood,2,20.6,489.0,6.194405391104672
"ExclusiveLane 'Cone Trio' Ceramic Table Tea Light Holder (Set Of 3, Hand-Glazed, 15.5 Cms)",Table Tea Light Holder,Ceramic,3,20.6,999.0,6.907755278982137
"ExclusiveLane 'Chirpy Birdy' Ceramic Table Tea Light Holder (Hand-Painted, 13.5 Cms)",Table Tea Light Holder,Ceramic,1,20.6,899.0,6.802394763324311
'Shimmering Moon' Hand-Carved Blocks Tea-Light Holders In Sheesham Wood (Set of 2),Table Tea Light Holder,Wood,2,20.6,649.0,6.476972362889683
'Dazzling Elephant' Hand-Carved Block Tea-Light Holder In Sheesham Wood,Table Tea Light Holder,Wood,1,20.6,575.0,6.3561076606958915
'Shore Lights' Handcrafted Ceramic Tea-Light Holder,Table Tea Light Holder,Ceramic,1,20.6,529.0,6.272877006546167
'Shore Lights' Handcrafted Ceramic Tea-Light Holder,Table Tea Light Holder,Ceramic,1,20.6,529.0,6.272877006546167
Jugnu Stambh' Tea Light Holder (Set of 3),Table Tea Light Holder,Other,3,20.6,769.0,6.646390514847729
The Dome Mesh' Handwoven Showpiece Cum Hanging & Table Tea-Light Holder In Iron (22.9 cm | Copper Finish),Table Tea Light Holder,Iron,1,22.9,709.0,6.565264970035361
The Spectacled Owl Mesh' Handwoven Showpiece Cum Hanging & Table Tea-Light Holder In Iron (22.9 cm | Copper Finish),Table Tea Light Holder,Iron,1,22.9,709.0,6.565264970035361
'Radiant Palm' Hand-Carved Blocks Tea-Light Holders In Sheesham Wood (Set of 2),Table Tea Light Holder,Wood,2,20.6,599.0,6.396929655216146
'Radiant Palm' Hand-Carved Block Tea-Light Holder In Sheesham Wood,Table Tea Light Holder,Wood,1,20.6,549.0,6.309918278226516
'Owl On A Roll' Hand Carved Toilet Roll Holder In Sheesham Wood,Table Tissue Roll Dispenser,Wood,1,20.6,1299.0,7.170119543449628
'The Dancing Peacock' Hand Carved Toilet Roll Holder in Sheesham Wood,Table Tissue Roll Dispenser,Wood,1,20.6,879.0,6.779921907472252
"'Diamond Geometrica' Multiutility Tea Box (3 Sections, Sheesham Wood, Pyrographed)",Tea Box,Wood,1,20.6,1649.0,7.408530566894626
'The Elephant Warriors' Hand Carved Multi-Utility Tea Box In Sheesham Wood (4 Compartments),Tea Box,Wood,1,20.6,1599.0,7.3777589082278725
'The Hut Morning Companions' Hand-Painted Ceramic Tea & Coffee Cups (Set Of 6),Tea Cups,Ceramic,6,20.6,999.0,6.907755278982137
"Palm Grove' Ceramic Tea Cups (Set of 6, Microwave Safe, 200 ml Each, Hand-Painted)",Tea Cups,Ceramic,6,20.6,699.0,6.551080335043404
"'Marina Blues' Ceramic Tea Cups (Set of 4, 150 ml, Microwave Safe, Hand Glazed)",Tea Cups,Ceramic,4,20.6,599.0,6.396929655216146
"'Boho Strokes' Ceramic Tea Cups (Set of 4, 200 ml, Microwave Safe, Hand Glazed)",Tea Cups,Ceramic,4,20.6,599.0,6.396929655216146
"'Boho Strokes Stackable' Ceramic Tea Cups with Holder (Set of 4, 200 ml, Microwave Safe, Hand Glazed)",Tea Cups,Ceramic,4,20.6,899.0,6.802394763324311
"'Mocha Brewline' Ceramic Tea Cups (Set of 6, 220 ml, Microwave Safe, Hand Glazed)",Tea Cups,Ceramic,6,20.6,799.0,6.684611727667927
"'Mocha Brewline' Ceramic Tea Cups (Set of 4, 220 ml, Microwave Safe, Hand Glazed)",Tea Cups,Ceramic,4,20.6,599.0,6.396929655216146
"'Sage Ribbed' Ceramic Tea cups (Set of 4, 190 ml, Microwave Safe, Hand Glazed)",Tea Cups,Ceramic,4,20.6,599.0,6.396929655216146
"'Sage Ribbed' Ceramic Tea cups (Set of 6, 190 ml, Microwave Safe, Hand Glazed)",Tea Cups,Ceramic,6,20.6,799.0,6.684611727667927
"'Whispers of Warli' Handcrafted Ceramic Tea Cups (Set of 6, 140 ML, Microwave Safe)",Tea Cups,Ceramic,6,20.6,799.0,6.684611727667927
"'Ribbed Medley' Ceramic Tea Cups (Set of 6, 110 ml, Microwave Safe, Hand Glazed)",Tea Cups,Ceramic,6,20.6,699.0,6.551080335043404
"'Jungle Brew' Decal Ceramic Tea Cups (Set of 6, 200 ml, Microwave Safe, Hand Glazed)",Tea Cups,Ceramic,6,20.6,899.0,6.802394763324311
"'Forest Deer' Decal Ceramic Tea Cups (Set of 6, 200 ml, Microwave Safe, Handcrafted)",Tea Cups,Ceramic,6,20.6,899.0,6.802394763324311
"'Jungle Brew' Decal Ceramic Tea Cups (Set of 4, 200 ml, Microwave Safe, Hand Glazed)",Tea Cups,Ceramic,4,20.6,649.0,6.476972362889683
"'Forest Deer' Decal Ceramic Tea Cups (Set of 4, 200 ml, Microwave Safe, Handcrafted)",Tea Cups,Ceramic,4,20.6,649.0,6.476972362889683
"'Chai Birdies' Terracotta Coffee & Tea Cups (Set Of 2, 250 ML, Hand-Painted, Orange)",Tea Cups,Terracotta/Clay,2,20.6,1199.0,7.090076835776092
"ExclusiveLane 'Warli Village Tales' Handcrafted Coffee & Tea Cups In Ceramic (Set of 6, Microwave Safe, 150 ML)",Tea Cups,Ceramic,6,20.6,849.0,6.745236349484363
"ExclusiveLane 'Forest Canopy' Ceramic Tea Cups (Set of 6, 140 ML, Microwave Safe, Hand Glazed)",Tea Cups,Ceramic,6,20.6,899.0,6.802394763324311
"'Terra Tones' Hand Glazed Coffee & Tea Cups In Ceramic (Set Of 6, 120 ml, Microwave Safe)",Tea Cups,Ceramic,6,20.6,649.0,6.476972362889683
"'Deer & Floral' Decals Coffee & Tea Cups In Ceramic (Set Of 6, 150 ML, Microwave Safe)",Tea Cups,Ceramic,6,20.6,775.0,6.654152520183219
"ExclusiveLane 'Forest Canopy' Ceramic Tea Cups (Set of 6, 190 ML, Microwave Safe, Hand Glazed)",Tea Cups,Ceramic,6,20.6,799.0,6.684611727667927
"ExclusiveLane 'Sage Serenity' Porcelain Tea Cups (Set of 6, 200 ML, Microwave Safe, Hand Glazed)",Tea Cups,Other,6,20.6,999.0,6.907755278982137
"ExclusiveLane 'Mariana Blues' Ceramic Tea Cups (Set of 6, 190 ML, Microwave Safe, Hand Glazed)",Tea Cups,Ceramic,6,20.6,799.0,6.684611727667927
'Ocean Caffeine Hangouts' Handpainted Tea & Coffee Cups In Ceramic (Set Of 6),Tea Cups,Ceramic,6,20.6,759.0,6.633318433280377
"'The Railway Nostalgia' Cutting Chai Tea Glasses Set With Holder (Set of 6, 120 ml)",Tea Glasses,Glass,6,20.6,1299.0,7.170119543449628
"ExclusiveLane 'Warli Village Tales' Handcrafted Ceramic Tea Glasses (Set of 6, 100 ML, Microwave Safe)",Tea Glasses,Ceramic,6,20.6,735.0,6.601230118728877
'Geometric' Chai/Tea Glasses With Iron Holder (6 Glasses),Tea Glasses,Iron,1,20.6,999.0,6.907755278982137
"'Warli Tales' Ceramic Tea/Chai Glasses With Iron Holder (Set of 6, 130 ML, Handcrafted)",Tea Glasses,Ceramic,6,20.6,1299.0,7.170119543449628
"'Whispers of Warli' Handcrafted Ceramic Tea Glasses (Set of 6, 160 ML, Microwave Safe)",Tea Glasses,Ceramic,6,20.6,735.0,6.601230118728877
"'The Railway Nostalgia' Cutting Chai Tea Glasses Set With Holder (Set of 4, 120 ml)",Tea Glasses,Glass,4,20.6,999.0,6.907755278982137
"'Pastel Punch' Cutting Chai Ceramic Tea Glasses Set With Iron Holder (Set of 6, 110 ML)",Tea Glasses,Ceramic,6,20.6,1449.0,7.27931883541462
'Linear Flames' Tea Light Holder Centerpiece In Mango Wood & Glass (7 Votive Holders),Tea Light Holder,Wood,1,20.6,1569.0,7.358830898342354
'Floating Flames' Tea Light Holder Centerpiece In Iron & Glass (6 Votive Holders),Tea Light Holder,Iron,1,20.6,1479.0,7.299797366758161
'Magnolia' Handcrafted Wall Sconce Tea Light Holder In Iron & Glass (4 Votive Holders),Tea Light Holder,Iron,1,20.6,999.0,6.907755278982137
'Butterflies & Leaf' Handcrafted Wall Sconce Tea Light Holder In Iron & Glass (3 Votive Holders),Tea Light Holder,Iron,1,20.6,899.0,6.802394763324311
'Bauhaus Glass' Handcrafted Wall Sconce Tea Light Holder In Iron & Glass (4 Votive Holders),Tea Light Holder,Iron,1,20.6,999.0,6.907755278982137
Sustainable & Handcrafted. Durable Newspaper & Cork Utility Pouches (Set of 2),Tech Bags & Cases,Other,2,20.6,1880.0,7.53955882930103
Handcrafted  Leather Cross Body Bag With Hand Stitch Detail,Tech Bags & Cases,Other,1,20.6,1640.0,7.403061091090091
Handcrafted  Leather Cross Body Bag With Hand Stitch Detail,Tech Bags & Cases,Other,1,20.6,1640.0,7.403061091090091
Handcrafted  Leather Cross Body Bag With Hand Stitch Detail,Tech Bags & Cases,Other,1,20.6,1640.0,7.403061091090091
Handcrafted  Leather Cross Body Bag  With Hand Stitch Detail,Tech Bags & Cases,Other,1,20.6,2520.0,7.83241092718792
Handcrafted Leather Backpack with Hand Stitch Detail,Tech Bags & Cases,Other,1,20.6,3480.0,8.15507488781144
Handcrafted Leather Backpack with Hand Stitch Detail,Tech Bags & Cases,Other,1,20.6,3480.0,8.15507488781144
Handcrafted Leather Cross-Body Bag with Hand Stitch Detail,Tech Bags & Cases,Other,1,20.6,3480.0,8.15507488781144
Handcrafted Leather Cross-Body Bag with Hand Stitch Detail,Tech Bags & Cases,Other,1,20.6,3480.0,8.15507488781144
"Handwoven Kashida Pattu Throw / Runner - Black Symphony, Large",Throws,Other,1,20.6,2850.0,7.955425088912672
Hand-Painted Fishes Napkin Holder In Sheesham Wood,Tissue Roll Dispenser,Wood,1,20.6,1599.0,7.3777589082278725
Bird Collection Brown Elegant Napkin Holder In Sheesham Wood,Tissue Roll Dispenser,Wood,1,20.6,1599.0,7.3777589082278725
'Vibrant Flutter' Handcrafted Kitchen Tissue Roll Holder In Sheesham Wood,Tissue Roll Dispenser,Wood,1,20.6,1209.0,7.098375638590786
'The Dancing Peacock' Hand Carved Kitchen Tissue Roll Holder in Sheesham Wood,Tissue Roll Dispenser,Wood,1,20.6,1349.0,7.2078598714324755
"'Forge Grid' Kitchen Tissue Roll Holder (Iron, Hand-Painted)",Tissue Roll Dispenser,Iron,1,20.6,849.0,6.745236349484363
Pure Silver Traditional Maharashtrian Toe Rings - Mridya (Set of 2),Toe Rings,Other,2,20.6,3820.0,8.2482674474469
Pure Silver Traditional Maharashtrian Toe Rings - Padmaja (Set of 2),Toe Rings,Other,2,20.6,4100.0,8.31898612539206
Pure Silver Traditional Maharashtrian Toe Rings - Nupura (Set of 2),Toe Rings,Other,2,20.6,3750.0,8.229777750081887
Pure Silver Traditional Maharashtrian Toe Rings - Taruni (Set of 2),Toe Rings,Other,2,20.6,3540.0,8.172164452111904
Pure Silver Traditional Maharashtrian Toe Rings - Kavyaang (Set of 2),Toe Rings,Other,2,20.6,3610.0,8.191740021277457
Pure Silver Traditional Maharashtrian Toe Rings - Sohali (Set of 2),Toe Rings,Other,2,20.6,3540.0,8.172164452111904
'Floral Block' Hand Carved Towel Ring Holder In Sheesham Wood,Towel Ring,Wood,1,20.6,1599.0,7.3777589082278725
'The Dancing Peacock' Hand Carved Towel Ring Holder in Sheesham Wood,Towel Ring,Wood,1,20.6,1549.0,7.346010209913293
'Brass-y On Wood' Warli Hand-Painted Dhokra Towel Holder In Sheesham Wood,Towel Ring,Brass,1,20.6,1259.0,7.138866999945524
The Kantha & Canvas Duffle Bag - Olive Peacocks,Travel Bags,Other,1,20.6,3990.0,8.291797105048733
The Kantha & Canvas Duffle Bag - Khakhi Turtle,Travel Bags,Other,1,20.6,3990.0,8.291797105048733
The Kantha & Canvas Duffle Bag - Khakhi Peacocks,Travel Bags,Other,1,20.6,3990.0,8.291797105048733
Warli Art Wooden Tray - Village Scenes,Tray & Things,Wood,1,20.6,1880.0,7.53955882930103
Warli Art Wooden Tray - Tree of Life,Tray & Things,Wood,1,20.6,1880.0,7.53955882930103
Warli Art Wooden Tray - Black & White Village,Trays & Things,Wood,1,20.6,1880.0,7.53955882930103
Kashmiri Art Tray - Beige Floral,Trays & Things,Other,1,20.6,4060.0,8.309184527686298
Kashmiri Art Tray - Ornate Flora,Trays & Things,Other,1,20.6,4870.0,8.491054533806542
"Lacquered, Hand Painted Patua Art Wooden Tray - Fish (Set of 2)",Trays & Things,Wood,2,20.6,1650.0,7.409136443920128
Wooden Sitalpati Tray Crosshatched - Red,Trays & Things,Wood,1,20.6,3530.0,8.169336395928386
Handcrafted Wooden Engraved Decorative Box - Elephant,Trays & Things,Wood,1,20.6,2430.0,7.796057974316123
Wood Engraved Floral Tray - Flower,Trays & Things,Wood,1,20.6,3950.0,8.281723990411392
Wood Engraved Floral Tray - Red Flower,Trays & Things,Wood,1,20.6,3950.0,8.281723990411392
Wood Engraved Floral Tray - Blue Flower,Trays & Things,Wood,1,20.6,3950.0,8.281723990411392
Wood Engraved Floral Tray - Blue Flora,Trays & Things,Wood,1,20.6,3950.0,8.281723990411392
Wood Engraved Floral Tray - Red Flora,Trays & Things,Wood,1,20.6,3950.0,8.281723990411392
Wood Engraved Floral Tray - Red,Trays & Things,Wood,1,20.6,3950.0,8.281723990411392
Tarakashi Wooden Inlay Decorative Tray - Floral,Trays & Things,Wood,1,20.6,3950.0,8.281723990411392
Tarakashi Wooden Inlay Decorative Tray - Floral,Trays & Things,Wood,1,20.6,4150.0,8.33110454805304
Tarakashi Wooden Inlay Decorative Tray - Floral,Trays & Things,Wood,1,20.6,4150.0,8.33110454805304
Tarakashi Wooden Inlay Decorative Tray - Floral,Trays & Things,Wood,1,20.6,3950.0,8.281723990411392
Wood & Dhokra Craft Tray With Dhokra Flower - Triangle,Trays & Things,Wood,1,20.6,1790.0,7.490529402060711
Wood & Dhokra UtilityBox with Dhokra Flower Handle - Log Box,Trays & Things,Wood,1,20.6,1880.0,7.53955882930103
Wood & Dhokra Craft Tray / Cheese Platter with Dhokra Man - Rectangular,Trays & Things,Wood,1,20.6,1290.0,7.1631723908466425
Wood & Dhokra Craft Tray / Cheese Platter with Dhokra Man - Rectangular,Trays & Things,Wood,1,20.6,1290.0,7.1631723908466425
Wood & Dhokra Craft Tray / Cheese Board With Dhokra Flower - Abstract,Trays & Things,Wood,1,20.6,2040.0,7.621195162809845
Wood & Dhokra Craft Small Platter With Dhokra Flower - Square,Trays & Things,Wood,1,20.6,1540.0,7.340186835320115
Handcrafted Wooden Engraved Tray - Blue Floral,Trays & Things,Wood,1,20.6,3580.0,8.183397369998433
Handcrafted Wooden Engraved Decorative Box - Blue Floral,Trays & Things,Wood,1,20.6,2430.0,7.796057974316123
Warli Art Wooden Decorative Box - Brown,Trays & Things,Wood,1,20.6,1250.0,7.1316985104669115
Wood & Dhokra Craft Serving Tray with Dhokra Handles - Rectangle (Slim),Trays & Things,Wood,1,20.6,1590.0,7.372118028337787
Wood & Dhokra Craft Serving Tray with Flower - Long Triangle,Trays & Things,Wood,1,20.6,1690.0,7.43307534889858
Gond Art Hand Painted Tray,Trays & Things,Other,1,20.6,3680.0,8.210939733379021
"Wooden Panel Tray, Long",Trays & Things,Wood,1,20.6,860.0,6.7580945044277305
'Abstract Extendable Fish' Handcrafted Trivet Tray In Sheesham Wood,Trivets,Wood,1,20.6,1099.0,7.003065458786462
'A Happy-Go-Lucky Owl' Trivet With Hand Carved Owl Motif In Sheesham Wood,Trivets,Wood,1,20.6,599.0,6.396929655216146
Brass Tree with Birds 9 in,Uncategorized,Brass,1,22.86,7500.0,8.922791623969637
Butterfly Motif Gift Bag 7 in x 10 in,Uncategorized,Other,1,17.78,195.0,5.278114659230517
Frangipani & Sambrani Fragrance Gift Set (S/3),Uncategorized,Other,1,20.6,199.0,5.298317366548036
Brass India Map Scriptum Bookmark,Uncategorized,Brass,1,20.6,610.0,6.415096959171596
Silver Plated Resin Krishna 12 cm x 23 cm,Uncategorized,Other,1,12.0,8650.0,9.065430200180375
Brass Dhoop Burner Tortoise Round,Uncategorized,Brass,1,20.6,3800.0,8.24301946898925
5 Year Floral Diary A5 - 384 pgs | 5.75 in x 8.11 in,Uncategorized,Other,1,14.605,895.0,6.79794041297493
5 Year Alphabetical Diary A5 - 384 pgs | 5.75 in x 8.11 in,Uncategorized,Other,1,14.605,895.0,6.79794041297493
Elephant Floral Office Handbag,Uncategorized,Other,1,20.6,2500.0,7.824445930877619
Leather Diary in Paisely Design 7 in x 5 in,Uncategorized,Other,1,17.78,730.0,6.594413459749778
Bronze Singing Bowl 5.5 in,Uncategorized,Other,1,13.97,3900.0,8.268988209506656
Chess King & Queen Decor (S/2),Uncategorized,Other,1,20.6,1250.0,7.1316985104669115
Aluminium Auto 5.5 in,Uncategorized,Other,1,13.97,1400.0,7.244941546337007
Aluminium Vintage Car 9 in,Uncategorized,Other,1,22.86,2900.0,7.972810784121404
Mashroo Coin Pouch,Uncategorized,Other,1,20.6,230.0,5.442417710521793
Elephant Jute Tote Bag,Uncategorized,Jute,1,20.6,195.0,5.278114659230517
Wooden Bookmark Saraswati (S/2),Uncategorized,Wood,1,20.6,400.0,5.993961427306569
Wooden Bookmark Two Musician Lady (S/2),Uncategorized,Wood,1,20.6,400.0,5.993961427306569
Wooden Bookmark Peacock on Tree (S/2),Uncategorized,Wood,1,20.6,400.0,5.993961427306569
Elephant Beaded Coin Pouch (Blue & Orange),Uncategorized,Other,1,20.6,395.0,5.981414211254481
Puzzle Ball Keychain 2 in,Uncategorized,Other,1,5.08,110.0,4.709530201312334
Brass Wheel Rope Bell 3 in,Uncategorized,Brass,1,7.62,995.0,6.903747257584598
Leather Diary with Embossed Owl Print & Metal Lock 7 in x 5 in,Uncategorized,Other,1,17.78,750.0,6.621405651764134
"Leather Diary with Embossed Floral Print, Dori & Tassel 7 in x 5 in",Uncategorized,Other,1,17.78,695.0,6.54534966033442
Horizontal Gift Bag 15.75 in x 11.25 in x 3.75 in,Uncategorized,Other,1,40.005,599.0,6.396929655216146
Blue Pasiley Design Molidora Diary 5 in x 7 in,Uncategorized,Other,1,12.7,200.0,5.303304908059076
Brass Double Bell 5 in x 5 in,Uncategorized,Brass,1,12.7,1405.0,7.2485040723706105
Envelope in Assorted Designs (S/10),Uncategorized,Other,1,20.6,399.0,5.991464547107982
Brass Shoe Horn with Handle 10.30 in,Uncategorized,Brass,1,26.162000000000003,550.0,6.311734809152915
Ajrakh Brown Leather Case with Diary,Uncategorized,Other,1,20.6,950.0,6.85751406254539
Wood Painted Paper Cutter 7 in,Uncategorized,Wood,1,17.78,250.0,5.5254529391317835
Jute Shopper Bag with Cord Handle 36 cm x 35 cm,Uncategorized,Jute,1,36.0,250.0,5.5254529391317835
Brass Bookmark in Flower Design,Uncategorized,Brass,1,20.6,520.0,6.255750041753367
Golden Orange Pekoe Special Darjeeling Tea 100 gm,Uncategorized,Other,1,20.6,395.0,5.981414211254481
Decorative Small Cushion Keychain S/2 (Assorted Designs),Uncategorized,Other,1,20.6,175.0,5.170483995038151
Saura Celebration Handpainted Glass Frame 12 in x 12 in,Uncategorized,Glass,1,30.48,3650.0,8.202756381655638
Metal Clock Fitted in Wooden Box 8 in,Uncategorized,Wood,1,20.32,2900.0,7.972810784121404
Auspicious Handpainted Glass Frame 20 cm x 20 cm,Uncategorized,Glass,1,20.0,2350.0,7.762596048540069
Ground Coffee in Jute Bag 100 gm (Un Roasted),Uncategorized,Jute,1,20.6,495.0,6.206575926724928
Wood Wall Clock Brass Floral Design 18 in,Uncategorized,Brass,1,45.72,3200.0,8.071218539969863
Hand Painted Leather Diary with Embossed Mandala Design & Dori 7 in x 5 in,Uncategorized,Other,1,17.78,550.0,6.311734809152915
Small Hand Painted Elephant T- Lite Holder 6 in,Uncategorized,Other,1,15.24,395.0,5.981414211254481
Wooden Elephant Bookmark (S/2),Uncategorized,Wood,1,20.6,400.0,5.993961427306569
Cutstone Spiral Silver Bangle,Uncategorized,Stone/Marble,1,20.6,3990.0,8.291797105048733
Wooden Chess with Magnetic Folding 5 in,Uncategorized,Wood,1,12.7,995.0,6.903747257584598
Shiva Temple Frame 6.5 in x 5.5 in,Uncategorized,Other,1,16.51,2200.0,7.696667081526462
Globe with Table Clock 3 in,Uncategorized,Other,1,7.62,2100.0,7.650168700845001
Paisley Cufflinks,Uncategorized,Other,1,20.6,1299.0,7.170119543449628
Elephant Cufflinks,Uncategorized,Other,1,20.6,1299.0,7.170119543449628
Silver Plated T Light with Tree on Rose Quartz Base,Uncategorized,Other,1,20.6,2420.0,7.791935956938058
Brass Amer Mesh Bookmark,Uncategorized,Brass,1,20.6,690.0,6.53813982376767
Teak Wood Round Wall Clock with Pendulum 20 in x 3 in x 20 in,Uncategorized,Wood,1,50.8,7750.0,8.955577146281511
Marka Stone Silver Payal (Assorted),Uncategorized,Stone/Marble,1,20.6,9600.0,9.169622538697624
Table Lamp with Stand 10 in,Uncategorized,Other,1,25.4,395.0,5.981414211254481
Votive Holder with Cutwork 4 in (Red Colour),Uncategorized,Other,1,10.16,200.0,5.303304908059076
Votive Holder with Lotus Cutwork in Black Colour 4.5 in,Uncategorized,Other,1,11.43,199.0,5.298317366548036
Marka Stone Silver Bracelet (Assorted),Uncategorized,Stone/Marble,1,20.6,4500.0,8.412054873292933
Multi Stone Marka Necklace,Uncategorized,Stone/Marble,1,20.6,5900.0,8.682877107057168
Cutstone Flower Silver Ring (Assorted),Uncategorized,Stone/Marble,1,20.6,2990.0,8.003363058629947
Adjustible Cutstone Silver Kada,Uncategorized,Stone/Marble,1,20.6,3950.0,8.281723990411392
Meenakari Silver Bangle with Flower Design (Blue),Uncategorized,Other,1,20.6,5990.0,8.698013622083925
Phad Raja Ki Sawari Painting (Mount) - 9.5 in x 9.5 in,Uncategorized,Other,1,24.13,1980.0,7.591357046698551
Phad Krishna Leela Painting (Mount) - 9.5 in x 9.5 in,Uncategorized,Other,1,24.13,1980.0,7.591357046698551
Marble Tea Coaster (S/6),Uncategorized,Stone/Marble,1,20.6,2100.0,7.650168700845001
Brass Chowki Elephant Design with Gungroo Stonework 8 in x 5 in,Uncategorized,Brass,1,20.32,9200.0,9.127067452782361
Mobile Sling with Neran Emboidery 7 in,Uncategorized,Other,1,17.78,750.0,6.621405651764134
Good Vibes Beaded Coin Pouch,Uncategorized,Other,1,20.6,395.0,5.981414211254481
Iron Hand Painted Happy Drum 9 in x 9 in (Assorted),Uncategorized,Iron,1,22.86,3100.0,8.03947991910045
Yellow Flower Beaded Mobile Sling Bag,Uncategorized,Other,1,20.6,1295.0,7.16703787691222
Butterfly Pouch (Blue Colour),Uncategorized,Other,1,20.6,495.0,6.206575926724928
Marble Meenkari Flower Vase 9 in (Assorted),Uncategorized,Stone/Marble,1,22.86,3700.0,8.216358332386156
Brass Drop Shape Deepak 3.25 in x 1 in (S/4),Uncategorized,Brass,1,8.255,1900.0,7.550135342488429
Silver & Gold Plated Flower T Light Holder on Rose Quartz Base 5.5 in x 4.5 in,Uncategorized,Other,1,13.97,1750.0,7.467942332285852
Marble Dust Silver Plated Ganesha on Round Base 4.5 in x 3.5 in,Uncategorized,Stone/Marble,1,11.43,5200.0,8.556606193773073
Silver Deepak with 5 Bati Embedded Stones 36.5 gm,Uncategorized,Stone/Marble,1,20.6,9600.0,9.169622538697624
Daisy Flower Trinklet Box (Teal colour),Uncategorized,Other,1,20.6,495.0,6.206575926724928
Shanti Niketan Leather Sling Bag for Women,Uncategorized,Other,1,20.6,1295.0,7.16703787691222
Marble Dust Krishna Standing with Cow 10.5 in,Uncategorized,Stone/Marble,1,26.67,8000.0,8.987321812850125
Whitewood Elephant Diamond Cutwork 4 in,Uncategorized,Wood,1,10.16,950.0,6.85751406254539
Bamboo Mural Lakshmi Painting - 14 in x 7 in,Uncategorized,Other,1,35.56,7500.0,8.922791623969637
Bamboo Mural Parvati Painting - 9 in x 6 in,Uncategorized,Other,1,22.86,4300.0,8.366602832783736
Bamboo Mural Shiva Painting - 14.5 in x 7 in,Uncategorized,Other,1,36.83,7200.0,8.881975184248867
Bamboo Mural Painting - 11 in x 5.5 in,Uncategorized,Other,1,27.94,3600.0,8.188966863648876
Phad Welcoming Painting (Mount) - 9.5 in x 9.5 in,Uncategorized,Other,1,24.13,1980.0,7.591357046698551
Phad Raja with Hukka Painting (Mount) - 9.5 in x 9.5 in,Uncategorized,Other,1,24.13,1980.0,7.591357046698551
Phad Rajasthani Dance Painting (Mount) - 9.5 in x 9.5 in,Uncategorized,Other,1,24.13,1980.0,7.591357046698551
Phad Rajasthani Dance Painting (Mount) - 9.5 in x 9.5 in,Uncategorized,Other,1,24.13,1980.0,7.591357046698551
Phad Krishna Leela Painting (Mount) - 9.5 in x 9.5 in,Uncategorized,Other,1,24.13,1980.0,7.591357046698551
Phad Raja Ki Barat Painting (Mount) - 9.5 in x 9.5 in,Uncategorized,Other,1,24.13,1980.0,7.591357046698551
Phad Raja Ki Barat Painting (Mount) - 9.5 in x 9.5 in,Uncategorized,Other,1,24.13,1980.0,7.591357046698551
Silver Plated Tray Anjeer Bowl Spoon 4 in (S/2),Uncategorized,Other,1,10.16,1800.0,7.496097345175956
Brass Meenakari Bowl with Box 5 in,Uncategorized,Brass,1,12.7,1100.0,7.00397413672268
Gold & Silver Bowl with Box 7.5 in,Uncategorized,Other,1,19.05,1995.0,7.59890045687141
Brass Kerala Style Lamp 5.5 in (S/2),Uncategorized,Brass,1,13.97,1900.0,7.550135342488429
Brass Deepak in Peacock Design with Silver Plating 4.5 in Each (S/2),Uncategorized,Brass,1,11.43,2600.0,7.8636512654486515
Mandala Tiles Copper Bottle 950 ml,Uncategorized,Other,1,20.6,1295.0,7.16703787691222
Blue Pottery Pen Stand,Uncategorized,Ceramic,1,20.6,195.0,5.278114659230517
Chill Monk Design T-Shirt,Uncategorized,Other,1,20.6,650.0,6.478509642208569
On A High Design T-Shirt,Uncategorized,Other,1,20.6,650.0,6.478509642208569
Mumbai On Wheels Design T-Shirt,Uncategorized,Other,1,20.6,650.0,6.478509642208569
Incredible India Design T-Shirt,Uncategorized,Other,1,20.6,650.0,6.478509642208569
Deer Fruit Design T-Shirt,Uncategorized,Other,1,20.6,650.0,6.478509642208569
Giraffe Design T-Shirt,Uncategorized,Other,1,20.6,650.0,6.478509642208569
Elephant Design T-Shirt,Uncategorized,Other,1,20.6,650.0,6.478509642208569
Birds Design T-Shirt,Uncategorized,Other,1,20.6,995.0,6.903747257584598
Marble Dust Balaji in Ivory Finish 8.3 in,Uncategorized,Stone/Marble,1,21.082,4200.0,8.343077871169383
Sui Dhaaga Pen Stand,Uncategorized,Other,1,20.6,195.0,5.278114659230517
Resin Monk Baby in Black and Orange Finish 5 in (Set of 3),Uncategorized,Other,3,12.7,3200.0,8.071218539969863
Resin Shivaji Maharaj on Horse 12 in,Uncategorized,Other,1,30.48,5100.0,8.537191877922927
Iron Tribal Couple on Cycle 9 in x 10 in,Uncategorized,Iron,1,22.86,1900.0,7.550135342488429
Khanna South Indian Brahman Male Doll 10 in (Assorted Colours),Uncategorized,Other,1,25.4,1444.0,7.275864600546533
Kanmani Doll in Skirt & Blouse 10 in (Assorted Colours),Uncategorized,Other,1,25.4,1444.0,7.275864600546533
Kanmani Kerala Doll 10 in (Assorted Colours),Uncategorized,Other,1,25.4,1811.0,7.502186486602924
Kanmani Rajasthani Doll 10 in (Assorted Colours),Uncategorized,Other,1,25.4,1811.0,7.502186486602924
Tealight Candles Unscented White (Pack of 50),Uncategorized,Other,50,20.6,295.0,5.69035945432406
Spinning Lattu and Wind-Up Top Set of 2,Uncategorized,Other,2,20.6,499.0,6.214608098422191
Lagori Seven Stones,Uncategorized,Stone/Marble,1,20.6,599.0,6.396929655216146
Mumbai Ceramic Shot Glass,Uncategorized,Ceramic,1,20.6,250.0,5.5254529391317835
I Luv India Fridge Magnet in MDF,Uncategorized,Other,1,20.6,250.0,5.5254529391317835
Flower Pressed Square Coaster with Yellow Flower,Uncategorized,Other,1,20.6,350.0,5.860786223465865
"'Elephant Motif' Handcrafted Ceramic Tea Cups & Kettle  Set (6 Cups, 1 Kettle)",Uncategorized,Ceramic,1,20.6,1599.0,7.3777589082278725
"Exclusive, Fine Kashmiri Hand Embroidered Cotton Kurta / Dress Fabric - Shades of Cream",Unstitched Sets & Fabric,Cotton,1,20.6,2090.0,7.645397699428633
"ExclusiveLane 'Kamal Pushp' Iron Decorative Urli Bowl (Hand-Etched, 25.2 Cm)",Urli,Iron,1,25.2,1499.0,7.313220387090301
"ExclusiveLane 'Prakashriti' Iron Decorative Urli Bowl (Handcrafted, 26.1 Cm)",Urli,Iron,1,26.1,1499.0,7.313220387090301
"ExclusiveLane 'AmritPatra' Aluminium Urli Bowl (Hand-Etched, 4.4 Cm)",Urli,Other,1,4.4,1499.0,7.313220387090301
"ExclusiveLane 'KamalPatra' Aluminium Urli Bowl (Hand-Etched, 6.4 Cm)",Urli,Other,1,6.4,1499.0,7.313220387090301
"ExclusiveLane 'Swarna Kalash' Iron Decorative Urli Bowl (Handcrafted, 20.3 Cm)",Urli,Iron,1,20.3,1399.0,7.24422751560335
"Earthen Charm Terracotta Decorative Vase (17.6 cm, Handmade)",Vase,Terracotta/Clay,1,17.6,799.0,6.684611727667927
"Earthen Duo Terracotta Decorative Vases (Set of 2, Earthen Brown, Handmade)",Vase,Terracotta/Clay,2,20.6,1349.0,7.2078598714324755
"'Minimalistic Elevated' Decorative Ceramic Vase (Handglazed Studio Pottery, 33.8 cm)",Vases,Ceramic,1,33.8,899.0,6.802394763324311
"'Yin-Yang' Decorative Ceramic Vases (Set of 2, 22.6 cm, Handglazed Studio Pottery)",Vases,Ceramic,2,22.6,999.0,6.907755278982137
15.2 cm Terracotta Handpainted Warli Matki Shaped Vase In White,Vases,Terracotta/Clay,1,15.2,749.0,6.620073206530356
'Whispers of Warli' Handcrafted Ceramic Vase,Vases,Ceramic,1,20.6,760.0,6.634633357861686
15.2 cm Terracotta Handpainted Yellow Matki Shaped Vase In Yellow,Vases,Terracotta/Clay,1,15.2,749.0,6.620073206530356
15.2 cm Terracotta Handpainted Warli Round Shaped Vase In White,Vases,Terracotta/Clay,1,15.2,539.0,6.29156913955832
"'Barrel Modern' Decorative Ceramic Vase (Handglazed Studio Pottery, 21.1 cm)",Vases,Ceramic,1,21.1,999.0,6.907755278982137
"'Aeolus' Decorative Ceramic Vases (Set of 2, Handglazed Studio Pottery)",Vases,Ceramic,2,20.6,929.0,6.835184586147301
'Matki Shaped' Vase With Intricate Madhubani Hand-Painting In Terracotta (15.2 cm),Vases,Terracotta/Clay,1,15.2,799.0,6.684611727667927
"'Japanese Hut' Decorative Ceramic Vase (24.4 cm, Hand-Painted Studio Pottery)",Vases,Ceramic,1,24.4,949.0,6.856461984594587
"'Nordic Flute Navy' Decorative Ceramic Vase (22 cm, Handglazed Studio Pottery)",Vases,Ceramic,1,22.0,649.0,6.476972362889683
"'Nordic Flute Ivory' Decorative Ceramic Vase (22 cm, Handglazed Studio Pottery)",Vases,Ceramic,1,22.0,599.0,6.396929655216146
15.2 cm Terracotta Handpainted Warli Tapered Shape Vase In Blue,Vases,Terracotta/Clay,1,15.2,749.0,6.620073206530356
"'Blush Rose' Decorative Ceramic Vases (Set of 2, 15.5 cm, Handglazed Studio Pottery)",Vases,Ceramic,2,15.5,775.0,6.654152520183219
"ExclusiveLane 'Square Face' Decorative Ceramic Vase (22.4 Cm, Handglazed Studio Pottery)",Vases,Ceramic,1,22.4,660.0,6.493753839851686
"ExclusiveLane 'Ripped Radiance' Decorative Ceramic Vases (Set of 2, 11.5 Cm, Handglazed Studio Pottery)",Vases,Ceramic,2,11.5,1069.0,6.975413927455952
Oasis Flasks' Hand-Painted Money Planter Bottle Vases In Glass (Set of 2 | Turquoise Blue),Vases,Glass,2,20.6,789.0,6.672032945461067
"ExclusiveLane 'Round Faces' Decorative Ceramic Vases (Set of 2, 13.0 Cm, Handglazed Studio Pottery)",Vases,Ceramic,2,13.0,660.0,6.493753839851686
"'Warli Grace' Terracotta Decorative Vases (Set of 3, Turquoise & Yellow, Hand-painted)",Vases,Terracotta/Clay,3,20.6,725.0,6.587550014824796
"'Dewdrop' Modern Decorative Ceramic Vase (Handglazed Studio Pottery, Dusty Pink, 21.1 cm)",Vases,Ceramic,1,21.1,699.0,6.551080335043404
"'Spring Hues' Decorative Ceramic Vases (Set of 2, 10.4 cm, Handglazed Studio Pottery)",Vases,Ceramic,2,10.4,999.0,6.907755278982137
15.2 cm Terracotta Handpainted Warli Matki Shaped Vase In Blue,Vases,Terracotta/Clay,1,15.2,749.0,6.620073206530356
"ExclusiveLane 'Earthen Face' Decorative Ceramic Vases (Set of 2, 22.4 Cm, Handglazed Studio Pottery)",Vases,Ceramic,2,22.4,949.0,6.856461984594587
"'Tribal Faces' Decorative Ceramic Vases (Set of 2, Handglazed Studio Pottery)",Vases,Ceramic,2,20.6,949.0,6.856461984594587
"ExclusiveLane 'Calm Face' Decorative Ceramic Vase (23.3 Cm, Handglazed Studio Pottery)",Vases,Ceramic,1,23.3,699.0,6.551080335043404
"ExclusiveLane 'Pastel Rise' Decorative Ceramic Vase (20.6 Cm, Handglazed Studio Pottery)",Vases,Ceramic,1,20.6,779.0,6.659293919683638
"ExclusiveLane 'Sculpted Harmony' Decorative Ceramic Vases (Set of 2, 13.9 Cm, Handglazed Studio Pottery)",Vases,Ceramic,2,13.9,699.0,6.551080335043404
'The Hut Long-Neck' Hand-Painted Ceramic Vase (30.5 cm),Vases,Ceramic,1,30.5,869.0,6.76849321164863
'Amber & Teal' Studio Pottery Vases In Ceramic (Set of 2),Vases,Ceramic,2,20.6,699.0,6.551080335043404
'Arabian Nights' Hand-Painted Ceramic Vase,Vases,Ceramic,1,20.6,829.0,6.721425700790643
'Sapphire Swirl' Hand Glazed Studio Pottery Vase In Ceramic,Vases,Ceramic,1,20.6,829.0,6.721425700790643
"'Tribal Smiling Face' Decorative Ceramic Vase (Handglazed, 13.5 cm)",Vases,Ceramic,1,13.5,779.0,6.659293919683638
"'Copper Ore' Antique Metal Flower Vase (Iron, Hand-Painted, 18 cm)",Vases,Iron,1,18.0,549.0,6.309918278226516
"ExclusiveLane 'Mindful Aura' Decorative Ceramic Vase (17.3 Cm, Handglazed Studio Pottery)",Vases,Ceramic,1,17.3,599.0,6.396929655216146
"ExclusiveLane 'Moonlit' Decorative Ceramic Vase (18.1 Cm, Hand-Painted)",Vases,Ceramic,1,18.1,699.0,6.551080335043404
"ExclusiveLane 'Ring Stack' Decorative Ceramic Vases (Set of 2, 16.7 Cm, Handglazed Studio Pottery)",Vases,Ceramic,2,16.7,699.0,6.551080335043404
"ExclusiveLane 'Meditating Face' Decorative Ceramic Vase (26.8 Cm, Handglazed Studio Pottery)",Vases,Ceramic,1,26.8,799.0,6.684611727667927
"ExclusiveLane 'Silent Face' Decorative Ceramic Vase (20.8 Cm, Handglazed Studio Pottery)",Vases,Ceramic,1,20.8,660.0,6.493753839851686
"'Autumn' Decorative Ceramic Vases (Set of 3, Handglazed Studio Pottery)",Vases,Ceramic,3,20.6,1349.0,7.2078598714324755
"'Minimalistic Tilted Modern' Decorative Ceramic Vase (Handglazed Studio Pottery, 31 cm)",Vases,Ceramic,1,31.0,789.0,6.672032945461067
"'Tribal Folk Face' Decorative Ceramic  Vase (Handglazed, 26.4 cm)",Vases,Ceramic,1,26.4,1019.0,6.927557906278317
Soapstone Filigree Curio Vase - Blooming Vines,Vases & Flowers,Stone/Marble,1,20.6,4140.0,8.328692583545568
Soapstone Filigree Floral Vase,Vases & Flowers,Stone/Marble,1,20.6,2440.0,7.80016307039296
Soapstone Filigree Flower Vase,Vases & Flowers,Stone/Marble,1,20.6,2440.0,7.80016307039296
Soapstone Filigree Floral Vase,Vases & Flowers,Stone/Marble,1,20.6,3340.0,8.114025442356757
"Handcrafted Shola Flowers - Mixed, Indian Roses & Carnations - Bunch of 20 (Vase not included)",Vases & Flowers,Other,1,20.6,1980.0,7.591357046698551
"Handcrafted Shola Flowers - Blooming Roses, (Bunch of 8)",Vases & Flowers,Other,1,20.6,1770.0,7.479299637782834
Handcrafted Shola Flowers - Soothing Roses (Bunch of 15),Vases & Flowers,Other,1,20.6,1550.0,7.346655163176539
Handcrafted Shola Flowers - Carnations (Bunch of 19),Vases & Flowers,Other,1,20.6,1980.0,7.591357046698551
Handcrafted Shola Flowers - Indian Roses (Bunch of 19),Vases & Flowers,Other,1,20.6,1980.0,7.591357046698551
Handcrafted Shola Flowers - English Roses (Bunch of 16),Vases & Flowers,Other,1,20.6,2580.0,7.855932199718614
Handcrafted Shola Flowers - Roses (Bunch of 19),Vases & Flowers,Other,1,20.6,1960.0,7.581209826196346
Handcrafted Shola Flowers - Wild Wood Roses (Bunch of 11),Vases & Flowers,Wood,1,20.6,1980.0,7.591357046698551
Handcrafted Shola Flowers Mixed - Roses & Crysanthemums (Bunch of 8),Vases & Flowers,Other,1,20.6,1590.0,7.372118028337787
Carved Filigree Stone Vase,Vases & Flowers,Stone/Marble,1,20.6,3130.0,8.049107721326406
Wooden Engraved Flower Holder,Vases & Flowers,Wood,1,20.6,1280.0,7.155396301896734
Exclusive Pichwai Collectibles : Hand Painted Wooden Arched Wall Panel - Kamdhenu,Wall Accents,Wood,1,20.6,2960.0,7.993282328101591
Exclusive Pichwai Carved Collectibles : Wooden Engraved Wall Hook - Gau Valli,Wall Accents,Wood,1,20.6,4630.0,8.440528106480752
Hand Rendered Madhubani Papier Mache Wall Plate - Peacock Foliage,Wall Accents,Other,1,20.6,1190.0,7.0825485693553
Handcrafted Madhubani Art Papier Mache Wall Accents - Piscine Pair (Set of Two),Wall Accents,Other,1,20.6,3530.0,8.169336395928386
Handpainted Cheriyal Wooden Wall Plate - Chaff & Chatter,Wall Accents,Wood,1,20.6,3930.0,8.27664912542186
Handpainted Cheriyal Wooden Wall Plate - Winnow & Gather,Wall Accents,Wood,1,20.6,3930.0,8.27664912542186
"Exclusive Ganjifa Art Painting - Gandaberunda, Medium",Wall Accents,Other,1,20.6,2740.0,7.916078096302786
"Intricate Pattachitra Art Wooden Wall / Table Plaque (12"") - Krishna & Radha, Dasha Avatar",Wall Accents,Wood,1,20.6,6900.0,8.839421607620602
"Intricate Pattachitra Art Wooden Wall / Table Plaque (12"") - Krishna & Gopis, Dasha Avatar",Wall Accents,Wood,1,20.6,6500.0,8.77971129020447
"Intricate Pattachitra Art Wooden Wall/Table Plaque (18"") - Radha & Krishna, Dasha Avatar",Wall Accents,Wood,1,20.6,10700.0,9.278092474027002
"Intricate Pattachitra Art Wooden Wall/Table Plaque (18"") - Radha Krishna, Dasha Avatar",Wall Accents,Wood,1,20.6,10700.0,9.278092474027002
Pichwai Art Wooden Wall Plate / Table Curio - The Elephants,Wall Accents,Wood,1,20.6,2930.0,7.983098940710892
Exclusive Gond Art Wooden Wall Plate / Table Curio - The Cow & Deer Duo (Set of 2),Wall Accents,Wood,2,20.6,4680.0,8.45126704130007
Exclusive Gond Art Wooden Wall Plate / Table Curio - The Peacocks Duo (Set of 2),Wall Accents,Wood,2,20.6,5100.0,8.537191877922927
Exclusive Gond Art Wooden Wall Plate / Table Curio - Fauna Medley (Set of 4),Wall Accents,Wood,4,20.6,9730.0,9.18307194482199
Exclusive Gond Art Wooden Wall Plate / Table Curio - The Fauna Medley (Set of 4),Wall Accents,Wood,4,20.6,9570.0,9.166492972195906
Exclusive Gond Art Wooden Wall Plate / Table Curio - The Elephants Duo (Set of 2),Wall Accents,Wood,2,20.6,4680.0,8.45126704130007
Exclusive Gond Art Wooden Wall Plate / Table Curio - The Peacock & Elephants Trio (Set of 3),Wall Accents,Wood,3,20.6,7440.0,8.914760527397261
Exclusive Gond Art Wooden Wall Plate / Table Curio - The Elephants Trio (Set of 3),Wall Accents,Wood,3,20.6,7350.0,8.902591637374087
Exclusive Gond Art Wooden Wall Plate / Table Curio - The Deer Duo (Set of 2),Wall Accents,Wood,2,20.6,5180.0,8.552753366814787
Exclusive Gond Art Wooden Wall Plate / Table Curio - Cows & Deer Trio (Set of 3),Wall Accents,Wood,3,20.6,7350.0,8.902591637374087
Exclusive Gond Art Wooden Wall Plate / Table Curio - Deer & Cow Duo (Set of 2),Wall Accents,Wood,2,20.6,5430.0,8.599878558034845
Exclusive Gond Art Wooden Wall Plate / Table Curio - Deer & Cow Trio (Set of 3),Wall Accents,Wood,3,20.6,7190.0,8.880585523102495
Exclusive Gond Art Wooden Wall Plate / Table Curio - The Elephants,Wall Accents,Wood,1,20.6,3050.0,8.02322468471667
Exclusive Gond Art Wooden Wall Plate / Table Curio - The Cream Peacock,Wall Accents,Wood,1,20.6,3140.0,8.052296499538647
Exclusive Gond Art Wooden Wall Plate / Table Curio - The Cream Deer,Wall Accents,Wood,1,20.6,3140.0,8.052296499538647
Exclusive Gond Art Wooden Wall Plate / Table Curio - Royal Deer,Wall Accents,Wood,1,20.6,3050.0,8.02322468471667
Exclusive Gond Art Wooden Wall Plate / Table Curio - The Teal Cows,Wall Accents,Wood,1,20.6,3140.0,8.052296499538647
Exclusive Gond Art Wooden Wall Plate / Table Curio - Teal Deer,Wall Accents,Wood,1,20.6,3050.0,8.02322468471667
Exclusive Gond Art Wooden Wall Plate / Table Curio - The Cream Elephants,Wall Accents,Wood,1,20.6,2590.0,7.85979918056211
Exclusive Gond Art Wooden Wall Plate / Table Curio - Cream Elephant,Wall Accents,Wood,1,20.6,2590.0,7.85979918056211
Exclusive Gond Art Wooden Wall Plate / Table Curio - Cream Peacock,Wall Accents,Wood,1,20.6,2680.0,7.893945138235959
Exclusive Gond Art Wooden Wall Plate / Table Curio - Teal Cow,Wall Accents,Wood,1,20.6,2430.0,7.796057974316123
Exclusive Gond Art Wooden Wall Plate / Table Curio - Vibrant Deer,Wall Accents,Wood,1,20.6,2510.0,7.828436359157585
Exclusive Gond Art Wooden Wall Plate / Table Curio - Cream Deer,Wall Accents,Wood,1,20.6,2680.0,7.893945138235959
Exclusive Gond Art Wooden Wall Plate / Table Curio - Blue Deer (Set of 2),Wall Accents,Wood,2,20.6,5280.0,8.571870752706934
Exclusive Brass Wall Hanger - The Champa,Wall Accents,Brass,1,20.6,3030.0,8.016647877057803
Exclusive Brass Wall Hanger - Champa,Wall Accents,Brass,1,20.6,4690.0,8.453401058328458
Exclusive Brass Wall Accent - Leaves & Branch (Large),Wall Accents,Brass,1,20.6,8070.0,8.996032669324372
Delhi Blue Art Pottery Wall Plaque - Mohenjo Daro (Elephant),Wall Accents,Ceramic,1,20.6,4450.0,8.400884069015854
Delhi Blue Art Pottery Wall Plaque - Mohenjo Daro (Bull),Wall Accents,Ceramic,1,20.6,4450.0,8.400884069015854
Exclusive Karnataka Wood Carving Wall Plaque - Gandaberunda,Wall Accents,Wood,1,20.6,6850.0,8.832149906002899
Exclusive Ganjifa Art Painting - Peacock,Wall Accents,Other,1,20.6,1780.0,7.484930283289661
Brass Wall Piece  - Grapevine,Wall Accents,Brass,1,20.6,7140.0,8.87360810154911
Brass 3 Leaf Platter / Wall Plaque - Paan Leaf,Wall Accents,Brass,1,20.6,4410.0,8.39185670010494
Brass Banyan Leaf Plate / Wall Plaque (Set of 4),Wall Accents,Brass,4,20.6,3990.0,8.291797105048733
Hand Painted Fan - Musicians (Set of 2),Wall Accents,Other,2,20.6,1100.0,7.00397413672268
Hand Painted Fan - Musicians (Set of 2),Wall Accents,Other,2,20.6,1100.0,7.00397413672268
Hand Painted Fan - Musicians (Set of 2),Wall Accents,Other,2,20.6,1100.0,7.00397413672268
Hand Painted Fan - Musicians (Set of 2),Wall Accents,Other,2,20.6,1100.0,7.00397413672268
Hand Painted Fan - Musicians (Set of 2),Wall Accents,Other,2,20.6,1100.0,7.00397413672268
Hand Painted Fan - Musicians (Set of 2),Wall Accents,Other,2,20.6,1100.0,7.00397413672268
Hand Painted Fan - Musicians (Set of 2),Wall Accents,Other,2,20.6,1100.0,7.00397413672268
Dhokra Craft Towel Hanger - Camel,Wall Accents,Other,1,20.6,4010.0,8.296795865770052
Dhokra Craft Towel Hanger - Elephant,Wall Accents,Other,1,20.6,3790.0,8.240385115516334
"Dhokra Craft Wall Piece - Key Holder, Ganesha",Wall Accents,Other,1,20.6,1780.0,7.484930283289661
Pattachitra Art Wall Plaque - Krishna & Kaalia,Wall Accents,Other,1,20.6,6130.0,8.721113147762688
Pattachitra Art Wall Plaque - The Tigers,Wall Accents,Other,1,20.6,6130.0,8.721113147762688
Pattachitra Art Wall Plaque - Tigers,Wall Accents,Other,1,20.6,6130.0,8.721113147762688
Pattachitra Art Wall Plaque - Vishnu & Lakshmi,Wall Accents,Other,1,20.6,6130.0,8.721113147762688
Wooden Engraved Wall Hook - Round,Wall Accents,Wood,1,20.6,620.0,6.431331081933479
Dhokra Craft Wall Hanger - Horse (Large;  3 Hooks),Wall Accents,Other,1,20.6,1910.0,7.555381944240273
Dhokra Craft Wall Hanger - Horse (Medium;  4 Hooks),Wall Accents,Other,1,20.6,1910.0,7.555381944240273
Pattachitra Art Wall Plaque - Radha Krishna,Wall Accents,Other,1,20.6,5950.0,8.691314551644853
Pattachitra Art Wall Plaque - Radha Krishna,Wall Accents,Other,1,20.6,4850.0,8.486940148245216
Pattachitra Art Wall Plaque - Krishna,Wall Accents,Other,1,20.6,4850.0,8.486940148245216
Pattachitra Art Wall Plaque - Ganesha,Wall Accents,Other,1,20.6,4850.0,8.486940148245216
Wooden Engraved Wall Hook - Giraffe Motif,Wall Accents,Wood,1,20.6,620.0,6.431331081933479
Wooden Engraved Wall Hook - Floral Motif,Wall Accents,Wood,1,20.6,620.0,6.431331081933479
Wooden Engraved Wall Hook - Floral Motif,Wall Accents,Wood,1,20.6,620.0,6.431331081933479
Elephant Face Pair' Hand-Etched Wall Decor Hanging In Brass (250 grams Each),Wall Décor,Brass,1,20.6,1699.0,7.438383530044307
Shankh Balaji' Hand-Etched Wall Decor Hanging In Brass (436 grams),Wall Décor,Brass,1,20.6,979.0,6.887552571664617
"'Dhokra Tribal Partners' Handcrafted Wall Decor Hanging In MDF Wood (23.1 cm, Hand-Painted)",Wall Décor,Wood,1,23.1,1599.0,7.3777589082278725
"'Dhokra Tribal Pair' Handcrafted Wall Decor Hanging In MDF Wood (38.1 cm, Hand-Painted)",Wall Décor,Wood,1,38.1,1999.0,7.600902459542082
"'Dhokra Tribal Couple' Handcrafted Wall Decor Hanging In MDF Wood (23.1 cm, Hand-Painted)",Wall Décor,Wood,1,23.1,1599.0,7.3777589082278725
'Kathakali Maquillage' Hand Carved Block Wall Decor In Sheesham Wood,Wall Décor,Wood,1,20.6,1089.0,6.993932975223189
"Tribal 'African Boho Mask' Decorative Wall Decor Hanging (33 cm, Hand-Painted)",Wall Décor,Other,1,33.0,1069.0,6.975413927455952
Dhokra Work & Warli Handpainted Vertical Wall Decor,Wall Décor,Other,1,20.6,2699.0,7.90100705199242
Sunset Orange & Ocean Blue Handpainted Warli & Dhokra Square Wall Painting Set,Wall Décor,Other,1,20.6,2999.0,8.006367567650246
'Wooden Foliage' Handcrafted Wall Decor In Recycled Wood & Iron (35.6 cm),Wall Décor,Wood,1,35.6,979.0,6.887552571664617
'Wooden Leaflet' Handcrafted Wall Decor In Recycled Wood & Iron (45.7 cm),Wall Décor,Wood,1,45.7,1149.0,7.047517221357296
"Tribal 'African Mystical Mask' Decorative Wall Décor Hanging (33 cm, Hand-Painted)",Wall Décor,Other,1,33.0,1069.0,6.975413927455952
"Tribal 'African Mexican Mask' Decorative Wall Decor Hanging (33 cm, Hand-Painted)",Wall Décor,Other,1,33.0,1019.0,6.927557906278317
"Tribal 'African Old-Lady Mask' Decorative Wall Décor Hanging (27.9 cm, Hand-Painted)",Wall Décor,Other,1,27.9,1069.0,6.975413927455952
"'Sun Lord' Wall Decor Brass Wall Hanging (Hand-Etched, 22.9 cm, 1.06 kg)",Wall Décor,Brass,1,22.9,2699.0,7.90100705199242
"'Butterfly-Fish Pair' Hand-Painted Wall Decor Hanging In Mango Wood (Set Of 2, 18 cm)",Wall Décor,Wood,2,18.0,1459.0,7.286191714702382
"'Golden Parrot' Decorative Wall Hanging Brass Diya (5 Wicks, 1.53 kg, Hand-Etched)",Wall Hanging Diya,Brass,1,20.6,3999.0,8.294049640102028
'The Fish Twins' Handmade & Hand-painted Decorative Wall Hanging In Terracotta (Set of 2),Wall Hangings,Terracotta/Clay,2,20.6,739.0,6.606650186198215
'Feathered Sparrows' Handmade & Hand-painted Garden Decorative Wall Hanging In Terracotta (Set of 2),Wall Hangings,Terracotta/Clay,2,20.6,869.0,6.76849321164863
'The Robin Twins' Handmade & Hand-painted Decorative Wall Hanging In Terracotta (Set of 2),Wall Hangings,Terracotta/Clay,2,20.6,829.0,6.721425700790643
'Midnight Bloom' Hand-painted Wall Planter Pots In Ceramic (Set of 2),Wall Planters,Ceramic,2,20.6,775.0,6.654152520183219
'Fiery Marigold' Hand-painted Wall Planter Pots In Ceramic (Set of 2),Wall Planters,Ceramic,2,20.6,775.0,6.654152520183219
'Floral Cones ' Hand-painted Wall Planter Pots In Ceramic (Set of 2),Wall Planters,Ceramic,2,20.6,835.0,6.728628613084702
"'Cycle' Wall Planter Pots In Galvanized Iron (30.5 cm, Brass Finish)",Wall Planters,Brass,1,30.5,1325.0,7.189922170745808
'Dazzling Posy 'Hand-painted Wall Planter Pots In Ceramic (Set of 2),Wall Planters,Ceramic,2,20.6,835.0,6.728628613084702
Wide Eyed Owl' Wall Planter Pot In Galvanized Iron (33 cm | 1 Planter Pot),Wall Planters,Iron,1,33.0,769.0,6.646390514847729
"'Svarn Titli' Wall Planter Pot In Galvanized Iron (25.4 cm, Brass Finish)",Wall Planters,Brass,1,25.4,1249.0,7.1308988302963465
Modern Glass Garden' Test Tube Wall Planter/Vases (25.4 cm | Golden),Wall Planters,Glass,1,25.4,979.0,6.887552571664617
Angry Owl' Wall Planter Pot In Galvanized Iron (25.4 cm | Brass Finish),Wall Planters,Brass,1,25.4,789.0,6.672032945461067
Modern Glass Garden' Test Tube Wall Planter/Vases (17.8 cm | Golden),Wall Planters,Glass,1,17.8,759.0,6.633318433280377
Fern Leaf' Wall Planter Pots In Galvanized Iron (33 cm | 2 Planter Pots),Wall Planters,Iron,1,33.0,1059.0,6.966024187106113
"Earthen Faces Terracotta Wall Plates Wall Decor (Set of 3, Multicoloured, Handmade)",Wall Plate,Terracotta/Clay,3,20.6,1649.0,7.408530566894626
"'Village Serenity' Decorative Wall Plates Wall Décor Hanging (30.5 Cm, Set of 3, Iron, Hand-Enameled)",Wall Plates,Iron,3,30.5,1649.0,7.408530566894626
"'The Warli Tales' Terracotta Wall Plates Wall Decor (Set of 3, Multicoloured, Hand-painted)",Wall Plates,Terracotta/Clay,3,20.6,2075.0,7.638198244285779
"'The Warli Tales' Hand-painted Terracotta Wall Plates Wall Decor (20.3 cm, Set of 2, Blue)",Wall Plates,Terracotta/Clay,2,20.3,1349.0,7.2078598714324755
"'Madhubani Heritage' Decorative Wall Plates Wall Décor Hanging (30.5 Cm, Set of 5, Iron, Hand-Enameled)",Wall Plates,Iron,5,30.5,2399.0,7.783224016336037
"'Birds Paradise' Decorative Wall Plates Wall Décor Hanging (30.5 Cm, Set of 3, Iron, Hand-Enameled)",Wall Plates,Iron,3,30.5,1649.0,7.408530566894626
"'Little Explorers' Decorative Wall Plates Wall Décor Hanging (30.5 Cm, Set of 5, Iron,  Hand-Enameled)",Wall Plates,Iron,5,30.5,2399.0,7.783224016336037
"'Little Explorers' Decorative Wall Plates Wall Décor Hanging (30.5 Cm, Set of 3, Iron, Hand-Enameled)",Wall Plates,Iron,3,30.5,1649.0,7.408530566894626
"'Village Serenity' Decorative Wall Plates Wall Décor Hanging (30.5 Cm, Set of 5, Iron, Hand-Enameled)",Wall Plates,Iron,5,30.5,2399.0,7.783224016336037
"'Radha Krishna Flute Melody' Wall Plates Wall Décor Hanging (30.5 Cm, Set of 5, Iron, Hand-Enameled)",Wall Plates,Iron,5,30.5,2399.0,7.783224016336037
"'Krishna's Grace' Wall Plates Wall Décor Hanging (30.5 Cm, Set of 3, Iron, Hand-Enameled)",Wall Plates,Iron,3,30.5,1649.0,7.408530566894626
"'Birds Paradise' Decorative Wall Plates Wall Décor Hanging (30.5 Cm, Set of 5, Iron, Hand-Enameled)",Wall Plates,Iron,5,30.5,2399.0,7.783224016336037
"'Madhubani Heritage' Decorative Wall Plates Wall Décor Hanging (30.5 Cm, Set of 3, Iron, Hand-Enameled)",Wall Plates,Iron,3,30.5,1649.0,7.408530566894626
"'Mughal Heritage' Decorative Wall Plates Wall Décor Hanging (30.5 Cm, Set of 5, Iron, Hand-Enameled)",Wall Plates,Iron,5,30.5,2399.0,7.783224016336037
The Madhubani Tales' Hand Painted Terracotta Wall Plates Wall Décor (20.3 cm | Set of 2 | White & Orange),Wall Plates,Terracotta/Clay,2,20.3,1019.0,6.927557906278317
"'Star Light' Decorative Ceramic Wall Plate (25.4 cm, Handpainted)",Wall Plates,Ceramic,1,25.4,809.0,6.697034247666484
"'Moonlit Dunes' Decorative Wall Plate Hanging (Mango Wood, Handcrafted, 15.2 cm)",Wall Plates,Wood,1,15.2,659.0,6.492239835020471
"Earthen Frame Terracotta Decorative Pots With Mango Wooden Frame Wall Hanging (Earthen Brown, Handmade)",Wall Shelf With Pot,Terracotta/Clay,1,20.6,1199.0,7.090076835776092
8 Terracotta Warli Handpainted Pots With Sheesham Wooden Frame Wall Hanging,Wall Shelves With Pots,Terracotta/Clay,1,20.6,2999.0,8.006367567650246
'Shades of a Leaf' Wall Tea-Light Holder in Sheesham Wood & Terracotta,Wall Tea Light Holder,Terracotta/Clay,1,20.6,759.0,6.633318433280377
'Elephant Block' Hand Carved Decorative Tissue Roll Dispenser In Sheesham Wood,Wall Tissue Roll Dispenser,Wood,1,20.6,1549.0,7.346010209913293
'Checkered Frame' Handcrafted Toilet Tissue Roll Dispenser (Sheesham Wood),Wall Tissue Roll Dispenser,Wood,1,20.6,1129.0,7.029972911706386
'Owl Block' Hand Carved Decorative Tissue Roll Dispenser Sheesham Wood,Wall Tissue Roll Dispenser,Wood,1,20.6,1549.0,7.346010209913293
Girl Boss Canvas Cosmetic Kit,Wallets,Other,1,20.6,275.0,5.62040086571715
Hand Embossed Leather Visiting Card Holder - Brown Ornate,Wallets & Pouches,Other,1,20.6,770.0,6.647688373563329
"'Floral Booti' Brass Water Glasses (Set of 2, 360 ML, Hand-Etched, 100% Pure Brass)",Water Glasses,Brass,2,20.6,1399.0,7.24422751560335
‘Feathered Friends’ Hand-Painted Decorative Hanging Bell Wind Chime In Metal & Wood,Wind Chimes,Wood,1,20.6,749.0,6.620073206530356
'Owl Motif' Decorative Hanging Metal Wind Chime Set (2 Bells),Wind Chimes,Other,2,20.6,899.0,6.802394763324311
'Triple Owl Motifs' Decorative Hanging Metal Wind Chime (6 Bells),Wind Chimes,Other,6,20.6,1069.0,6.975413927455952
Light & Warm Himachal Stole - Rosewood Trail,Winter Accessories,Wood,1,20.6,2980.0,8.000014093678072
Light & Warm Himachal Muffler - Ivory Ridge,Winter Accessories,Other,1,20.6,2980.0,8.000014093678072
Light & Warm Himachal Stole - Ashen Bands,Winter Accessories,Other,1,20.6,3570.0,8.18060094759445
Light & Warm Himachal Stole - Raven Bands,Winter Accessories,Other,1,20.6,3570.0,8.18060094759445
Light & Warm Himachal Stole - Sea Moss,Winter Accessories,Other,1,20.6,3570.0,8.18060094759445
Light & Warm Himachal Stole - Rosewood Bark,Winter Accessories,Wood,1,20.6,2980.0,8.000014093678072
Light & Warm Himachal Muffler - Mauve Ridge,Winter Accessories,Other,1,20.6,2980.0,8.000014093678072
Light & Warm Himachal Stole - Twilight Bands,Winter Accessories,Other,1,20.6,3570.0,8.18060094759445
Light & Warm Himachal Stole - Olive Bands,Winter Accessories,Other,1,20.6,3570.0,8.18060094759445
Light & Warm Merino Wool Stole - Autumn Tones,Winter Accessories,Wool,1,20.6,3300.0,8.101980731853192
Light & Warm Merino Wool Stole - Slate Link,Winter Accessories,Wool,1,20.6,3180.0,8.064950891749143
Exclusive Soft Himachal Wool Poncho with Woven Border - Rose Garden,Winter Wear,Wool,1,20.6,4260.0,8.357259153499912
Exclusive Soft Himachal Wool Poncho with Woven Border - Coffee Spiced,Winter Wear,Wool,1,20.6,4260.0,8.357259153499912
Exclusive Soft Himachal Wool Poncho with Woven Border - Smoked Coffee,Winter Wear,Wool,1,20.6,4260.0,8.357259153499912
Exclusive Soft Himachal Wool Poncho with Woven Border - Winewood Stripes,Winter Wear,Wool,1,20.6,4260.0,8.357259153499912
Exclusive Soft Himachal Wool Poncho with Woven Border - Rustic Mocha,Winter Wear,Wool,1,20.6,4260.0,8.357259153499912
Exclusive Soft Himachal Wool Poncho with Woven Border - Charcoal Brown,Winter Wear,Wool,1,20.6,4260.0,8.357259153499912
Exclusive Soft Himachal Wool Poncho with Woven Border - Plum Cake,Winter Wear,Wool,1,20.6,4260.0,8.357259153499912
Exclusive Soft Himachal Wool Stole with Woven Border - Charcoal Trail,Winter Wear,Wool,1,20.6,3280.0,8.0959035329611
"Fine, Soft Himachal Self Striped Wool Stole - 3 Panels, Pine Mist",Winter Wear,Wool,1,20.6,3550.0,8.174984532943087
"Fine, Soft Himachal Self Striped Wool Shawl - 3 Panels, Blush Granite",Winter Wear,Wool,1,20.6,4850.0,8.486940148245216
"Fine, Soft Himachal Self Striped Wool Shawl - 3 Panels, Cherry on Graphite",Winter Wear,Wool,1,20.6,3550.0,8.174984532943087
Exclusive Soft Himachal Wool Shawl with Woven Border - Slate Gray,Winter Wear,Wool,1,20.6,3890.0,8.266421472984554
Exclusive Soft Himachal Wool Shawl with Woven Border - Baked Cream,Winter Wear,Wool,1,20.6,2850.0,7.955425088912672
Exclusive Soft Himachal Wool Shawl with Woven Border - Henna Trail,Winter Wear,Wool,1,20.6,2850.0,7.955425088912672
"Fine, Soft Himachal Wool Self Striped Shawl - Mist Green",Winter Wear,Wool,1,20.6,2850.0,7.955425088912672
"Fine, Soft Himachal Wool Self Striped Shawl - Aqua Cloud",Winter Wear,Wool,1,20.6,2850.0,7.955425088912672
Exclusive Soft Himachal Wool Muffler with Woven Border - Purple Ink,Winter Wear,Wool,1,20.6,1280.0,7.155396301896734
Exclusive Soft Himachal Wool Muffler with Woven Border - Midnight Stripes,Winter Wear,Wool,1,20.6,1280.0,7.155396301896734
Exclusive Soft Himachal Wool Muffler with Woven Border - Tomatini Trail,Winter Wear,Wool,1,20.6,1280.0,7.155396301896734
Exclusive Soft Himachal Wool Muffler with Woven Border - Hot Chocolate,Winter Wear,Wool,1,20.6,1280.0,7.155396301896734
"Fine, Soft Himachal Wool Striped Muffler - Silver Linings",Winter Wear,Wool,1,20.6,1280.0,7.155396301896734
Exclusive Soft Himachal Wool Stole with Woven Border - Ocean Trail,Winter Wear,Wool,1,20.6,2220.0,7.7057128238944275
Exclusive Soft Himachal Wool Stole with Woven Border - Redwood Ember,Winter Wear,Wool,1,20.6,2220.0,7.7057128238944275
Exclusive Soft Himachal Wool Stole with Woven Border - Smoky Trail,Winter Wear,Wool,1,20.6,2220.0,7.7057128238944275
Exclusive Soft Himachal Wool Stole with Woven Border - Coral Bloom,Winter Wear,Wool,1,20.6,2980.0,8.000014093678072
Exclusive Soft Himachal Wool Stole with Woven Border - Ember Stripes,Winter Wear,Wool,1,20.6,2220.0,7.7057128238944275
Exclusive Soft Himachal Wool Stole with Woven Border - Coral Trail,Winter Wear,Wool,1,20.6,2220.0,7.7057128238944275
Exclusive Soft Himachal Wool Stole with Woven Border - Azure Trail,Winter Wear,Wool,1,20.6,2220.0,7.7057128238944275
Exclusive Soft Himachal Wool Stole with Woven Border - Gun Stone,Winter Wear,Wool,1,20.6,2220.0,7.7057128238944275
"Fine, Soft Himachal Wool Self Striped Plain Stole - Henna Garden",Winter Wear,Wool,1,20.6,2220.0,7.7057128238944275
"Fine, Soft Himachal Wool Self Striped Plain Stole - Lemon Rays",Winter Wear,Wool,1,20.6,2220.0,7.7057128238944275
"Fine, Soft Himachal Wool Self Striped Plain Stole - Mustard Farm",Winter Wear,Wool,1,20.6,2220.0,7.7057128238944275
"Fine, Soft Himachal Wool Self Striped Plain Stole - Peach Plain",Winter Wear,Wool,1,20.6,2220.0,7.7057128238944275
Warm & Cosy Signature Kinnauri Stole - Mist Green,Winter Wear,Other,1,20.6,6780.0,8.821879862683842
Warm & Cosy Signature Kinnauri Stole - Ocean Moss,Winter Wear,Other,1,20.6,6140.0,8.722742874329398
Warm & Cosy Signature Kinnauri Stole - Sky Mist,Winter Wear,Other,1,20.6,6140.0,8.722742874329398
Warm & Cosy Signature Kinnauri Stole - Speckled Grey,Winter Wear,Other,1,20.6,6780.0,8.821879862683842
Warm & Cosy Signature Kinnauri Stole - Moss Grove,Winter Wear,Other,1,20.6,6140.0,8.722742874329398
Light & Warm Merino Wool Kinnauri Stole - Cool Mist Link,Winter Wear,Wool,1,20.6,4490.0,8.409830673087738
Light & Warm Merino Wool Kinnauri Stole - Sage Veil,Winter Wear,Wool,1,20.6,4490.0,8.409830673087738
Light & Warm Merino Wool Kinnauri Stole - Rosewood Meadow,Winter Wear,Wool,1,20.6,5000.0,8.517393171418904
Light & Warm Merino Wool Kinnauri Stole - Tangerine Link,Winter Wear,Wool,1,20.6,4490.0,8.409830673087738
Light & Warm Merino Wool Kinnauri Stole - Rosewood Link,Winter Wear,Wool,1,20.6,4490.0,8.409830673087738
Light & Warm Merino Wool Kinnauri Stole - Coffee Meadow,Winter Wear,Wool,1,20.6,5000.0,8.517393171418904
Light & Warm Merino Wool Kinnauri Stole - Molten Night,Winter Wear,Wool,1,20.6,4490.0,8.409830673087738
Light & Warm Merino Wool Kinnauri Stole - Frozen Grid,Winter Wear,Wool,1,20.6,4490.0,8.409830673087738
Light & Warm Merino Wool Kinnauri Stole - Midnight Meadow,Winter Wear,Wool,1,20.6,5010.0,8.519390774959724
Light & Warm Merino Wool Kinnauri Stole - Midnight Link,Winter Wear,Wool,1,20.6,4490.0,8.409830673087738
Light & Warm Merino Wool Kinnauri Stole - Rosé & Noir,Winter Wear,Wool,1,20.6,4490.0,8.409830673087738
Light & Warm Merino Wool Kinnauri Stole - Midnight Duet,Winter Wear,Wool,1,20.6,4490.0,8.409830673087738
Light & Warm Merino Wool Kinnauri Stole - Meadow in Mauve,Winter Wear,Wool,1,20.6,3380.0,8.125926802707886
Light & Warm Merino Wool Kinnauri Stole - Rosé Dust,Winter Wear,Wool,1,20.6,4480.0,8.407601514786142
Light & Warm Merino Wool Kinnauri Stole - Cacao Link,Winter Wear,Wool,1,20.6,3060.0,8.026496938945412
Light & Warm Merino Wool Kinnauri Stole - Brown Hues,Winter Wear,Wool,1,20.6,3060.0,8.026496938945412
Light & Warm Merino Wool Kinnauri Stole - Tangerine Meadow,Winter Wear,Wool,1,20.6,3380.0,8.125926802707886
Light & Warm Merino Wool Kinnauri Stole - Orchid Hues,Winter Wear,Wool,1,20.6,3070.0,8.029758520440822
Light & Warm Merino Wool Kinnauri Stole - Cool Mist,Winter Wear,Wool,1,20.6,4480.0,8.407601514786142
Light & Warm Merino Wool Kinnauri Stole - Ivory Meadow,Winter Wear,Wool,1,20.6,3380.0,8.125926802707886
Soft Cotton Woven Yoga Mat - Vibrant Hues,Yoga Mats & Runners,Cotton,1,20.6,4910.0,8.499232866039245
Soft Cotton Woven Yoga Mat - Beige Ornate,Yoga Mats & Runners,Cotton,1,20.6,4010.0,8.296795865770052
Soft Cotton Woven Yoga Mat - Blue,Yoga Mats & Runners,Cotton,1,20.6,3010.0,8.010027528481734
Soft Cotton Woven Yoga Mat - Red Striped,Yoga Mats & Runners,Cotton,1,20.6,1720.0,7.450660796211539
Maya Handmade Ceramic Matcha Bowl Set with Whisk Holder | Traditional Japanese Chawan Tea Bowl | Premium Stoneware for Matcha Tea Ceremony | Rustic Glazed Pottery | Tea Lover Gift (Studio-Blue),blue pottery jaipur,Ceramic,1,20.6,999.0,6.907755278982137
"ExclusiveLane 'Warli Handpainted' Terracotta Pots Mini Vases for Living Room (Blue, Set of 3, 5-9 Cm)|Home Decorative Pots for Home D?cor Miniature Showpiece Items for Living Room",blue pottery jaipur,Terracotta/Clay,3,9.0,723.0,6.584791392385716
ExclusiveLane 6 Inch Warli Handpainted Living Room & Home Decorative Tapered Shaped Flower Terracotta Vase (Blue) - Flower Pots Artifacts Terracotta Pots Home Decor Gift Item (EL-006-018_7.87 cm x 7.87 cm x 15.24 cm),blue pottery jaipur,Terracotta/Clay,1,15.24,749.0,6.620073206530356
"Chumbak Jaipur Gardens Kulhad Gift Box – Set of 4 Tea & Coffee Cups, Handcrafted Stoneware, Indian Mug Set for Hot Beverages, Stylish Gifting & Home Décor, Valentines Gift for Woman",blue pottery jaipur,Stone/Marble,4,20.6,1199.0,7.090076835776092
Jaipur Blue Pottery KripalSingh Design Home Decor Wall Hanging Handmade Plate/Serving Plate 8 inch (Blue),blue pottery jaipur,Ceramic,1,20.32,535.0,6.284134161070802
"Ellementry Midnight Terracotta Vase - Tall, Classic Flower Vase for Living Room, Bedroom, Home & Office Décor, Flower Pot for Table-Top Centerpiece",blue pottery jaipur,Terracotta/Clay,1,20.6,999.0,6.907755278982137
"Blue Pottery Ceramic Vase with Floral Motif, Blue and White | Hand-Painted Design, Round Pot Shape, Table Centrepiece, Traditional Craft, Home Decor",blue pottery jaipur,Ceramic,1,20.6,389.0,5.966146739123692
"Handcrafted Blue Pottery Ceramic Flower Vase | Traditional Floral Decorative Table Vase for Living Room, Bedroom & Office | Artistic Home Decor Centerpiece | NGO Support Gift",blue pottery jaipur,Ceramic,1,20.6,399.0,5.991464547107982
"Jaipur Blue Pottery Decorative Wall Hanging Handmade Plate (15 cm x 15 cm x 3 cm, Blue) (Blue)",blue pottery jaipur,Ceramic,1,15.0,399.0,5.991464547107982
"Jaipur Blue Pottery Decorative Wall Hanging Handmade Plate (15 cm x 15 cm x 3 cm, Sky Blue) (Sky Blue)",blue pottery jaipur,Ceramic,1,15.0,359.0,5.886104031450156
"ExclusiveLane Earthenware Handpainted Terracotta Vases for Home Décor Flower Vases for Living Room (13.9 cm x 13.9 cm x 15.2 cm, White) |Terracotta Vases Terracotta Pot Vases for Home Decoration|",blue pottery jaipur,Terracotta/Clay,1,13.9,1391.13,7.238590227338313
Potterywalaz Jaipur Blue Pottery Decorative Wall Hanging Handmade Plate (5 inch),blue pottery jaipur,Ceramic,1,12.7,287.0,5.662960480135946
Jaipur Blue Pottery LilyFlower Design Home Decor Wall Hanging Handmade Plate/Serving Plate 8 inch (Blue),blue pottery jaipur,Ceramic,1,20.32,639.0,6.461468176353717
Potterywalaz Blue Pottery Wall Decor Hanging Geometrical Design Handmade Plate 10 Inch (PTN13) (Blue),blue pottery jaipur,Ceramic,1,25.4,789.0,6.672032945461067
"Jaipur Blue Pottery Decorative Wall Hanging Handmade Plate 6"" (3 pcs Set)",blue pottery jaipur,Ceramic,3,20.6,979.0,6.887552571664617
Potterywalaz Jaipur Blue Pottery Kripal-Singh Decorative Wall Hanging Handmade Plate (12 cm x 12 cm x 3 cm) (Blue),blue pottery jaipur,Ceramic,1,12.0,314.0,5.752572638825633
Shiv Kripa Blue Pottery Ceramic Handmade Decorative Blue Pottery Ceramic Bathroom Tray (4X8 Inch Rectangular,blue pottery jaipur,Ceramic,1,20.32,599.0,6.396929655216146
Shiv KRIPA Blue Art Pottery Ceramic Wall Hanging Handmade 7 Inch Round Plate (Blue & Multi),blue pottery jaipur,Ceramic,1,17.78,384.0,5.953243334287785
Jaipur Blue Pottery Decorative Wall Hanging Handmade Plate (12 cm x 12 cm x 3 cm)(PLATE-CF-P32),blue pottery jaipur,Ceramic,1,12.0,314.0,5.752572638825633
Jaipur Blue Pottery Decorative Wall Hanging Handmade Plate (15 cm x 15 cm x 3 cm)(Plate-CF-P6),blue pottery jaipur,Ceramic,1,15.0,359.0,5.886104031450156
"Jaipur Blue Pottery Handmade Handpainted Diya Oil Lamp 6 cm | Rajasthani Craft, Diwali Lamp, Floral Motif, Blue & White Glaze, By Jaipur Artisans",blue pottery jaipur,Ceramic,1,6.0,149.0,5.0106352940962555
Jaipur Blue Pottery Lily Flower Decorative Wall Hanging Handmade Plate (15 cm x 15 cm x 3 cm) (Blue),blue pottery jaipur,Ceramic,1,15.0,350.0,5.860786223465865
Jaipur Blue Pottery Decorative Lotus Shape Handmade Plate (15 cm x 15 cm x 3 cm)(PLATE-CF-P37),blue pottery jaipur,Ceramic,1,15.0,359.0,5.886104031450156
Jaipur Blue Pottery KripalSingh Design Home Decor Wall Hanging Handmade Plate/Serving Plate 8 inch (Turquoise),blue pottery jaipur,Ceramic,1,20.32,535.0,6.284134161070802
"Handcrafted Indigo Blue Ceramic Vase Set of 2 | Long Bottle & Pumpkin Shape Flower Vases for Living Room Table Decor | Premium Blue Pottery Centerpiece, Modern Home Styling",blue pottery jaipur,Ceramic,2,20.6,799.0,6.684611727667927
Shiv Kripa Blue Pottery Art Decorative Hand Painted Ceramic Oval Tray (19cm x 12.5cm x 3cm),blue pottery jaipur,Ceramic,1,19.0,389.0,5.966146739123692
Potterywalaz Jaipur Blue Pottery LilyFlower Design Home Decor Wall Hanging Handmade Plate/Serving Plate 8 inch (Green),blue pottery jaipur,Ceramic,1,20.32,530.0,6.274762021241939
"Sheesham Wood Blue Pottery Tea Coaster Set of 4 with Holder | Handmade Wooden Coasters for Tea, Coffee, Cups and Mugs | Decorative Table Coaster Set for Home, Office and Dining",blue pottery jaipur,Wood,4,20.6,499.0,6.214608098422191
Potterywalaz Jaipur Blue Pottery LilyFlower Design Home Decor Wall Hanging Handmade Plate/Serving Plate 8 inch (Blue),blue pottery jaipur,Ceramic,1,20.32,530.0,6.274762021241939
"Shiv Kripa Blue Pottery Ceramic Handmade Tiles (4 X 4-inch, Multicolour) - Pack of 6",blue pottery jaipur,Ceramic,6,20.6,499.0,6.214608098422191
Jaipur Blue Pottery Decorative Wall Hanging Handmade Plate (15 cm x 15 cm x 3 cm)(PLATE-CF-P22),blue pottery jaipur,Ceramic,1,15.0,359.0,5.886104031450156
"6 Pcs Blue Pottery Diya (1 Assorted Gift Box) | Hand-painted Jaipur blue pottery, heat resistant floral diya",blue pottery jaipur,Ceramic,6,20.6,799.0,6.684611727667927
"The Earth Store Ceramic Handcrafted Blue Mughal Dal Katori/Bowls for Vegetable, Cereals,Small Serving Bowl for Home Kitchen Dining Table (Set of 6)",blue pottery jaipur,Ceramic,6,20.6,898.0,6.80128303447162
CHANNAPATNA TOYS Wood Peg Dolls Essential Workers Pretend Play Figurines - Colorful Diverse Wooden Toys for Kids & Toddlers (2 Years+) - Pack of 6 pcs - Open Ended Toys,channapatna toys handmade,Wood,6,20.6,599.0,6.396929655216146
"Channapatna Toys Wooden Rattles Toys for Baby/New-Born, Infant Kids - Set of 4 pcs - Multicolor - Discover Sounds, Develops Sensory Skills",channapatna toys handmade,Wood,4,20.6,548.0,6.3080984415095305
CHANNAPATNA TOYS Wooden Baby Rattles Set for Newborn Babies (0-12 Months) | Handmade Sensory Toys for Infants & Toddlers | Non-Toxic Natural Wooden Teethers & Montessori Toys | Gift Set for Baby Boys & Girls Set of 6pcs,channapatna toys handmade,Wood,6,20.6,827.0,6.71901315438526
"Channapatna Toys Handmade Non Toxic Wooden Rattle for Baby/Infants (0+ Years) - Set of 3 pcs - Multicolor - Discover Sounds, Develops Sensory Skills",channapatna toys handmade,Wood,3,20.6,449.0,6.1092475827643655
"Channapatna Toys Wooden Rattles Toys for Baby, New-Born Infant Kids - Set of 5 pcs - Multicolor - Discover Sounds, Develops Sensory Skills",channapatna toys handmade,Wood,5,20.6,749.0,6.620073206530356
CHANNAPATNA TOYS Handmade Small Sized Wooden Pots with Home Decorative Wooden Wall Hanging/Display Hut Shape for Home/Kitchen/Office/Bedroom/Living Room N,channapatna toys handmade,Wood,1,20.6,649.0,6.476972362889683
Channapatna Toys Handmade Wooden Spinning Tops Toys Combo (3 Years+) - Lattu Spinning Toy Wood - Pack of 2 Pcs - Multicolor - Curiosity & Fine Motor Skills | Pambaram | Bongaram,channapatna toys handmade,Wood,2,20.6,369.0,5.91350300563827
SIGNY Handcrafted Channapatna Wooden Rocking Horse Couple Dolls | Kelu Gombe Jodi Traditional Karnataka Wooden Toy | Handmade Lacquered Home Decor Showpiece | Wedding Gift | Decorative Figurines 16 cm,channapatna toys handmade,Wood,1,16.0,949.0,6.856461984594587
SIGNY Handcrafted Channapatna Kathakali Wooden Doll Set of 4 | Traditional Hand-Painted Indian Art Figurines | Wooden Decorative Showpiece for Home Decor Golu Festival Navratri Gift Item | 10–12 cm,channapatna toys handmade,Wood,4,12.0,799.0,6.684611727667927
Channapatna Toys Handmade Small Sized Wooden Pots with Home Decorative Wooden Wall Hanging/Display Hut Shape for Home/Kitchen/Office/Bedroom/Living Room,channapatna toys handmade,Wood,1,20.6,499.0,6.214608098422191
CHANNAPATNA TOYS Peg Dolls Wooden Painted Superheroes Set Pretend Play Figurines - Organic Handmade Play Kit for Kids & Toddlers (2 Years+) - Pack of 5 pcs - Open Ended Toys,channapatna toys handmade,Wood,5,20.6,549.0,6.309918278226516
Channapatna Toys Handmade Wooden Spinning Tops Toys Combo (3 Years+) - Lattu Spinning Toy Wood - Pack of 3 Pcs - Multicolor - Curiosity & Fine Motor Skills | Pambaram | Bongaram F,channapatna toys handmade,Wood,3,20.6,399.0,5.991464547107982
"CHANNAPATNA TOYS Wooden Pull Along Toy Set - Tractor, Caterpillar & Aero Plane Combo for Kids 1+ - Multicolor Toddler, Infant & Preschool Toys - Set of 3 Handmade Pieces",channapatna toys handmade,Wood,3,20.6,899.0,6.802394763324311
CHANNAPATNA Toys Wooden Peg Dolls for Kids | Handmade Montessori Pretend Play Dolls | Non-Toxic Waldorf Inspired Wooden Toys | Educational Storytelling Toys for Toddlers & Children (2 Years+),channapatna toys handmade,Wood,1,20.6,479.0,6.173786103901937
Channapatna Toys Handmade Wooden Spinning Tops Toys Combo for Kids (3 Years+) - Set of 2 Pcs - Multicolor - Curiosity & Fine Motor Skills | Pambaram | Bongaram | Lattu,channapatna toys handmade,Wood,2,20.6,389.0,5.966146739123692
"Channapatna Toys Miniature Home Decor Musical Instrument Set, Handmade Musician Showpiece With Tabla, Sitar, Dholak and Harmonium, Small",channapatna toys handmade,Other,1,20.6,599.0,6.396929655216146
Channapatna Toys Wooden Bird Whistle Toy for Kids ( 1 Year+) - Set of 2 pcs - Multicolor - Discover Sounds N,channapatna toys handmade,Wood,2,20.6,239.0,5.480638923341991
Channapatna Toys Handmade Wooden Toys for Kids Handcrafted Wooden Spring Head Adivasi Coup,channapatna toys handmade,Wood,1,20.6,449.0,6.1092475827643655
Channapatna Toys Handmade Wooden Spinning Tops Toys Combo (3 Years+) - Combo Set of 3 Pcs - Multicolor - Curiosity & Fine Motor Skills | Pambaram | Bongaram | Lattu,channapatna toys handmade,Wood,3,20.6,399.0,5.991464547107982
Channapatna Kutumba Wooden Peg Dolls - 8 Pieces | Indian Family Doll Set | Handcrafted | Ivory Wood | Wooden Toys for Kids | Toy for Gifting | Childs Imagination | Wooden Doll Set | 1 Year+,channapatna toys handmade,Wood,8,20.6,699.0,6.551080335043404
"Channapatna Handmade Wooden Toys Combo for Kids – Ring Stacker & Dancing Dolly, Premium Pine Wood Educational Stacking Toy and Wooden Doll Showpiece, Multicolor Gift Toy for Toddlers 3+ Years",channapatna toys handmade,Wood,1,20.6,499.0,6.214608098422191
Signy Wooden Baby Rattles Set of 6 for Newborn Babies (0-12 Months) | Non-Toxic Channapatna Handmade Sensory Toys | Musical Rattle & Teether Combo | Natural Wooden Montessori Toy | Newborn Gift Set,channapatna toys handmade,Wood,6,20.6,849.0,6.745236349484363
SIGNY Handcrafted Channapatna Wooden Yakshagana Dolls | Traditional Karnataka Wooden Handmade Figurines | Ethnic Home Decor Showpiece Cultural | Festival & Wedding Gift | 18 cm,channapatna toys handmade,Wood,1,18.0,699.0,6.551080335043404
Channapatna Toys Handmade Wooden Spinning Tops Toys Combo (3 Years+) - Combo Set of 4 Pcs - Multicolor - Curiosity & Fine Motor Skills | Pambaram | Bongaram | Lattu,channapatna toys handmade,Wood,4,20.6,479.0,6.173786103901937
Channapatna Toys Handmade Non Toxic Wooden Cooking Set Premium (3 Years+) - Multicolor - 16 Pieces Toy Set - Pretend & Play Toy,channapatna toys handmade,Wood,16,20.6,899.0,6.802394763324311
Channapatna Toys Handmade Wooden Spinning Tops Toys Combo (3 Years+) - Lattu Spinning Toy Wood Set of 3 Pcs - Multicolor - Curiosity & Fine Motor Skills | Pambaram | Bongaram for Kids,channapatna toys handmade,Wood,3,20.6,459.0,6.131226489483141
"CHANNAPATNA TOYS Wooden Family Peg Dolls, Handcrafted Traditional Indian Style, Montessori Pretend Play Toy Figure Set of 8",channapatna toys handmade,Wood,8,20.6,849.0,6.745236349484363
Wooden Channapatna Toys Keychain with Whistle – Handmade Return Gifts for Kids’ Birthday Parties & Special Occasions | Eco-Friendly Traditional Indian Toy Keyring | MADE IN INDIA (PACK OF 2),channapatna toys handmade,Wood,2,20.6,275.0,5.62040086571715
Channapatna Toys Handmade Wooden Spinning Tops Toys Combo (3 Years+) - Lattu Spinning Toy Wood - Pack of 2 Pcs - Multicolor - Curiosity & Fine Motor Skills | Pambaram | Bongaram N02,channapatna toys handmade,Wood,2,20.6,299.0,5.703782474656201
Channapatna Toys Handmade Wooden Spinning Tops Toys Combo (3 Years+) - Lattu Spinning Toy Wood Set of 2 Pcs - Multicolor - Curiosity & Fine Motor Skills | Pambaram | Bongaram | Lattu,channapatna toys handmade,Wood,2,20.6,359.0,5.886104031450156
"Handmade Wooden Toy Vehicles Combo for Kids – Race Car, Classic Car & Wooden Truck Set, Premium Pine Wood Push & Pull Toys, Channapatna Craft Educational Play Set, for Boys & Girls",channapatna toys handmade,Wood,1,20.6,699.0,6.551080335043404
Wooden Channapatna Toys Keychain with Whistle – Handmade Return Gifts for Kids’ Birthday Parties & Special Occasions | Eco-Friendly Traditional Indian Toy Keyring | MADE IN INDIA,channapatna toys handmade,Wood,1,20.6,199.0,5.298317366548036
"Channapatna Wooden Toys Set of 5 for Kids (1-3 Years) – Handmade Pull Along Duck Train, Wooden Rattles, Cup & Ball Toy | 100% Natural Pine Wood | Non-Toxic Colors | Eco-Friendly Baby Gift Combo",channapatna toys handmade,Wood,5,20.6,849.0,6.745236349484363
Channapatna Toys Handmade Wooden Spinning Tops Toys Combo (3 Years+) - Lattu Spinning Toy Wood - Pack of 2 Pcs - Multicolor - Curiosity & Fine Motor Skills | Pambaram | Bongaram N,channapatna toys handmade,Wood,2,20.6,369.0,5.91350300563827
"Channapatna Toys Wooden Train for 12 Months & Above Kids, Toddlers, Infant & Preschool Toys - Multicolor - with Attached String- Encourage Walking, Free Tiger peg Doll",channapatna toys handmade,Wood,1,20.6,399.0,5.991464547107982
Channapatna Toys Handmade Non Toxic Wooden Toys for Kids | 2 Pcs Doll Sharpener | Hand Pencil Sharpener for Kids/Return Gift/School/Home and Office Supply,channapatna toys handmade,Wood,2,20.6,399.0,5.991464547107982
Channapatna Wooden Couple Dolls for Kids & Home Decor | Handmade Traditional Indian Peg Dolls | Eco-Friendly Natural Wooden Toys | Handcrafted Cultural Figurines | Gift Item for Children & Festivals,channapatna toys handmade,Wood,1,20.6,499.0,6.214608098422191
CHANNAPATNA TOYS Peg Dolls Wooden Essential Workers/Community Helpers Pretend Play Figurines for Kids & Toddlers (2 Years+) - Pack of 6 pcs 6 Professions - Open Ended Toys,channapatna toys handmade,Wood,6,20.6,579.0,6.363028103540465
"Channapatna Wooden Farmer Couple Dolls Toys for Kids, 5 inch, Set of 2, Multi-Colour",channapatna toys handmade,Wood,2,12.7,599.0,6.396929655216146
CHANNAPATNA TOYS Handcrafted Wooden Bullock Cart - Small Antique Design | Exquisite Hand Carved Artistry | Unique Handmade Showpiece | Multicolour Finish| Perfect Décor Item - Pack of 1,channapatna toys handmade,Wood,1,20.6,399.0,5.991464547107982
Crafts India Handcrafted channapatna Wooden Farmer Couple Doll/Toy (Assorted) - 10 cms,channapatna toys handmade,Wood,1,20.6,289.0,5.66988092298052
Channapatna Toys Wooden Spinning Tops Toys Combo Pack of 6 Toys for Kids (3 Years+) - Lattu Spinning Toy Wood - Multicolor - Curiosity & Free Superman Doll,channapatna toys handmade,Wood,6,20.6,459.0,6.131226489483141
Channapatna Toys Handmade Non Toxic Wooden Hanging Monkey for Kids (3 Years+) - Multicolor - Hand Eye Coordination & Fine Motor Skills | Wooden Joker Puppet,channapatna toys handmade,Wood,1,20.6,449.0,6.1092475827643655
"Channapatna Wooden Decorative Dolls, Traditional Indian Art, Hand-Painted Figurines, Set of 2",channapatna toys handmade,Wood,2,20.6,499.0,6.214608098422191
"CHANNAPATNA TOYS Wooden Building Blocks Montessori Toys for 1 2 3 Year Old Boys Girls- Block Sorting & Stacking Toys for Baby Toddlers, Educational Shape Color Sorter Preschool Kids Gifts,1 Piece",channapatna toys handmade,Wood,1,20.6,649.0,6.476972362889683
"Premium Handmade Channapatna Wooden Musical Instrument Set Toy | Miniature Tabla, Harmonium & Guitar Home Decor Showpiece | Eco-Friendly Non-Toxic Pine Wood Craft (13 x 10 x 10 cm)",channapatna toys handmade,Wood,1,10.0,499.0,6.214608098422191
"CHANNAPATNA TOYS Wooden Colourful Roly Poly Toy for Baby, Toddlers, Kids(1 Year+) Wobbling Tumbler Toy- Develops Curiosity & Motor Skills, Free Tiger peg Doll",channapatna toys handmade,Wood,1,20.6,379.0,5.940171252720432
"Channapatna Toys Pull Along Musical Toy Wooden Bunny for 12 Months & Above Kids, Toddlers, Infant & Preschool Toys - Multicolor - with Attached String- Encourage Walking",channapatna toys handmade,Wood,1,20.6,579.0,6.363028103540465
Eco Basket Channapatna Wooden Small Bird Whistle Toy In Multi Colors (Buy 1 & Get 1 Free),channapatna toys handmade,Wood,1,20.6,198.0,5.293304824724492
"Channapatna Toys Handmade Wooden Rattles for Baby/Infants, new Born (0+ Years) - Set of 3 pcs - Multicolor & Whistle - Discover Sounds, Develops Sensory Skills",channapatna toys handmade,Wood,3,20.6,458.0,6.129050210060545
CHANNAPATNA TOYS Peg Dolls Wooden Painted Superheroes Set Pretend Play Figurines - Organic Handmade Play Kit for Kids & Toddlers (2 Years+) - Pack of 5 pcs - Open Ended Toys N,channapatna toys handmade,Wood,5,20.6,549.0,6.309918278226516
Dhokra Handcrafted Metal Tortoise Good-Luck Figurine Collectible Showpiece | Vaastu Significant | Home Decor,dhokra art handicraft,Other,1,20.6,795.0,6.679599185844383
Woman Sitting on Cot Dhokra Handicraft Home Decor | Handmade Brass Figurine | Tribal Art Brass Showpiece | 6 CM Height × 8 CM Width | Traditional Indian Decor Statue,dhokra art handicraft,Brass,1,6.0,699.0,6.551080335043404
"Vintage Gulley Brass Dhokra Elephant Figurine, Handmade Indian Art",dhokra art handicraft,Brass,1,20.6,299.0,5.703782474656201
Mukherjee Handicrafts Dhokra Dokra Medium Laxmi MATA I Home Decor I Interior I Handcrafted I Handmade I Artwork.,dhokra art handicraft,Other,1,20.6,518.0,6.251903883165888
Mukherjee Handicrafts Dhokra Dokra Medium Owl I Home Decor I Interior I Handcrafted I Handmade I Artwork,dhokra art handicraft,Other,1,20.6,428.0,6.061456918928017
"Vintage Gulley Brass Dhokra Art Wall Frame, Handmade Tribal Metal Wall Hanging for Home Décor, Ethnic Wooden Frame, Living Room, Bedroom, Office, Hallway Decoration & Housewarming Gift",dhokra art handicraft,Brass,1,20.6,715.0,6.573680166960646
Golden Brass Horses(2PIC)|DHOKRA Art|Handicraft Product|Home Decor|Office Decor|Tribal Art|M/S ANJU Textiles (H-8.5CM),dhokra art handicraft,Brass,1,8.5,850.0,6.7464121285733745
Mukherjee Handicrafts Brass Dhokra Tortoise Home Decor I Interior I Handcrafted I Handmade I Artwork (Medium),dhokra art handicraft,Brass,1,20.6,428.0,6.061456918928017
Mukherjee Handicrafts Dhokra Dokra Medium Ma Saraswati I Home Decor I Interior I Handcrafted I Handmade I Artwork.,dhokra art handicraft,Other,1,20.6,518.0,6.251903883165888
"shivnandini Brass Dhokra Art Square Jali Wall Hanging/Décor/Showpiece Brass Dhokra Wall Art Hanging Tribal Man & Woman Doing Daily Chore Activity (9.65 cm,",dhokra art handicraft,Brass,1,9.65,599.0,6.396929655216146
"Vintage Gulley Dhokra Art Medium Bull Brass Sculpture | Handcrafted Tribal Metal Figurine | Traditional Indian Handmade Dhokra Craft Showpiece for Home, Office & Living Room Decor",dhokra art handicraft,Brass,1,20.6,699.0,6.551080335043404
Mukherjee Handicrafts Dhokra Small Showpiece - Handmade Indian Art (Type-5),dhokra art handicraft,Other,1,20.6,428.0,6.061456918928017
"Vintage Gulley Dhokra Brass Peacock Sculpture, Handcrafted Traditional Indian Art Showpiece, Decorative Metal Figurine for Home, Living Room, Office & Tabletop Décor",dhokra art handicraft,Brass,1,20.6,799.0,6.684611727667927
Rainbow Feathers Traditional Palanquin Decorative Showpiece in Dhokra Art Form|Palki|Doli|Dhokra Art|Bastar Art|Brass Figurine|Rural Artisans|Handmade|Handicraft|Home Decor|Festival Gift,dhokra art handicraft,Brass,1,20.6,1764.0,7.475905969367397
"Mukherjee Handicrafts Brass Dhokra Tortoise Home Decor I Interior I Handcrafted I Handmade I Artwork, Medium",dhokra art handicraft,Brass,1,20.6,428.0,6.061456918928017
"Vintage Gulley Dhokra Net Fish | Handcrafted Brass Figurine | Traditional Indian Tribal Metal Artwork | Decorative Fish Showpiece for Home, Living Room, Office, Table & Gifting",dhokra art handicraft,Brass,1,20.6,449.0,6.1092475827643655
Mukherjee Handicrafts Dhokra Dokra Medium Shree Krishna Govinda Govind Kanha I Home Decor I Interior I Handcrafted I Handmade I Artwork,dhokra art handicraft,Other,1,20.6,518.0,6.251903883165888
Rainbow Feathers Wealthy Owl Hand Crafted Dhokra Showpiece|Nightbird||Dhokra Art|Bastar Art|Brass Figurine|Rural Artisans|Handmade|Handicraft|Home Decor|Festival Gift,dhokra art handicraft,Brass,1,20.6,449.0,6.1092475827643655
Mukherjee Handicrafts Dhokra Small Showpiece - Handmade Indian Art (Type-3),dhokra art handicraft,Other,1,20.6,428.0,6.061456918928017
"Shivnandini Brass Tribal Art Jali Dhokra Art,wall Hanging Jali in Brass Human Figure in Size of 7.9X 5inches :",dhokra art handicraft,Brass,1,12.7,999.0,6.907755278982137
Rainbow Feathers Dhokra Pair of Standing Deers|Bastar Art|Brass Figurine|Rural Artisans|Handmade|Handicraft|Home Decor|Festival Gift,dhokra art handicraft,Brass,1,20.6,968.0,6.876264611890766
Brass dhokra Art jal iHanging Jali/Small Size/Dimensions - 3 * 1 * 3 inch/Premium Brass showpiece/Home Decor/Gift Article/Tribal Art/Brass showpiece,dhokra art handicraft,Brass,1,7.62,399.0,5.991464547107982
Vintage Gulley Brass Dhokra Mouse I Home Decor I Interior I Handcrafted I Handmade I Artwork,dhokra art handicraft,Brass,1,20.6,390.0,5.968707559985366
"Brass Dhokra Bull Figurine, Handcrafted Tribal Metal Showpiece, Traditional Indian Art Home Decor, Gold Finish, 7 x 7.6 cm",dhokra art handicraft,Brass,1,7.6,679.0,6.522092798170152
GOLDEN BRASS DECORATIVE OWL(SMALL SIZE)|HANDICRAFT|DHOKRA ART SHOWPIECE|M/S ANJU TEXTILES (H-6.5 &L-8.3),dhokra art handicraft,Brass,1,20.6,420.0,6.042632833682381
"Dhokra Art Turtle Handmade Handicraft, Symbol of Peace Protection and Good Fortune, Vastu Compliant| L-8cm",dhokra art handicraft,Other,1,8.0,495.0,6.206575926724928
shivnandini handicrafts Handmade Vocalforlocal Brass 1 Piece Dhokra Decorative Wall Art Tribal People Hunting Statement Pieces Home Decor Gift Items,dhokra art handicraft,Brass,1,20.6,799.0,6.684611727667927
Rainbow Feathers Powerful Sun Handmade Wall Hanging in Dhokra Art Form|Vastu|Surya Dev|Dhokra Art|Bastar Art|Brass Figurine|Rural Artisans|Handmade|Handicraft|Home Decor|Festival Gift,dhokra art handicraft,Brass,1,20.6,829.0,6.721425700790643
Mukherjee Handicrafts Dhokra Dokra Medium Owl Pnecha I Home Decor I Interior I Handcrafted I Handmade I,dhokra art handicraft,Other,1,20.6,428.0,6.061456918928017
Handcrafted Dhokra Art Brass | Traditional Tribal Metal Home Decor | Luxury Ethnic Gift Item (Dokhra Elephant Set of 2) | 2.5 X4 inch,dhokra art handicraft,Brass,2,10.16,1249.0,7.1308988302963465
"Shivnandini Brass Tribal Art Jali Dhokra Art Human Figure 7.9X3 inches: Village Couple Scene, Gold",dhokra art handicraft,Brass,1,7.62,699.0,6.551080335043404
"Attica Tracery Handcrafted Dhokra Art Frame 27x27 cm Wall Hanging with Gift Ready Box for Living Room, Bedroom Traditional Rural Wall Art for Home Decor, Authentic Dhokra Metal Artwork, Wall Decoration Item Wooden Frame",dhokra art handicraft,Wood,1,27.0,999.0,6.907755278982137
Decorative Golden Brass Elephant Holding Lotus in Trunk|DHOKRA Art|Handicraft|Home and TEWMPLE Decor|M/S ANJU Textiles,dhokra art handicraft,Brass,1,20.6,649.0,6.476972362889683
"AROOTI Handmade Brass Dhokra Tribal Wall Art Frame – Traditional Warli Tribal Dancing Couple Wall Hanging for Living Room, Bedroom, Office & Bohemian Home Décor (22.5 x 15.5 cm)",dhokra art handicraft,Brass,1,15.5,790.0,6.673297967767654
CraftCoup Traditional Dhokra Tribal Couple Table Top | Handmade Brass Craft | Framed Indian Handicraft Gift,dhokra art handicraft,Brass,1,20.6,819.0,6.709304340258298
Dhokra Art Brass Tortoise Showpiece Traditional Indian Handicraft Home Décor & Good Luck Gift Item (Brass Tortoise),dhokra art handicraft,Brass,1,20.6,449.0,6.1092475827643655
"Metal Traditional Dhokra Art Adivasi Couple Table-top Traditional Figurine Showpiece (L x B x H : 1.5 X 2.5X 5.5 inch, Gold)",dhokra art handicraft,Other,1,13.97,1198.0,7.089243155027514
Handcrafted Showpiece of Dhokra Metal Art Fish Shaped Pen Stand for Home Decor | Table Decor | Gift,dhokra art handicraft,Other,1,20.6,795.0,6.679599185844383
shivnandini Brass Dhokra Art Square Jali Wall Hanging/Décor/Showpiece,dhokra art handicraft,Brass,1,20.6,799.0,6.684611727667927
Dhokra Metal Handcrafted Collectible Fish Shaped Pen Stand For Desk | Table Decor,dhokra art handicraft,Other,1,20.6,795.0,6.679599185844383
Rainbow Feathers Elegant Tribal Pair in Dhokra Art Form|Tribal Art|Musician|Dhokra Art|Bastar Art|Brass Figurine|Rural Artisans|Handmade|Handicraft|Home Decor|Festival Gift,dhokra art handicraft,Brass,1,20.6,1059.0,6.966024187106113
"Vintage Gulley Handmade Brass Dhokra Reading Woman Figurine | Indian Tribal Art Decorative Showpiece for Living Room, Home, Office & Bookshelf | Antique Brass Miniature Sculpture",dhokra art handicraft,Brass,1,20.6,1799.0,7.495541943884256
"Peepul Tree Dhokra Brass Lord Ganesha Statue Decor Idol for Home Temple, showpiece Figurine | Decorative Item for Home, Offices, Bedroom, Size - 7 inches x 2.5 Inches, Standard, Pack of 1",dhokra art handicraft,Brass,1,17.78,1188.0,7.080867896690782
"BharatSutras Brass Tribal Lady Figurine Statue, Handcrafted Dhokra Art | Dhokra Art, Brass Metal, Handcrafted Idol, Traditional Craft, Home Decor",dhokra art handicraft,Brass,1,20.6,1100.0,7.00397413672268
Rainbow Feathers Dhokra Auspicious Feng Shui Turtle Showpiece|Vastu|Dhokra Art|Bastar Art|Brass Figurine|Rural Artisans|Handmade|Handicraft|Home Decor|Festival Gift,dhokra art handicraft,Brass,1,20.6,549.0,6.309918278226516
Handcrafted Cane and Bamboo Chair,handmade-wooden-bamboo-furniture-bamboo-cane-furniture,Other,1,20.6,7200.0,8.881975184248867
Bamboo Cane Antique Handcrafted Backless Stool,handmade-wooden-bamboo-furniture-bamboo-cane-furniture,Other,1,20.6,3500.0,8.160803920954665
Handmade Bamboo Rack for Storage,handmade-wooden-bamboo-furniture-bamboo-cane-furniture,Other,1,20.6,2500.0,7.824445930877619
Hand Carved Teak Wood Stool (Golden Finish),handmade-wooden-bamboo-furniture-bamboo-cane-furniture,Wood,1,20.6,14500.0,9.581972891547895
Bamboo Small Sitting Stool | Brown,handmade-wooden-bamboo-furniture-bamboo-cane-furniture,Other,1,20.6,1800.0,7.496097345175956
Handwoven Bamboo Sofa Chair,handmade-wooden-bamboo-furniture-bamboo-cane-furniture,Other,1,20.6,7000.0,8.853808274977197
Cane & Bamboo Back Moorah Chair | 66D x 36W x 36H,handmade-wooden-bamboo-furniture-bamboo-cane-furniture,Other,1,20.6,2400.0,7.783640596221253
Handcrafted Wooden Sofa Set,handmade-wooden-bamboo-furniture-bamboo-cane-furniture,Wood,1,20.6,21000.0,9.952325334619427
Handmade Bamboo & Cane Stool,handmade-wooden-bamboo-furniture-bamboo-cane-furniture,Other,1,20.6,1199.0,7.090076835776092
Handmade Cane Lawn Table with Glass Top,handmade-wooden-bamboo-furniture-bamboo-cane-furniture,Glass,1,20.6,3250.0,8.086717920303906
Bamboo Cane Baby Table,handmade-wooden-bamboo-furniture-bamboo-cane-furniture,Other,1,20.6,1650.0,7.409136443920128
Rattan Cane Swing Chair | Natural Finish  Without Cousin,handmade-wooden-bamboo-furniture-bamboo-cane-furniture,Other,1,20.6,5999.0,8.699514748210191
Cane Hanging Swing for Balcony,handmade-wooden-bamboo-furniture-bamboo-cane-furniture,Other,1,20.6,6050.0,8.707978826622321
Handcrafted Rattan Sofa Set,handmade-wooden-bamboo-furniture-bamboo-cane-furniture,Other,1,20.6,22550.0,10.023534689845578
Handcrafted Lightweight Natural Pale Brown Cane Sofa Set|Brown,handmade-wooden-bamboo-furniture-bamboo-cane-furniture,Other,1,20.6,25999.0,10.165851817003619
Bamboo & Cane Coffee Table for Living Room,handmade-wooden-bamboo-furniture-bamboo-cane-furniture,Other,1,20.6,3699.0,8.216088098632316
Rattan Modern Oval Centre Table Multi-Use Shelf for Living Room,handmade-wooden-bamboo-furniture-bamboo-cane-furniture,Other,1,20.6,2600.0,7.8636512654486515
Bamboo Rattan Cane Magazine Storage Rack (39 x 39 x 40 cm),handmade-wooden-bamboo-furniture-bamboo-cane-furniture,Other,1,40.0,2100.0,7.650168700845001
Handcrafted Bamboo Boca Chair,handmade-wooden-bamboo-furniture-bamboo-cane-furniture,Other,1,20.6,2999.0,8.006367567650246
Handmade Bamboo & Cane Lounge Chair|36*14*16 Inch,handmade-wooden-bamboo-furniture-bamboo-cane-furniture,Other,1,40.64,3550.0,8.174984532943087
Brass Tortoise Lock KBH01345,handmade-wooden-bamboo-furniture-bamboo-cane-furniture,Brass,1,20.6,1374.0,7.226209010100671
Brass Lion Face Door Knock Mid KBH01755,handmade-wooden-bamboo-furniture-bamboo-cane-furniture,Brass,1,20.6,1892.0,7.545918151209323
Brass Horse Door Knocker | 3 x 2 x 5 Inch,handmade-wooden-bamboo-furniture-bamboo-cane-furniture,Brass,1,12.7,1575.0,7.362645270417825
Brass Flower Door Designer KBH04381,handmade-wooden-bamboo-furniture-bamboo-cane-furniture,Brass,1,20.6,275.0,5.62040086571715
Teak Wood Corner Table for Home Office,handmade-wooden-bamboo-furniture-bamboo-cane-furniture,Wood,1,20.6,9000.0,9.105090961257085
Brass Bundi Beads Door Handle KBH00250,handmade-wooden-bamboo-furniture-bamboo-cane-furniture,Brass,1,20.6,2202.0,7.697575346802343
Handmade Bamboo Swing Chair Without Chain,handmade-wooden-bamboo-furniture-bamboo-cane-furniture,Other,1,20.6,2699.0,7.90100705199242
Handmade sturdy Bamboo Stool | 	30*27 cm | Brown,handmade-wooden-bamboo-furniture-bamboo-cane-furniture,Other,1,27.0,750.0,6.621405651764134
Multipurpose Solid Wooden Wardrobe | Multicolor,handmade-wooden-bamboo-furniture-bamboo-cane-furniture,Wood,1,20.6,15499.0,9.648595302907339
Miniature Shri Khatu Shyam Mandir  A Divine Presence in Your Space Engineered Wood Home Temple,handmade-wooden-bamboo-furniture-bamboo-cane-furniture,Wood,1,20.6,550.0,6.311734809152915
Engineered Wooden Shri Tirumala Venkateswara Home Temple | 	7*5*6.5inch,handmade-wooden-bamboo-furniture-bamboo-cane-furniture,Wood,1,16.51,548.0,6.3080984415095305
Handcrafted Cane Outdoor Chair with Cushion,handmade-wooden-bamboo-furniture-bamboo-cane-furniture,Other,1,20.6,2290.0,7.736743682453495
Handcrafted Wooden Serving Trolley,handmade-wooden-bamboo-furniture-bamboo-cane-furniture,Wood,1,20.6,12500.0,9.433563920090563
Handmade Bamboo Chair,handmade-wooden-bamboo-furniture-bamboo-cane-furniture,Other,1,20.6,2500.0,7.824445930877619
Handcrafted Bamboo Round Tea Table Tea,handmade-wooden-bamboo-furniture-bamboo-cane-furniture,Other,1,20.6,1999.0,7.600902459542082
Cane Chair with arms - Craft Handcrafted Cane Chair with Soft Cushion,handmade-wooden-bamboo-furniture-bamboo-cane-furniture,Other,1,20.6,6000.0,8.699681400989514
Cane Hanging Chair - Garden Jhula for Adults & Kids,handmade-wooden-bamboo-furniture-bamboo-cane-furniture,Other,1,20.6,6000.0,8.699681400989514
Brass Door Handle BH09938,handmade-wooden-bamboo-furniture-bamboo-cane-furniture,Brass,1,20.6,2075.0,7.638198244285779
Handcrafted Bamboo 4-Seater Dinning Table Set with Table,handmade-wooden-bamboo-furniture-bamboo-cane-furniture,Other,1,20.6,16999.0,9.740968623038354
Handmade Lightweight Natural Bamboo Dustbin,handmade-wooden-bamboo-furniture-bamboo-cane-furniture,Other,1,20.6,799.0,6.684611727667927
Brass Antique Door Handle KBH07076,handmade-wooden-bamboo-furniture-bamboo-cane-furniture,Brass,1,20.6,1575.0,7.362645270417825
Bamboo Mudda Stool set of 2,handmade-wooden-bamboo-furniture-bamboo-cane-furniture,Other,2,20.6,600.0,6.398594934535208
"premium bamboo stool cum table set of 1,color brown",handmade-wooden-bamboo-furniture-bamboo-cane-furniture,Other,1,20.6,1200.0,7.0909098220799835
Meen Handpainted Detachable Side Table,handmade-wooden-bamboo-furniture-bamboo-cane-furniture,Other,1,20.6,15000.0,9.61587214452889
Bamboo 3-Tier Kitchen Organizer Shoes &Slippers Rack Books Shelves Planter Stand 3 Shelf,handmade-wooden-bamboo-furniture-bamboo-cane-furniture,Other,1,20.6,699.0,6.551080335043404
"Bamboo Chair Premium Cane Sofa Set with Table for Home, Office, Living Room, Balcony, Garden, Indoor & Outdoor | Brown",handmade-wooden-bamboo-furniture-bamboo-cane-furniture,Other,1,20.6,17999.0,9.798127036878302
"5 Seater Apple Sofa Set with Center Table | Handmade Bamboo & Cane Furniture for Living Room, Balcony, Garden & Office | Pre-Assembled Natural Rattan Seating Set",handmade-wooden-bamboo-furniture-bamboo-cane-furniture,Other,1,20.6,29999.0,10.308952660644293
"Mango Wood Serving Tray Set of 2 | 12x4 Inch Rectangular Multipurpose Tray for Kitchen, Tea, Coffee",handmade-wooden-bamboo-furniture-bamboo-cane-furniture,Wood,2,10.16,299.0,5.703782474656201
"Premium Wooden Office Stool, Solid Square Sitting Stools for Adults Kids, Multi-Purpose Short Chair, Foot Rest Stool for Playroom, Kitchen, Bedroom",handmade-wooden-bamboo-furniture-bamboo-cane-furniture,Wood,1,20.6,999.0,6.907755278982137
Handcrafted Wooden Dog Bed,handmade-wooden-bamboo-furniture-bamboo-cane-furniture,Wood,1,20.6,3350.0,8.11701408773731
Handmade Cane Apple Chair,handmade-wooden-bamboo-furniture-bamboo-cane-furniture,Other,1,20.6,9000.0,9.105090961257085
Cane Oval Shape Chair Without Cousin,handmade-wooden-bamboo-furniture-bamboo-cane-furniture,Other,1,20.6,5999.0,8.699514748210191
Handwoven Cane Chair,handmade-wooden-bamboo-furniture-bamboo-cane-furniture,Other,1,20.6,4500.0,8.412054873292933
Rattan Seater Swing with Cushions | Brown,handmade-wooden-bamboo-furniture-bamboo-cane-furniture,Other,1,20.6,9950.0,9.205428327615163
Handmade Bamboo & Cane Rattan Rack,handmade-wooden-bamboo-furniture-bamboo-cane-furniture,Other,1,20.6,2699.0,7.90100705199242
Handwoven Bamboo & Cane Chair,handmade-wooden-bamboo-furniture-bamboo-cane-furniture,Other,1,20.6,1550.0,7.346655163176539
Natural Rattan Cane 3 Seater Sofa Set and 2 Single Seater Chair with Cushions (Brown),handmade-wooden-bamboo-furniture-bamboo-cane-furniture,Other,1,20.6,27500.0,10.221977646629885
Modern Cane Sofa Set,handmade-wooden-bamboo-furniture-bamboo-cane-furniture,Other,1,20.6,22500.0,10.021315031649332
Cane Design Sofa Set with Cushion | Brown | 3-Seater,handmade-wooden-bamboo-furniture-bamboo-cane-furniture,Other,1,20.6,19999.0,9.903487552536127
Bamboo & Cane Lehar Sofa Set with Table,handmade-wooden-bamboo-furniture-bamboo-cane-furniture,Other,1,20.6,22599.0,10.025705185260378
Cane Bamboo Wooden Shelf rack,handmade-wooden-bamboo-furniture-bamboo-cane-furniture,Wood,1,20.6,2099.0,7.649692623711514
Brass Elephant Door Handle Mid KBH01778,handmade-wooden-bamboo-furniture-bamboo-cane-furniture,Brass,1,20.6,2892.0,7.970049304976135
Brass Lady Lock KBH03796,handmade-wooden-bamboo-furniture-bamboo-cane-furniture,Brass,1,20.6,525.0,6.26530121273771
Brass Door Handle KBH04371,handmade-wooden-bamboo-furniture-bamboo-cane-furniture,Brass,1,20.6,2875.0,7.964155718840937
Brass Door Knocker KBH04404,handmade-wooden-bamboo-furniture-bamboo-cane-furniture,Brass,1,20.6,95.0,4.564348191467836
Brass Door Design KBH07012,handmade-wooden-bamboo-furniture-bamboo-cane-furniture,Brass,1,20.6,569.0,6.345636360828596
Cane Outdoor Chair with Cushion,handmade-wooden-bamboo-furniture-bamboo-cane-furniture,Other,1,20.6,2300.0,7.741099090035366
Handmade 4-Tier Bamboo Shoe Rack,handmade-wooden-bamboo-furniture-bamboo-cane-furniture,Other,1,20.6,750.0,6.621405651764134
Rosewood Rocking Chair,handmade-wooden-bamboo-furniture-bamboo-cane-furniture,Wood,1,20.6,32000.0,10.373522431293592
Handcrafted Wooden Chair,handmade-wooden-bamboo-furniture-bamboo-cane-furniture,Wood,1,20.6,16500.0,9.711176264112805
Artisan Hand-Carved Sheesham Wood Pedestal Center Table,handmade-wooden-bamboo-furniture-bamboo-cane-furniture,Wood,1,20.6,35000.0,10.463131911491967
Madhubani Handpainted Detachable Side Table,handmade-wooden-bamboo-furniture-bamboo-cane-furniture,Other,1,20.6,15000.0,9.61587214452889
"Cane Chair for Living Room, Bedroom & Outdoor, Natural Cane Material, Wooden Brown, 56x71x82 cm",handmade-wooden-bamboo-furniture-bamboo-cane-furniture,Wood,1,82.0,3800.0,8.24301946898925
CANE and Bamboo Premium Chair,handmade-wooden-bamboo-furniture-bamboo-cane-furniture,Other,1,20.6,5700.0,8.648396877031582
Assam bamboo hand made Dola Tray,handmade-wooden-bamboo-furniture-bamboo-cane-furniture,Other,1,20.6,999.0,6.907755278982137
Wooden Corner and Corner Table,handmade-wooden-bamboo-furniture-bamboo-cane-furniture,Wood,1,20.6,13500.0,9.510519035757246
Handmade Designer Bamboo Antique Chair,handmade-wooden-bamboo-furniture-bamboo-cane-furniture,Other,1,20.6,5500.0,8.612685172875459
Rattan Cane Swing Chair with Cushion,handmade-wooden-bamboo-furniture-bamboo-cane-furniture,Other,1,20.6,7500.0,8.922791623969637
Handmade Cane Rattan Magazine Shelf,handmade-wooden-bamboo-furniture-bamboo-cane-furniture,Other,1,20.6,2500.0,7.824445930877619
Bamboo Cane Multipurpose Rack with 3 Shelves for Home and Kitchen.,handmade-wooden-bamboo-furniture-bamboo-cane-furniture,Other,1,20.6,1050.0,6.957497370876951
Pure Handmade Wooden 5 Seater Sofa Set,handmade-wooden-bamboo-furniture-bamboo-cane-furniture,Wood,1,20.6,25500.0,10.146472946063877
Cane Bamboo Sofa Set with Table (Brown),handmade-wooden-bamboo-furniture-bamboo-cane-furniture,Other,1,20.6,17500.0,9.770013301136158
"Cane Sofa Set with Table (Wood,Brown)",handmade-wooden-bamboo-furniture-bamboo-cane-furniture,Wood,1,20.6,22500.0,10.021315031649332
Cane Sofa Set with Table,handmade-wooden-bamboo-furniture-bamboo-cane-furniture,Other,1,20.6,24500.0,10.106469212026385
Pure Handmade Wooden Sofa Set,handmade-wooden-bamboo-furniture-bamboo-cane-furniture,Wood,1,20.6,34500.0,10.448743588106625
Handmade Cane Swing Jhoola for Home without cousin and Rope,handmade-wooden-bamboo-furniture-bamboo-cane-furniture,Other,1,20.6,5999.0,8.699514748210191
Brass Decorative Table BH07380,handmade-wooden-bamboo-furniture-bamboo-cane-furniture,Brass,1,20.6,14273.0,9.566194979531012
Bamboo Book Rack | 60 x 18 x 30 inch,handmade-wooden-bamboo-furniture-bamboo-cane-furniture,Other,1,76.2,7000.0,8.853808274977197
Wooden Pooja Chowki for Temple sitting I Multipurpose,handmade-wooden-bamboo-furniture-bamboo-cane-furniture,Wood,1,20.6,499.0,6.214608098422191
Bamboo Cane Sofa with Round Cushion for Home & Office | Outdoor Indoor Furniture,handmade-wooden-bamboo-furniture-bamboo-cane-furniture,Other,1,20.6,28599.0,10.261161996807944
Handmade Cane Wardrobe Basket,handmade-wooden-bamboo-furniture-bamboo-cane-furniture,Other,1,20.6,15999.0,9.680344001221918
Handmade Multipurpose Basket/Magazine Stand Holder|Brown,handmade-wooden-bamboo-furniture-bamboo-cane-furniture,Other,1,20.6,1500.0,7.313886831633462
Round Shape Jute Wall Hanging,handmade-wooden-bamboo-furniture-bamboo-cane-furniture,Jute,1,20.6,499.0,6.214608098422191
Cane & Bamboo Magazine Stand,handmade-wooden-bamboo-furniture-bamboo-cane-furniture,Other,1,20.6,1450.0,7.280008252884188
Low Sitting Stool | Handmade Stool,handmade-wooden-bamboo-furniture-bamboo-cane-furniture,Other,1,20.6,1800.0,7.496097345175956
Handmade Rattan Planter for Home Decor,handmade-wooden-bamboo-furniture-bamboo-cane-furniture,Other,1,20.6,699.0,6.551080335043404
Dastkar Crafts Home Berrien Outdoor Wicker Chairs,handmade-wooden-bamboo-furniture-bamboo-cane-furniture,Other,1,20.6,4999.0,8.517193191416238
Brass Fish Table KBH00074,handmade-wooden-bamboo-furniture-bamboo-cane-furniture,Brass,1,20.6,29575.0,10.294718500616467
Brass Bull Door Knocker KBH00257,handmade-wooden-bamboo-furniture-bamboo-cane-furniture,Brass,1,20.6,3275.0,8.09437844497296
Brass Lion Handcrafted Door Knocker | 3.2 x 1.5 x 5.3 Inch,handmade-wooden-bamboo-furniture-bamboo-cane-furniture,Brass,1,13.462,775.0,6.654152520183219
Brass Flower Door Design Small KBH00252,handmade-wooden-bamboo-furniture-bamboo-cane-furniture,Brass,1,20.6,275.0,5.62040086571715
Brass Door Handle KBH04372,handmade-wooden-bamboo-furniture-bamboo-cane-furniture,Brass,1,20.6,1175.0,7.069874128458572
Brass Elephant Face Door Handle KBH04378,handmade-wooden-bamboo-furniture-bamboo-cane-furniture,Brass,1,20.6,350.0,5.860786223465865
Brass Peacock Door Designer KBH04379,handmade-wooden-bamboo-furniture-bamboo-cane-furniture,Brass,1,20.6,295.0,5.69035945432406
Brass Pan Door Handle KBH06235,handmade-wooden-bamboo-furniture-bamboo-cane-furniture,Brass,1,20.6,2409.0,7.787382026484701
Brass Fish Door Handle Mid KBH01758,handmade-wooden-bamboo-furniture-bamboo-cane-furniture,Brass,1,20.6,742.0,6.610696044717759
wooden mirror lippan art frame radha krishna,handmade-wooden-bamboo-furniture-bamboo-cane-furniture,Wood,1,20.6,8000.0,8.987321812850125
Brass Leaf Door Handle KBH00247,handmade-wooden-bamboo-furniture-bamboo-cane-furniture,Brass,1,20.6,2294.0,7.738488122494646
Brass Leaf Door Handle KBH00249,handmade-wooden-bamboo-furniture-bamboo-cane-furniture,Brass,1,20.6,1374.0,7.226209010100671
Handcrafted Woven Leather Pouf | Chestnut Brown,handmade-wooden-bamboo-furniture-bamboo-cane-furniture,Other,1,20.6,10000.0,9.210440366976517
Cane Sofa Set | Set of 4,handmade-wooden-bamboo-furniture-bamboo-cane-furniture,Other,4,20.6,35000.0,10.463131911491967
A Temple of Peace MDF Model of Gurujis Bade Mandir Engineered Wood Home Temple,handmade-wooden-bamboo-furniture-bamboo-cane-furniture,Wood,1,20.6,520.0,6.255750041753367
Modern Ottoman Stool/Pouffe for Living Room | 16x16x18 Inch,handmade-wooden-bamboo-furniture-bamboo-cane-furniture,Other,1,45.72,1999.0,7.600902459542082
Handmade Indoor & Outdoor Cane Swing Chair|Brown,handmade-wooden-bamboo-furniture-bamboo-cane-furniture,Other,1,20.6,1500.0,7.313886831633462
Brass Elephant Lock BH06934,handmade-wooden-bamboo-furniture-bamboo-cane-furniture,Brass,1,20.6,2283.0,7.7336835707759
Mithila Swan Side Table,handmade-wooden-bamboo-furniture-bamboo-cane-furniture,Other,1,20.6,8000.0,8.987321812850125
"Bamboo Chair Premium Cane Sofa Set with Table for Home, Living Room,Garden, Indoor & Outdoor | Brown, 34 cm, 24 cm, 25 cm",handmade-wooden-bamboo-furniture-bamboo-cane-furniture,Other,1,34.0,15999.0,9.680344001221918
Handmade Ceramic Donga/Casserole | Blue Pottery | Set of 3,handmade-wooden-bamboo-furniture-bamboo-cane-furniture,Ceramic,3,20.6,2399.0,7.783224016336037
Bamboo Natural Finish Brown Cane Rack of 4 Shelves for Books and Shoes,handmade-wooden-bamboo-furniture-bamboo-cane-furniture,Other,1,20.6,4500.0,8.412054873292933
Bamboo Designer Chair,handmade-wooden-bamboo-furniture-bamboo-cane-furniture,Other,1,20.6,3200.0,8.071218539969863
Hand Embroidered Floral Design Table Cloth | 40×60 inches | White,handmade-wooden-bamboo-furniture-bamboo-cane-furniture,Other,1,152.4,1650.0,7.409136443920128
Cane & Bamboo Chair,handmade-wooden-bamboo-furniture-bamboo-cane-furniture,Other,1,20.6,2300.0,7.741099090035366
Handcrafted Wooden Diwan Bed,handmade-wooden-bamboo-furniture-bamboo-cane-furniture,Wood,1,20.6,12000.0,9.392745258631441
Wooden Hanging Swing Jhula,handmade-wooden-bamboo-furniture-bamboo-cane-furniture,Wood,1,20.6,3499.0,8.160518247477505
Heavy Weight Handmade Cane Swing (Brown),handmade-wooden-bamboo-furniture-bamboo-cane-furniture,Other,1,20.6,5500.0,8.612685172875459
"Bamboo Cane Peacock Chair for Living Room with Seat Cushion, Natural Color",handmade-wooden-bamboo-furniture-bamboo-cane-furniture,Other,1,20.6,31999.0,10.373491181781864
Cane Rocking Chair with Cushion,handmade-wooden-bamboo-furniture-bamboo-cane-furniture,Other,1,20.6,5550.0,8.621733370690162
"Bamboo Shelf, Wall Rack Cane for Home",handmade-wooden-bamboo-furniture-bamboo-cane-furniture,Other,1,20.6,2150.0,7.67368812926773
Bamboo Outdoor Chair,handmade-wooden-bamboo-furniture-bamboo-cane-furniture,Other,1,20.6,2850.0,7.955425088912672
Cane & Bamboo Recliner Chair,handmade-wooden-bamboo-furniture-bamboo-cane-furniture,Other,1,20.6,4550.0,8.423102268016642
Dandi March Mahatma Gandhi Wall Hanging | Aari Embroidery,handmade-wooden-bamboo-furniture-bamboo-cane-furniture,Other,1,20.6,2499.0,7.824046010856292
Brass Hand Door Handle KBH04386,handmade-wooden-bamboo-furniture-bamboo-cane-furniture,Brass,1,20.6,825.0,6.716594773520978
Handmade Brass Master Lock |4.5 x 2 x 5.5 Inch,handmade-wooden-bamboo-furniture-bamboo-cane-furniture,Brass,1,13.97,4373.0,8.383433201236713
Brass Ganesh Laxmi Lock KBH05243,handmade-wooden-bamboo-furniture-bamboo-cane-furniture,Brass,1,20.6,1275.0,7.151485463904735
"Bamboo Cane Peacock Chair for Living Room with Seat Cushion, Natural Color",handmade-wooden-bamboo-furniture-bamboo-cane-furniture,Other,1,20.6,31999.0,10.373491181781864
Cane Rocking Chair with Cushion,handmade-wooden-bamboo-furniture-bamboo-cane-furniture,Other,1,20.6,5550.0,8.621733370690162
"Bamboo Shelf, Wall Rack Cane for Home",handmade-wooden-bamboo-furniture-bamboo-cane-furniture,Other,1,20.6,2150.0,7.67368812926773
Bamboo Outdoor Chair,handmade-wooden-bamboo-furniture-bamboo-cane-furniture,Other,1,20.6,2850.0,7.955425088912672
Bamboo & Cane Sofa Set with Table and Cushions,handmade-wooden-bamboo-furniture-bamboo-cane-furniture,Other,1,20.6,31500.0,10.357774570341576
Cane Sofa Set with Table for Home & Office,handmade-wooden-bamboo-furniture-bamboo-cane-furniture,Other,1,20.6,25599.0,10.150347630467653
Handcrafted Rattan Magazine Holder|43 x 22 x 42 cm,handmade-wooden-bamboo-furniture-bamboo-cane-furniture,Other,1,42.0,2299.0,7.7406644019172415
Wall Hanging Decoration,handmade-wooden-bamboo-furniture-bamboo-cane-furniture,Other,1,20.6,599.0,6.396929655216146
Round Shape Jute Wall Hanging Handmade,handmade-wooden-bamboo-furniture-bamboo-cane-furniture,Jute,1,20.6,599.0,6.396929655216146
Grey Gold Strip Wooden Stool,handmade-wooden-bamboo-furniture-bamboo-cane-furniture,Wood,1,20.6,2999.0,8.006367567650246
Handmade Bamboo & Cane Table,handmade-wooden-bamboo-furniture-bamboo-cane-furniture,Other,1,20.6,1750.0,7.467942332285852
Handmade Wooden chair,handmade-wooden-bamboo-furniture-bamboo-cane-furniture,Wood,1,20.6,2900.0,7.972810784121404
Handmade Boho Rattan Wall Shelf | 16.5 Inch | Floating Style,handmade-wooden-bamboo-furniture-bamboo-cane-furniture,Other,1,41.910000000000004,2599.0,7.8632667240095735
Brass Ghoomar Door Design KBH07014,handmade-wooden-bamboo-furniture-bamboo-cane-furniture,Brass,1,20.6,454.0,6.12029741895095
Brass Door knocker Height 4 Inch KBH09636,handmade-wooden-bamboo-furniture-bamboo-cane-furniture,Brass,1,10.16,2179.0,7.687080155783135
Brass Pan Handle KBH00038,handmade-wooden-bamboo-furniture-bamboo-cane-furniture,Brass,1,20.6,475.0,6.16541785423142
Brass Fish Door Lock Small KBH00264,handmade-wooden-bamboo-furniture-bamboo-cane-furniture,Brass,1,20.6,975.0,6.883462586413092
Brass Lady Door Handle KBH04367,handmade-wooden-bamboo-furniture-bamboo-cane-furniture,Brass,1,20.6,1275.0,7.151485463904735
Brass Crocodile Door Knocker KBH04382,handmade-wooden-bamboo-furniture-bamboo-cane-furniture,Brass,1,20.6,775.0,6.654152520183219
Brass Dining Table KBH00212,handmade-wooden-bamboo-furniture-bamboo-cane-furniture,Brass,1,20.6,1087.0,6.992096427415888
Brass Leaf Door Handle KBH00248,handmade-wooden-bamboo-furniture-bamboo-cane-furniture,Brass,1,20.6,1719.0,7.450079569807499
wooden lippan mirror frame,handmade-wooden-bamboo-furniture-bamboo-cane-furniture,Wood,1,20.6,3000.0,8.006700845440367
wooden stool table coffeetable,handmade-wooden-bamboo-furniture-bamboo-cane-furniture,Wood,1,20.6,650.0,6.478509642208569
Handmade Ceramic Donga/Casserole | Blue Pottery | Set of 3,handmade-wooden-bamboo-furniture-bamboo-cane-furniture,Ceramic,3,20.6,2399.0,7.783224016336037
Handmade Cane Lounge Chair | Natural Beige,handmade-wooden-bamboo-furniture-bamboo-cane-furniture,Other,1,20.6,6000.0,8.699681400989514
Handcrafted Wooden Jagannath Temple Miniature Showpiece,handmade-wooden-bamboo-furniture-bamboo-cane-furniture,Wood,1,20.6,550.0,6.311734809152915
Shri Kedarnath Dham Sacred Miniature Wooden Temple Engineered Wood Home Temple,handmade-wooden-bamboo-furniture-bamboo-cane-furniture,Wood,1,20.6,526.0,6.267200548541362
Handcrafted Outdoor 2-seater sofa with Cushion,handmade-wooden-bamboo-furniture-bamboo-cane-furniture,Other,1,20.6,4999.0,8.517193191416238
Mithila  Kurma Side Table,handmade-wooden-bamboo-furniture-bamboo-cane-furniture,Other,1,20.6,8000.0,8.987321812850125
"Durable Heavy-Duty Relax Bamboo Cane Rocking Chair for Home, Balcony, Living Room and Outdoor Lounge, Brown with cushion",handmade-wooden-bamboo-furniture-bamboo-cane-furniture,Other,1,20.6,4999.0,8.517193191416238
Rattan Wicker Round Table,handmade-wooden-bamboo-furniture-bamboo-cane-furniture,Other,1,20.6,3599.0,8.1886891244442
Handmade Cane Sofa Set | 3+2 Seater | Coffee Table Included,handmade-wooden-bamboo-furniture-bamboo-cane-furniture,Other,1,20.6,24500.0,10.106469212026385
Cane & Bamboo Baby Chair,handmade-wooden-bamboo-furniture-bamboo-cane-furniture,Other,1,20.6,1300.0,7.170888478512505
Rattan Cane Modern Oval Centre Table Shelf for Home,handmade-wooden-bamboo-furniture-bamboo-cane-furniture,Other,1,20.6,2650.0,7.8826922062890254
Cane & Bamboo Mudha Side Stool/Balcony Stool (Set of 2),handmade-wooden-bamboo-furniture-bamboo-cane-furniture,Other,2,20.6,2050.0,7.62608275807238
Black Border Bamboo Rack 3 Shelf,handmade-wooden-bamboo-furniture-bamboo-cane-furniture,Other,1,20.6,1950.0,7.576097340623111
Rattan and Cane Retro Sofa Set/Center Table with Glass Top | Beige | 3+2 Seater,handmade-wooden-bamboo-furniture-bamboo-cane-furniture,Glass,1,20.6,30999.0,10.341742483467284
Bamboo 4-Seater Sofa Set with Cushions,handmade-wooden-bamboo-furniture-bamboo-cane-furniture,Other,1,20.6,20000.0,9.90353755128617
Cane Sofa Set in Beige Finish,handmade-wooden-bamboo-furniture-bamboo-cane-furniture,Other,1,20.6,23500.0,10.064798252418377
Cane Sofa Set with  Center Table,handmade-wooden-bamboo-furniture-bamboo-cane-furniture,Other,1,20.6,32500.0,10.389026137075234
Ratan Bamboo 5 Seater Sofa Pack with Cushion | Brown,handmade-wooden-bamboo-furniture-bamboo-cane-furniture,Other,1,20.6,22599.0,10.025705185260378
Single chair Cane Sofa Set with Table |3-Seater + 2 | Brown,handmade-wooden-bamboo-furniture-bamboo-cane-furniture,Other,1,20.6,24599.0,10.110501721920453
Cane Sofa Set with Sectional Cushions,handmade-wooden-bamboo-furniture-bamboo-cane-furniture,Other,1,20.6,19999.0,9.903487552536127
Brass Door Lock KBH01287,handmade-wooden-bamboo-furniture-bamboo-cane-furniture,Brass,1,20.6,5997.0,8.699181359308954
Brass Miniature Bed KBH03212,handmade-wooden-bamboo-furniture-bamboo-cane-furniture,Brass,1,20.6,972.0,6.880384082186005
Bamboo & Cane Rattan Swing Chair without Cushion and Rope,handmade-wooden-bamboo-furniture-bamboo-cane-furniture,Other,1,20.6,4999.0,8.517193191416238
Cane 2-Seater Sofa with Cushion | Standard Size | Brown,handmade-wooden-bamboo-furniture-bamboo-cane-furniture,Other,1,20.6,15999.0,9.680344001221918
Bamboo 4-Seater Dining Table Set | Dastkar Craft,handmade-wooden-bamboo-furniture-bamboo-cane-furniture,Other,1,20.6,35000.0,10.463131911491967
Cane & Bamboo 4-Seater Dining Table Set,handmade-wooden-bamboo-furniture-bamboo-cane-furniture,Other,1,20.6,19999.0,9.903487552536127
Handicraft Bamboo Serving Tray,handmade-wooden-bamboo-furniture-bamboo-cane-furniture,Other,1,20.6,999.0,6.907755278982137
Black Strip Wooden Stool For Living Room,handmade-wooden-bamboo-furniture-bamboo-cane-furniture,Wood,1,20.6,2999.0,8.006367567650246
Handmade Bamboo Wooden Chair,handmade-wooden-bamboo-furniture-bamboo-cane-furniture,Wood,1,20.6,2800.0,7.937731775260109
Cane Rack for Books,handmade-wooden-bamboo-furniture-bamboo-cane-furniture,Other,1,20.6,3400.0,8.131824785007195
Cane & Bamboo Outdoor Jhula,handmade-wooden-bamboo-furniture-bamboo-cane-furniture,Other,1,20.6,2450.0,7.804251383528112
wooden lippan krishna mirror frame,handmade-wooden-bamboo-furniture-bamboo-cane-furniture,Wood,1,20.6,8000.0,8.987321812850125
Brass Lion Face Door Knocker KBH00254,handmade-wooden-bamboo-furniture-bamboo-cane-furniture,Brass,1,20.6,375.0,5.929589143389895
Brass Owl Lock KBH05082,handmade-wooden-bamboo-furniture-bamboo-cane-furniture,Brass,1,20.6,1075.0,6.98100574072173
Brass Dolphin Fish Table KBH05176,handmade-wooden-bamboo-furniture-bamboo-cane-furniture,Brass,1,20.6,15125.0,9.624170396415975
Brass Duck Door Knocker KBH04356,handmade-wooden-bamboo-furniture-bamboo-cane-furniture,Brass,1,20.6,2175.0,7.685243607975833
Brass Lion Face Door Knocker KBH04375,handmade-wooden-bamboo-furniture-bamboo-cane-furniture,Brass,1,20.6,1125.0,7.026426808699636
Brass Peacock Door Handle Mid KBH01779,handmade-wooden-bamboo-furniture-bamboo-cane-furniture,Brass,1,20.6,1259.0,7.138866999945524
Leather Iron Chair,handmade-wooden-bamboo-furniture-bamboo-cane-furniture,Iron,1,20.6,23600.0,10.069044362997353
Modern Ottoman Stool/Pouffe for Living Room | 16x16x18 Inch,handmade-wooden-bamboo-furniture-bamboo-cane-furniture,Other,1,45.72,1850.0,7.523481312573497
Rosewood Councillor Table,handmade-wooden-bamboo-furniture-bamboo-cane-furniture,Wood,1,20.6,36000.0,10.491301994830229
Handcrafted Cane Apple Chair,handmade-wooden-bamboo-furniture-bamboo-cane-furniture,Other,1,20.6,2500.0,7.824445930877619
Cane Sofa Set | Set of 5,handmade-wooden-bamboo-furniture-bamboo-cane-furniture,Other,5,20.6,12000.0,9.392745258631441
Shri Ram Mandir Ayodhya MDF Wooden 3D Model,handmade-wooden-bamboo-furniture-bamboo-cane-furniture,Wood,1,20.6,258.0,5.556828061699537
Mithila Gajraj Side Table,handmade-wooden-bamboo-furniture-bamboo-cane-furniture,Other,1,20.6,8000.0,8.987321812850125
"Handicrafts Hanging Chair Wooden Bamboo Jhula Cane Swing Chair for Comfort Indoor & Outdoor for Kids, Adults with Cushion, Maximum Weight 180 Kg",handmade-wooden-bamboo-furniture-bamboo-cane-furniture,Wood,1,20.6,3100.0,8.03947991910045
Brass Peacock Door Handle KBH04369,handmade-wooden-bamboo-furniture-bamboo-cane-furniture,Brass,1,20.6,2550.0,7.844240718141811
Brass Table KBH03928,handmade-wooden-bamboo-furniture-bamboo-cane-furniture,Brass,1,20.6,6549.0,8.787220328629298
Brass Parrot Door Handle Set of 2 KBH00251,handmade-wooden-bamboo-furniture-bamboo-cane-furniture,Brass,2,20.6,2547.0,7.843064016692054
Rosewood Pooja Mantapa,handmade-wooden-bamboo-furniture-bamboo-cane-furniture,Wood,1,20.6,17000.0,9.741027444837728
Cotton Handwoven Rug | Blue,home-and-living/floor-coverings,Cotton,1,20.6,7600.0,8.936035096566041
Handmade Rug for Coffee Table,home-and-living/floor-coverings,Other,1,20.6,7049.0,8.860782895806315
Pure Cotton Handmade Rug,home-and-living/floor-coverings,Cotton,1,20.6,12299.0,9.417354541360508
Handmade Camel and Goat Hair Door Mat in White,home-and-living/floor-coverings,Other,1,20.6,1149.0,7.047517221357296
Handmade Camel and Goat Hair Door Mat | White,home-and-living/floor-coverings,Other,1,20.6,1049.0,6.956545443151569
Handmade Rug for Coffee Table - Blue,home-and-living/floor-coverings,Other,1,20.6,5299.0,8.575462099540212
Handmade Cotton Rug,home-and-living/floor-coverings,Cotton,1,20.6,5149.0,8.546751993657782
Indian Hand Block Rajasthani Prints Bedsides Rug,home-and-living/floor-coverings,Other,1,20.6,1649.0,7.408530566894626
Cotton Hand Block Print Rug (90x150 cm),home-and-living/floor-coverings,Cotton,1,150.0,1599.0,7.3777589082278725
Hand Block Prints Rug,home-and-living/floor-coverings,Other,1,20.6,3349.0,8.116715624819111
Handblock Printed Rug,home-and-living/floor-coverings,Other,1,20.6,3449.0,8.146129510025405
Traditional Handmade Rug | Pink Mix,home-and-living/floor-coverings,Other,1,20.6,14549.0,9.585346272599638
Handmade Cotton Blend Durry,home-and-living/floor-coverings,Cotton,1,20.6,9700.0,9.179984251961283
Handloom Elegant Room Carpet,home-and-living/floor-coverings,Other,1,20.6,4400.0,8.38958706681109
Handmade Home Cotton Door Mat,home-and-living/floor-coverings,Cotton,1,20.6,60.0,4.110873864173311
"Handcrafted Cotton Floor Spread |90""x50""",home-and-living/floor-coverings,Cotton,1,20.6,699.0,6.551080335043404
Handmade Jute Durry | Multicolour,home-and-living/floor-coverings,Jute,1,20.6,1730.0,7.456454555176209
Kalamkari Warangal durry,home-and-living/floor-coverings,Other,1,20.6,3260.0,8.089789175789319
Floor Rug | Home Furnishing,home-and-living/floor-coverings,Other,1,20.6,9936.0,9.204020443231363
Yoga Mat for Exercise,home-and-living/floor-coverings,Other,1,20.6,1499.0,7.313220387090301
Warangal Handloom Cotton Durrie | Handloom Cotton Carpet | Red,home-and-living/floor-coverings,Cotton,1,20.6,2750.0,7.919719760924575
Warangal Special Handloom Carpet,home-and-living/floor-coverings,Other,1,20.6,1750.0,7.467942332285852
Handloom Multicolour Carpet for Living Room,home-and-living/floor-coverings,Other,1,20.6,2800.0,7.937731775260109
MODERN BOXES CARPET,home-and-living/floor-coverings,Other,1,20.6,2800.0,7.937731775260109
Handmade Punja Dhurrie | Gold,home-and-living/floor-coverings,Other,1,20.6,3200.0,8.071218539969863
Hand Embroidered Kilim Cotton Carpet/Durries,home-and-living/floor-coverings,Cotton,1,20.6,7200.0,8.881975184248867
Handwoven KILIM Magadh Carpet/Durries,home-and-living/floor-coverings,Other,1,20.6,7200.0,8.881975184248867
Handwoven Cold Dhurrie,home-and-living/floor-coverings,Other,1,20.6,7200.0,8.881975184248867
Grand Cotton Dhurrie,home-and-living/floor-coverings,Cotton,1,20.6,7200.0,8.881975184248867
DHANALAXMI NAWAR HWCPSS CARPET,home-and-living/floor-coverings,Other,1,20.6,500.0,6.2166061010848646
Handcrafted Tana-Bana Multicoloured Rug | 8x5 Feet,home-and-living/floor-coverings,Other,1,20.6,6800.0,8.824824939175638
Cotton Wool Carpet | Orange,home-and-living/floor-coverings,Cotton,1,20.6,6800.0,8.824824939175638
Handwoven cotton wool carpet,home-and-living/floor-coverings,Cotton,1,20.6,6800.0,8.824824939175638
Handloom Durry for home,home-and-living/floor-coverings,Other,1,20.6,6800.0,8.824824939175638
Handloom Floral Durry,home-and-living/floor-coverings,Other,1,20.6,6800.0,8.824824939175638
Colorful Dhurrie for Home,home-and-living/floor-coverings,Other,1,20.6,7200.0,8.881975184248867
Handwoven Durry for home,home-and-living/floor-coverings,Other,1,20.6,4200.0,8.343077871169383
Pure Cotton Handmade Durry Mat,home-and-living/floor-coverings,Cotton,1,20.6,620.0,6.431331081933479
Gulshan Hand Block Prints Rug,home-and-living/floor-coverings,Other,1,20.6,1399.0,7.24422751560335
Blue Cotton Hand Block Print Rug,home-and-living/floor-coverings,Cotton,1,20.6,1749.0,7.4673710669175595
Rugmoda Traditional Jute Handmade Rug,home-and-living/floor-coverings,Jute,1,20.6,1649.0,7.408530566894626
Handmade Cotton Floor Mat for Home | Purple & Blue,home-and-living/floor-coverings,Cotton,1,20.6,525.0,6.26530121273771
Handmade Yarn Mat,home-and-living/floor-coverings,Other,1,20.6,350.0,5.860786223465865
Handloom Durry for Home Furnishing | Geometric Pattern,home-and-living/floor-coverings,Other,1,20.6,2250.0,7.719129840906732
Handmade Carpet for home,home-and-living/floor-coverings,Other,1,20.6,250.0,5.5254529391317835
Handwoven Cotton Durries,home-and-living/floor-coverings,Cotton,1,20.6,800.0,6.68586094706836
Handmade Cotton Carpet Durries,home-and-living/floor-coverings,Cotton,1,20.6,700.0,6.55250788703459
Cotton Hademade rug,home-and-living/floor-coverings,Cotton,1,20.6,3812.0,8.246171559857563
Reet Cotton Handmade Rug,home-and-living/floor-coverings,Cotton,1,20.6,9200.0,9.127067452782361
Beige Cotton Block Print Rug,home-and-living/floor-coverings,Cotton,1,20.6,1649.0,7.408530566894626
Handblock Prints 3x5 ft rug,home-and-living/floor-coverings,Other,1,20.6,1549.0,7.346010209913293
Atithi 100% Cotton Printed Rug,home-and-living/floor-coverings,Cotton,1,20.6,3399.0,8.131530710604252
mustered Hand block Print 120x180 cm,home-and-living/floor-coverings,Other,1,180.0,3299.0,8.101677747454572
Handwoven Cotton Printed Rug | Mauve & White,home-and-living/floor-coverings,Cotton,1,20.6,3349.0,8.116715624819111
Traditional Rug made Of jute,home-and-living/floor-coverings,Jute,1,20.6,1649.0,7.408530566894626
Traditional Woollen Handwoven Rug,home-and-living/floor-coverings,Wool,1,20.6,3249.0,8.086410275323782
Woolen Handmade Runners,home-and-living/floor-coverings,Wool,1,20.6,3449.0,8.146129510025405
Cotton Handmade Rug,home-and-living/floor-coverings,Cotton,1,20.6,3812.0,8.246171559857563
Neelam Cotton Handmade Rug,home-and-living/floor-coverings,Cotton,1,20.6,11299.0,9.332558004700433
Block Printed Rug Handwoven,home-and-living/floor-coverings,Other,1,20.6,3449.0,8.146129510025405
Traditional Jute Handmade Rug,home-and-living/floor-coverings,Jute,1,20.6,1699.0,7.438383530044307
Cotton Hademade rug,home-and-living/floor-coverings,Cotton,1,20.6,3812.0,8.246171559857563
Cotton Hademade rug,home-and-living/floor-coverings,Cotton,1,20.6,3812.0,8.246171559857563
Cotton Hademade rug,home-and-living/floor-coverings,Cotton,1,20.6,3812.0,8.246171559857563
Handmade Cotton Blend Durry,home-and-living/floor-coverings,Cotton,1,20.6,9700.0,9.179984251961283
Handmade Cotton Durry,home-and-living/floor-coverings,Cotton,1,20.6,6750.0,8.81744592104187
Pure Handloom Durry  Rug | Multicolour,home-and-living/floor-coverings,Other,1,20.6,5100.0,8.537191877922927
Handwoven Cotton & Wool Beige Rug | 3x5 Feet,home-and-living/floor-coverings,Cotton,1,20.6,8075.0,8.996651979432729
Handcrafted Geometric Pattern Rugs|3x5 feet,home-and-living/floor-coverings,Other,1,20.6,4500.0,8.412054873292933
Handcrafted Rug | Cream,home-and-living/floor-coverings,Other,1,20.6,14400.0,9.575052927597383
Handloom Elegant Room Carpet,home-and-living/floor-coverings,Other,1,20.6,4400.0,8.38958706681109
Handmade Home Cotton Door Mat,home-and-living/floor-coverings,Cotton,1,20.6,60.0,4.110873864173311
"Handcrafted Cotton Floor Spread |90""x50""",home-and-living/floor-coverings,Cotton,1,20.6,699.0,6.551080335043404
Handmade Jute Durry | Multicolour,home-and-living/floor-coverings,Jute,1,20.6,1730.0,7.456454555176209
Kalamkari Warangal durry,home-and-living/floor-coverings,Other,1,20.6,3260.0,8.089789175789319
Floor Rug | Home Furnishing,home-and-living/floor-coverings,Other,1,20.6,9936.0,9.204020443231363
Yoga Mat for Exercise,home-and-living/floor-coverings,Other,1,20.6,1499.0,7.313220387090301
Warangal Handloom Cotton Durrie | Handloom Cotton Carpet | Red,home-and-living/floor-coverings,Cotton,1,20.6,2750.0,7.919719760924575
Warangal Special Handloom Carpet,home-and-living/floor-coverings,Other,1,20.6,1750.0,7.467942332285852
Handloom Multicolour Carpet for Living Room,home-and-living/floor-coverings,Other,1,20.6,2800.0,7.937731775260109
MODERN BOXES CARPET,home-and-living/floor-coverings,Other,1,20.6,2800.0,7.937731775260109
Handmade Punja Dhurrie | Gold,home-and-living/floor-coverings,Other,1,20.6,3200.0,8.071218539969863
Hand Embroidered Kilim Cotton Carpet/Durries,home-and-living/floor-coverings,Cotton,1,20.6,7200.0,8.881975184248867
Cotton Handmade Rug,home-and-living/floor-coverings,Cotton,1,20.6,7200.0,8.881975184248867
Handcrafted Block Printed Rug|Blue,home-and-living/floor-coverings,Other,1,20.6,3249.0,8.086410275323782
Pure Cotton Handmade Durry Mat,home-and-living/floor-coverings,Cotton,1,20.6,620.0,6.431331081933479
Handmade Cotton Floor Mat for Home | Purple & Blue,home-and-living/floor-coverings,Cotton,1,20.6,525.0,6.26530121273771
Handmade Yarn Mat,home-and-living/floor-coverings,Other,1,20.6,350.0,5.860786223465865
Handloom Durry for Home Furnishing | Geometric Pattern,home-and-living/floor-coverings,Other,1,20.6,2250.0,7.719129840906732
Handmade Carpet for home,home-and-living/floor-coverings,Other,1,20.6,250.0,5.5254529391317835
Handwoven Cotton Durries,home-and-living/floor-coverings,Cotton,1,20.6,800.0,6.68586094706836
Handwoven KILIM Magadh Carpet/Durries,home-and-living/floor-coverings,Other,1,20.6,7200.0,8.881975184248867
Handwoven Cold Dhurrie,home-and-living/floor-coverings,Other,1,20.6,7200.0,8.881975184248867
Grand Cotton Dhurrie,home-and-living/floor-coverings,Cotton,1,20.6,7200.0,8.881975184248867
DHANALAXMI NAWAR HWCPSS CARPET,home-and-living/floor-coverings,Other,1,20.6,500.0,6.2166061010848646
Handcrafted Tana-Bana Multicoloured Rug | 8x5 Feet,home-and-living/floor-coverings,Other,1,20.6,6800.0,8.824824939175638
Cotton Wool Carpet | Orange,home-and-living/floor-coverings,Cotton,1,20.6,6800.0,8.824824939175638
Handwoven cotton wool carpet,home-and-living/floor-coverings,Cotton,1,20.6,6800.0,8.824824939175638
Handloom Durry for home,home-and-living/floor-coverings,Other,1,20.6,6800.0,8.824824939175638
Handloom Floral Durry,home-and-living/floor-coverings,Other,1,20.6,6800.0,8.824824939175638
Colorful Dhurrie for Home,home-and-living/floor-coverings,Other,1,20.6,7200.0,8.881975184248867
Handwoven Durry for home,home-and-living/floor-coverings,Other,1,20.6,4200.0,8.343077871169383
Handwoven Floral Pattern Tana-Bana Durrie | 8x5 Feet,home-and-living/floor-coverings,Other,1,20.6,6800.0,8.824824939175638
Handwoven Durry for home furnishing,home-and-living/floor-coverings,Other,1,20.6,6500.0,8.77971129020447
Handwoven Durry for home furnishing,home-and-living/floor-coverings,Other,1,20.6,6800.0,8.824824939175638
Handmade Kalin Durrie,home-and-living/floor-coverings,Other,1,20.6,6800.0,8.824824939175638
Handwoven Indica Durry,home-and-living/floor-coverings,Other,1,20.6,6800.0,8.824824939175638
Handwoven kilim Durry,home-and-living/floor-coverings,Other,1,20.6,6800.0,8.824824939175638
Handwoven Durry for home decor,home-and-living/floor-coverings,Other,1,20.6,6800.0,8.824824939175638
Indian textile Durry,home-and-living/floor-coverings,Other,1,20.6,7200.0,8.881975184248867
Handwoven Cotton Dhurrie Rug,home-and-living/floor-coverings,Cotton,1,20.6,7200.0,8.881975184248867
Handmade Dhurrie Rug,home-and-living/floor-coverings,Other,1,20.6,7200.0,8.881975184248867
Herbal-Dyed Yoga Mat | Organic Cotton | Yellow,home-and-living/floor-coverings,Cotton,1,20.6,3060.0,8.026496938945412
Handwoven Vibrant Red Geometric Cotton Durrie Runner,home-and-living/floor-coverings,Cotton,1,20.6,3700.0,8.216358332386156
Traditional Indian Wool Carpet,home-and-living/floor-coverings,Wool,1,20.6,5000.0,8.517393171418904
Traditional Indian Wool Carpet,home-and-living/floor-coverings,Wool,1,20.6,5000.0,8.517393171418904
Traditional Indian Wool Carpet,home-and-living/floor-coverings,Wool,1,20.6,5000.0,8.517393171418904
Traditional Indian Carpet,home-and-living/floor-coverings,Other,1,20.6,5250.0,8.566173813637858
Jute Mat Eco Friendly for Home 20x30 Inch Oval shape free shipping and Delivery,home-and-living/floor-coverings,Jute,1,76.2,175.0,5.170483995038151
Handmade Cotton Yoga Mat | Pink,home-and-living/floor-coverings,Cotton,1,20.6,599.0,6.396929655216146
HANDLOOM LINEN MAT,home-and-living/floor-coverings,Other,1,20.6,500.0,6.2166061010848646
Handmade Floor Mat for home,home-and-living/floor-coverings,Other,1,20.6,300.0,5.707110264748875
Handmade Cotton Floor Mat | Blue | 2x3 Feet,home-and-living/floor-coverings,Cotton,1,20.6,750.0,6.621405651764134
Handmade Cotton Floor Mat | 3x2 Feet,home-and-living/floor-coverings,Cotton,1,20.6,600.0,6.398594934535208
Bathroom Mats RED - set of 2 pcs 40x60cm - Soft Feel Washable Quality,home-and-living/floor-coverings,Other,2,60.0,179.0,5.19295685089021
Handmade Multi Colour woven Vintage Floral rugs,home-and-living/floor-coverings,Other,1,20.6,7200.0,8.881975184248867
Lion Face Handwoven Rug | 22×22 Inches,home-and-living/floor-coverings,Other,1,55.88,600.0,6.398594934535208
Handmade Floral Design Rugs,home-and-living/floor-coverings,Other,1,20.6,3000.0,8.006700845440367
Handmade Woolen Jute Dhurrie Best Carpet for Bedroom and living area,home-and-living/floor-coverings,Wool,1,20.6,6600.0,8.79497643168877
Handmade Cotton Floor Mat | 2x3 Feet | White & Black,home-and-living/floor-coverings,Cotton,1,20.6,750.0,6.621405651764134
Handwoven Tree-of-Life Rug I Multicolour,home-and-living/floor-coverings,Other,1,20.6,7500.0,8.922791623969637
Handicrafted Panja Durry Kilim I 5X8 feet,home-and-living/floor-coverings,Other,1,20.6,12000.0,9.392745258631441
Handmade cotton Durries Floor covering  52x82 inch,home-and-living/floor-coverings,Cotton,1,208.28,375.0,5.929589143389895
Handmade Cotton Carpet Durries,home-and-living/floor-coverings,Cotton,1,20.6,700.0,6.55250788703459
Durry For Indian Homes cotton Handloom,home-and-living/floor-coverings,Cotton,1,20.6,675.0,6.516193076042964
Multicolour Striped Cotton Carpet,home-and-living/floor-coverings,Cotton,1,20.6,470.0,6.154858094016418
Cotton Jute Natural Floor Mat Durry 2x3 Feet,home-and-living/floor-coverings,Cotton,1,20.6,375.0,5.929589143389895
Cotton Handloom Rug for Drawing Room Decent Product,home-and-living/floor-coverings,Cotton,1,20.6,600.0,6.398594934535208
Table Cover Stripe Design Cotton Handloom for Dining Table,home-and-living/floor-coverings,Cotton,1,20.6,400.0,5.993961427306569
Handloom Cotton Durrie | 4x5 Feet,home-and-living/floor-coverings,Cotton,1,20.6,3499.0,8.160518247477505
Handmade Place Mat| Pooja Mat 01,home-and-living/floor-coverings,Other,1,20.6,70.0,4.2626798770413155
Bhavani Plain Carpet,home-and-living/floor-coverings,Other,1,20.6,420.0,6.042632833682381
Bhavani Multi Colour  Carpet,home-and-living/floor-coverings,Other,1,20.6,520.0,6.255750041753367
Bhavani Multi Colour  Carpet,home-and-living/floor-coverings,Other,1,20.6,420.0,6.042632833682381
Handmade 100%Cotton  Bathmat|DoorMat,home-and-living/floor-coverings,Cotton,1,20.6,210.0,5.351858133476067
Handmade Durry in Cotton  in Modern Checks  3x8 Feet Durable and long lasting,home-and-living/floor-coverings,Cotton,1,20.6,950.0,6.85751406254539
Handwoven Cotton Floor Runner Rug,home-and-living/floor-coverings,Cotton,1,20.6,5999.0,8.699514748210191
Handmade Jute Foot Mat |60*40 cm | Golden,home-and-living/floor-coverings,Jute,1,40.0,460.0,6.133398042996649
Handcrafted Classic Kilim Rug | Beige| 3x5 Feet,home-and-living/floor-coverings,Other,1,20.6,5850.0,8.674367865788236
Egyptian Inspired Kilim Rug,home-and-living/floor-coverings,Other,1,20.6,6840.0,8.830689198760998
Cotton Door Mat Multicolor,home-and-living/floor-coverings,Cotton,1,20.6,70.0,4.2626798770413155
Handmade Cotton Multicoloured Door Mat,home-and-living/floor-coverings,Cotton,1,20.6,119.0,4.787491742782046
"Handcrafted Cotton Floor Spread |90""x60""",home-and-living/floor-coverings,Cotton,1,20.6,870.0,6.769641976852503
White FLORAL SOFT DURRY,home-and-living/floor-coverings,Other,1,20.6,2800.0,7.937731775260109
Handwoven Cotton & Wool Geometrical Pattern Rug,home-and-living/floor-coverings,Cotton,1,20.6,6800.0,8.824824939175638
Runner Natural Durries,home-and-living/floor-coverings,Other,1,20.6,3000.0,8.006700845440367
Handwoven Traditional Durry,home-and-living/floor-coverings,Other,1,20.6,6800.0,8.824824939175638
TV Cover hand embroidery,home-and-living/floor-coverings,Other,1,20.6,650.0,6.478509642208569
Handwoven Durry rug for home,home-and-living/floor-coverings,Other,1,20.6,6800.0,8.824824939175638
Handmade Cotton-Wool Carpet | Multicolour,home-and-living/floor-coverings,Cotton,1,20.6,6800.0,8.824824939175638
Handwoven Cotton & Wool Multicoloured Carpet | 5x3 Feet,home-and-living/floor-coverings,Cotton,1,20.6,3000.0,8.006700845440367
Handloom Stripe Bhavani Jamakkalam Traditional Carpet for Home & Wedding Decor|72 inches X 34 inches,home-and-living/floor-coverings,Other,1,182.88,430.0,6.066108090103747
Handmade Fleece Rug,home-and-living/floor-coverings,Other,1,20.6,4500.0,8.412054873292933
Cotton Aasan for Sitting | Hand Embroidered,home-and-living/floor-coverings,Cotton,1,20.6,450.0,6.111467339502679
Telephone Mat | Handcrafted Mat,home-and-living/floor-coverings,Other,1,20.6,999.0,6.907755278982137
Handloom Kilim Rug | Multicolour,home-and-living/floor-coverings,Other,1,20.6,6840.0,8.830689198760998
Ruhaniyat hand woven Rug,home-and-living/floor-coverings,Other,1,20.6,5415.0,8.59711281459211
Bhavani Printed Carpet,home-and-living/floor-coverings,Other,1,20.6,950.0,6.85751406254539
Durable Handloom Door Mat,home-and-living/floor-coverings,Other,1,20.6,250.0,5.5254529391317835
Handmade Stripe Pattern Cotton Floor Runner |Multi,home-and-living/floor-coverings,Cotton,1,20.6,380.0,5.942799375126701
Handmade Cotton Carpet Durries,home-and-living/floor-coverings,Cotton,1,20.6,800.0,6.68586094706836
Jamakkalam Handmade Cotton Carpet/Dhurrie,home-and-living/floor-coverings,Cotton,1,20.6,390.0,5.968707559985366
Handmade Kitchen Floor Runner | Mats for Bathroom,home-and-living/floor-coverings,Other,1,20.6,150.0,5.017279836814924
Handmade Cotton Floor Mat,home-and-living/floor-coverings,Cotton,1,20.6,150.0,5.017279836814924
Handloom Kilim Rug | Multicolour,home-and-living/floor-coverings,Other,1,20.6,6800.0,8.824824939175638
Handwoven Tana-Bana Kilim Rug | 8x5 Feet,home-and-living/floor-coverings,Other,1,20.6,6800.0,8.824824939175638
Cotton Wool Durry Multicolor,home-and-living/floor-coverings,Cotton,1,20.6,7200.0,8.881975184248867
Handcrafted Woollen Dhurrie | Green | 8x5 Feet,home-and-living/floor-coverings,Wool,1,20.6,7200.0,8.881975184248867
Dhurrie Rural Ornamental | 8 X 5 feet | Multi Color,home-and-living/floor-coverings,Other,1,20.6,6800.0,8.824824939175638
Handwoven Indica Woollen Durrie | 4x6 Feet,home-and-living/floor-coverings,Wool,1,20.6,5500.0,8.612685172875459
Handwoven Geometric Flatweave Rug I Multi,home-and-living/floor-coverings,Other,1,20.6,3800.0,8.24301946898925
Handwoven Geometric Cotton Rug I Sage Green,home-and-living/floor-coverings,Cotton,1,20.6,4500.0,8.412054873292933
Handcrafted Durri|Multicolour,home-and-living/floor-coverings,Other,1,20.6,450.0,6.111467339502679
DURRY,home-and-living/floor-coverings,Other,1,20.6,450.0,6.111467339502679
Handwoven Kilim Rug|5*8 Feet,home-and-living/floor-coverings,Other,1,20.6,11500.0,9.350189267092581
Wool Carpet,home-and-living/floor-coverings,Wool,1,20.6,5000.0,8.517393171418904
Handcrafted handpanja Dari- Pastel with white colour,home-and-living/floor-coverings,Other,1,20.6,4500.0,8.412054873292933
Kannur Floor Mat Cotton,home-and-living/floor-coverings,Cotton,1,20.6,320.0,5.771441123130016
HAND EMBROIDERY TABLE RUNNER,home-and-living/floor-coverings,Other,1,20.6,1299.0,7.170119543449628
Handwoven Cotton Runner | 6x2 Feet,home-and-living/floor-coverings,Cotton,1,20.6,1200.0,7.0909098220799835
Handmade Rugs  3 by 5 Feet,home-and-living/floor-coverings,Other,1,20.6,2500.0,7.824445930877619
Handmade Punja Rugs,home-and-living/floor-coverings,Other,1,20.6,1000.0,6.90875477931522
Handmade Woolen Jute Dhurrie  Best Carpet for Bedroom living area 4 * 6 Feet,home-and-living/floor-coverings,Wool,1,20.6,6500.0,8.77971129020447
Handmade Woolen Jute Dhurrie Best Carepet for Bedroom living area 4 * 6 Feet,home-and-living/floor-coverings,Wool,1,20.6,6500.0,8.77971129020447
Handcrafted Door Mats,home-and-living/floor-coverings,Other,1,20.6,1080.0,6.985641817639208
Hand-Woven Geometric Dhurrie Rug| Beige,home-and-living/floor-coverings,Other,1,20.6,10500.0,9.259225769705994
Geometric Rug 3 x 5 ft,home-and-living/floor-coverings,Other,1,20.6,6000.0,8.699681400989514
Beautiful Durry  Mat  cotton Rug for Room  Geometrical Pattern,home-and-living/floor-coverings,Cotton,1,20.6,400.0,5.993961427306569
Geometric Design Rug,home-and-living/floor-coverings,Other,1,20.6,4500.0,8.412054873292933
Handmade  Fader Cloth Door Mat white Yellow,home-and-living/floor-coverings,Other,1,20.6,129.0,4.867534450455582
Handmade  Fader Cloths And Cotton Yarn Yellow-Black Door Mat,home-and-living/floor-coverings,Cotton,1,20.6,129.0,4.867534450455582
"Bhavani Multi Colour  Carpet,Dhurre",home-and-living/floor-coverings,Other,1,20.6,850.0,6.7464121285733745
Hand-Woven Floral Panja Dhurrie I 3X5 feet | Green,home-and-living/floor-coverings,Other,1,20.6,4875.0,8.492080490601163
Handcrafted Panja Durry Kilim Collection I 3X5 feet,home-and-living/floor-coverings,Other,1,20.6,4500.0,8.412054873292933
Hand-Woven  Panja Durry Kilim Collection I 4X6 feet,home-and-living/floor-coverings,Other,1,20.6,7200.0,8.881975184248867
Handcrafted Kalim Runner Rug,home-and-living/floor-coverings,Other,1,20.6,4000.0,8.294299608857235
Floor Covering Pink Color Rug,home-and-living/floor-coverings,Other,1,20.6,400.0,5.993961427306569
Jute handmade Kilim rug,home-and-living/floor-coverings,Jute,1,20.6,9500.0,9.15915233520675
Handmade Mirzapur Shadow Rug,home-and-living/floor-coverings,Other,1,20.6,7500.0,8.922791623969637
Floor Mat (Multi Green),home-and-living/floor-coverings,Other,1,20.6,300.0,5.707110264748875
3 Fold Mat | 3.6 x 6 Ft,home-and-living/floor-coverings,Other,1,20.6,1400.0,7.244941546337007
Handmade 100% Cotton Rug for Wall Hanging and Floor,home-and-living/home-decor-and-utility,Cotton,1,20.6,4949.0,8.507142855562735
Metal doop batti box,home-and-living/home-decor-and-utility,Other,1,20.6,6000.0,8.699681400989514
Handcrafted Tiger Puppet - 1 Feet,home-and-living/home-decor-and-utility,Other,1,20.6,1000.0,6.90875477931522
Handmade Wooden Kids Game,home-and-living/home-decor-and-utility,Wood,1,20.6,1090.0,6.994849985833071
Wooden Stick Damroo Toy,home-and-living/home-decor-and-utility,Wood,1,20.6,850.0,6.7464121285733745
Handcarved Wooden Camel Showpiece,home-and-living/home-decor-and-utility,Wood,1,20.6,2850.0,7.955425088912672
Handcarved Wooden Eagle Showpiece,home-and-living/home-decor-and-utility,Wood,1,20.6,2900.0,7.972810784121404
Handmade Wooden Crane Toy,home-and-living/home-decor-and-utility,Wood,1,20.6,1750.0,7.467942332285852
Handmade Wooden Rabbit Toy|Brown,home-and-living/home-decor-and-utility,Wood,1,20.6,1090.0,6.994849985833071
Handmade Wooden Turtle,home-and-living/home-decor-and-utility,Wood,1,20.6,1950.0,7.576097340623111
Handmade Bamboo Mirror Stand | Mirror Wall Hanging,home-and-living/home-decor-and-utility,Other,1,20.6,2500.0,7.824445930877619
Handmade Macrame Pot Hanger | Cream,home-and-living/home-decor-and-utility,Other,1,20.6,600.0,6.398594934535208
Handcrafted Camel Planter,home-and-living/home-decor-and-utility,Other,1,20.6,2000.0,7.601402334583733
Terracotta Candle Holder with Glass Protector,home-and-living/home-decor-and-utility,Terracotta/Clay,1,20.6,1470.0,7.293697720601438
Decorative Item (13),home-and-living/home-decor-and-utility,Other,1,20.6,1100.0,7.00397413672268
Handmade Terracotta Sculpture of King Tutankhamun,home-and-living/home-decor-and-utility,Terracotta/Clay,1,20.6,1400.0,7.244941546337007
Terracotta Flower Pot | Home Decor,home-and-living/home-decor-and-utility,Terracotta/Clay,1,20.6,1500.0,7.313886831633462
Handcrafted Terracotta Sculpture of Monkey and Baby,home-and-living/home-decor-and-utility,Terracotta/Clay,1,20.6,1400.0,7.244941546337007
Handcrafted Terracotta Table Clock,home-and-living/home-decor-and-utility,Terracotta/Clay,1,20.6,1500.0,7.313886831633462
Terracotta Decorative Item,home-and-living/home-decor-and-utility,Terracotta/Clay,1,20.6,1500.0,7.313886831633462
Decorative Terracotta Bucket,home-and-living/home-decor-and-utility,Terracotta/Clay,1,20.6,1700.0,7.438971592395862
Terracotta Hand Painted Flower Vase,home-and-living/home-decor-and-utility,Terracotta/Clay,1,20.6,1500.0,7.313886831633462
Terracotta Hanging Lantern | Stars Jali Work | Bottle Shape,home-and-living/home-decor-and-utility,Terracotta/Clay,1,20.6,1400.0,7.244941546337007
Terracotta Folk Musician Statue,home-and-living/home-decor-and-utility,Terracotta/Clay,1,20.6,1200.0,7.0909098220799835
Handcrafted Terracotta Tortoise Planter,home-and-living/home-decor-and-utility,Terracotta/Clay,1,20.6,1600.0,7.3783837129967145
Handcrafted Rabbit Planter,home-and-living/home-decor-and-utility,Other,1,20.6,1500.0,7.313886831633462
Handcrafted Ram Darbar | Multi Colour,home-and-living/home-decor-and-utility,Other,1,20.6,1600.0,7.3783837129967145
Handcrafted Ram Darbar - Khaki,home-and-living/home-decor-and-utility,Other,1,20.6,1600.0,7.3783837129967145
WEDDING THEME TOY 01,home-and-living/home-decor-and-utility,Other,1,20.6,735.0,6.601230118728877
Handcrafted Terracotta Snail Planter,home-and-living/home-decor-and-utility,Terracotta/Clay,1,20.6,1200.0,7.0909098220799835
Terracotta Ganeshji Pen Holder,home-and-living/home-decor-and-utility,Terracotta/Clay,1,20.6,1200.0,7.0909098220799835
BRASS HORSE FOR HOME DECOR,home-and-living/home-decor-and-utility,Brass,1,20.6,4999.0,8.517193191416238
HANDMADE BRASS KEY HOLDER,home-and-living/home-decor-and-utility,Brass,1,20.6,1499.0,7.313220387090301
Handmade Brass Sun Wall Hanging | Antique Look,home-and-living/home-decor-and-utility,Brass,1,20.6,3999.0,8.294049640102028
BRASS KEY HOLDER CV014,home-and-living/home-decor-and-utility,Brass,1,20.6,1399.0,7.24422751560335
Bell Metal Cow Showpiece,home-and-living/home-decor-and-utility,Other,1,20.6,5500.0,8.612685172875459
Buddha Face Wall Artwork,home-and-living/home-decor-and-utility,Other,1,20.6,4000.0,8.294299608857235
Handcrafted Natural Mitti Diyas for Diwali | Pack of 11,home-and-living/home-decor-and-utility,Terracotta/Clay,11,20.6,299.0,5.703782474656201
Handcrafted Bamboo Flower Case | Medium,home-and-living/home-decor-and-utility,Other,1,20.6,2800.0,7.937731775260109
Handmade Rolling Wooden Doll,home-and-living/home-decor-and-utility,Wood,1,20.6,2900.0,7.972810784121404
Radha Krishna Ikat  Wall Hanging,home-and-living/home-decor-and-utility,Other,1,20.6,1050.0,6.957497370876951
Handcrafted Sunset Naga Wall Hanging | 20x24 Inches,home-and-living/home-decor-and-utility,Other,1,60.96,699.0,6.551080335043404
Wall hanging in circle,home-and-living/home-decor-and-utility,Other,1,20.6,550.0,6.311734809152915
Handmade Bamboo Flower Vase,home-and-living/home-decor-and-utility,Other,1,20.6,250.0,5.5254529391317835
Chirping Birds Wall Decor | Made from Dry Flowers and Leaves,home-and-living/home-decor-and-utility,Other,1,20.6,3000.0,8.006700845440367
Hand Carved Soap Stone Flower Vase,home-and-living/home-decor-and-utility,Stone/Marble,1,20.6,1680.0,7.427144133408616
Wooden Flower Buty and Pot,home-and-living/home-decor-and-utility,Wood,1,20.6,826.0,6.717804695023691
KALASH BUTY WOODEN BLOCK,home-and-living/home-decor-and-utility,Wood,1,20.6,708.0,6.5638555265321274
Bamboo Name Plate | Brown,home-and-living/home-decor-and-utility,Other,1,20.6,2500.0,7.824445930877619
Phone holder wall hanging,home-and-living/home-decor-and-utility,Other,1,20.6,650.0,6.478509642208569
Indian Handicraft Diamond Cut Elephant Sculpture (6 Inch),home-and-living/home-decor-and-utility,Other,1,15.24,2800.0,7.937731775260109
Handmade Soap Stone Flower Vase,home-and-living/home-decor-and-utility,Stone/Marble,1,20.6,896.0,6.799055862058796
Door Decoration Hanging,home-and-living/home-decor-and-utility,Other,1,20.6,499.0,6.214608098422191
Woolen Wall hanging,home-and-living/home-decor-and-utility,Wool,1,20.6,440.0,6.089044875446846
Artificial Flower Pot,home-and-living/home-decor-and-utility,Other,1,20.6,500.0,6.2166061010848646
Eye-Shaped Cane Mirror for Home Decor,home-and-living/home-decor-and-utility,Other,1,20.6,1050.0,6.957497370876951
Handcrafted Leaf Shape Rattan Wall Mirror | 45x40 cm,home-and-living/home-decor-and-utility,Other,1,40.0,1599.0,7.3777589082278725
Decorative Fish Shaped Rattan Wall Mirror | 20x23x1.5 Inch,home-and-living/home-decor-and-utility,Other,1,3.81,1550.0,7.346655163176539
CANE HANGING BASKET SINGLE ANY ONE  DESIGN,home-and-living/home-decor-and-utility,Other,1,20.6,2999.0,8.006367567650246
Cane Bamboo Basket | Circle Handle,home-and-living/home-decor-and-utility,Other,1,20.6,250.0,5.5254529391317835
Cane Basket Bamboo for Fruit & Vegetable Basket | Brown | Pack of 6,home-and-living/home-decor-and-utility,Other,6,20.6,2899.0,7.9724660159745655
Round Cane Bamboo Basket For Multipurpose Use | Brown Colour | Size (16x16) Inches,home-and-living/home-decor-and-utility,Other,1,20.6,500.0,6.2166061010848646
Handcrafted Bamboo Hanging Planter,home-and-living/home-decor-and-utility,Other,1,20.6,150.0,5.017279836814924
Handwoven Cane Planter,home-and-living/home-decor-and-utility,Other,1,20.6,1500.0,7.313886831633462
Handmade Bamboo Wall Hanging Vase without Flowers | Small- 8 Inch,home-and-living/home-decor-and-utility,Other,1,20.32,599.0,6.396929655216146
"Handmade Bamboo Wall Hanging | Size- L-38 cm, W-38 cm, H-8 cm",home-and-living/home-decor-and-utility,Other,1,38.0,599.0,6.396929655216146
Classic Cane Decorative Basket,home-and-living/home-decor-and-utility,Other,1,20.6,299.0,5.703782474656201
BRASS DEEPAK FOR HOME DECOR,home-and-living/home-decor-and-utility,Brass,1,20.6,599.0,6.396929655216146
HANDMADE BRASS BUTTERFLY,home-and-living/home-decor-and-utility,Brass,1,20.6,499.0,6.214608098422191
HANDMADE BRASS KEY HOLDER,home-and-living/home-decor-and-utility,Brass,1,20.6,699.0,6.551080335043404
BRASS ELEPHANT STATUTE,home-and-living/home-decor-and-utility,Brass,1,20.6,1399.0,7.24422751560335
Handcrafted Dhokra Damar Tribal Procession Showpiece | 15x5x16 cm,home-and-living/home-decor-and-utility,Other,1,16.0,3999.0,8.294049640102028
Handcrafted Dhokra Brass Decorative Deer Set,home-and-living/home-decor-and-utility,Brass,1,20.6,2499.0,7.824046010856292
BRASS TRUMPET FOR HOME DECOR,home-and-living/home-decor-and-utility,Brass,1,20.6,5999.0,8.699514748210191
HANDMADE BRASS NANDI STATUE,home-and-living/home-decor-and-utility,Brass,1,20.6,3999.0,8.294049640102028
Santarms Wooden Small Storage Box for Jewellery/Gifts/Showcase,home-and-living/home-decor-and-utility,Wood,1,20.6,199.0,5.298317366548036
JUTE ROPE SHELF CV134,home-and-living/home-decor-and-utility,Jute,1,20.6,2499.0,7.824046010856292
Handcrafted Natural Jute Box | 20 x 20 x 10 cm,home-and-living/home-decor-and-utility,Jute,1,10.0,1199.0,7.090076835776092
BRASS KEY HOLDER CV190,home-and-living/home-decor-and-utility,Brass,1,20.6,1499.0,7.313220387090301
Porcupine Wall Art | Made of Dry Leaves and Flowers,home-and-living/home-decor-and-utility,Other,1,20.6,4500.0,8.412054873292933
Fish- Homedecor from dry leaves and seed hair,home-and-living/home-decor-and-utility,Other,1,20.6,4500.0,8.412054873292933
Neem Wood Pocket Comb | Handmade | Unisex | Eco-Friendly,home-and-living/home-decor-and-utility,Wood,1,20.6,99.0,4.605170185988092
Neem Wood Comb for Detangled & Straight Hair,home-and-living/home-decor-and-utility,Wood,1,20.6,449.0,6.1092475827643655
Neem Wood Combs | Set of 3 | Unisex | Eco-Friendly,home-and-living/home-decor-and-utility,Wood,3,20.6,375.0,5.929589143389895
Neem Wood Toothbrush,home-and-living/home-decor-and-utility,Wood,1,20.6,249.0,5.521460917862246
NEEM WOOD TOOTHBRUSH,home-and-living/home-decor-and-utility,Wood,1,20.6,399.0,5.991464547107982
Handmade Nature Wall Decor | Made with Dry Leaves,home-and-living/home-decor-and-utility,Other,1,20.6,1200.0,7.0909098220799835
Bamboo Decorative Toy,home-and-living/home-decor-and-utility,Other,1,20.6,550.0,6.311734809152915
Utility Hanging Bang | Aari Embroidery,home-and-living/home-decor-and-utility,Other,1,20.6,149.0,5.0106352940962555
Garba Dance Wall Hanging,home-and-living/home-decor-and-utility,Other,1,20.6,839.0,6.733401891837359
Wall decor made from eco printing and pressed leaves,home-and-living/home-decor-and-utility,Other,1,20.6,500.0,6.2166061010848646
Handmade Door Hanging|34X15 cms,home-and-living/home-decor-and-utility,Other,1,20.6,600.0,6.398594934535208
Handmade Door Hanging Woolen Toran|38X19 cms,home-and-living/home-decor-and-utility,Wool,1,20.6,1200.0,7.0909098220799835
Door Hanging | Multicolor,home-and-living/home-decor-and-utility,Other,1,20.6,900.0,6.803505257608338
Handmade Ceramic Vase For Home Decor | Black,home-and-living/home-decor-and-utility,Ceramic,1,20.6,1120.0,7.02197642307216
Sai Ninza Small Vase,home-and-living/home-decor-and-utility,Other,1,20.6,750.0,6.621405651764134
Handmade Bedroom Jhumar | Multi Color | 30 cm,home-and-living/home-decor-and-utility,Other,1,30.0,2000.0,7.601402334583733
Beautiful Hall Ceiling Jhumar,home-and-living/home-decor-and-utility,Other,1,20.6,2000.0,7.601402334583733
Handmade Jhoomer for Home,home-and-living/home-decor-and-utility,Other,1,20.6,2000.0,7.601402334583733
Handmade Classic Jhumar for Home Decoration,home-and-living/home-decor-and-utility,Other,1,20.6,2000.0,7.601402334583733
TEDDY BEAR JHULA 004,home-and-living/home-decor-and-utility,Other,1,20.6,2000.0,7.601402334583733
Handwoven Wall Hanging|22 inches,home-and-living/home-decor-and-utility,Other,1,55.88,1300.0,7.170888478512505
Handcrafted Pink Flower Pot,home-and-living/home-decor-and-utility,Other,1,20.6,1500.0,7.313886831633462
BEAUTIFUL FLOWER POT,home-and-living/home-decor-and-utility,Other,1,20.6,1500.0,7.313886831633462
BEAUTIFUL FLOWER POT,home-and-living/home-decor-and-utility,Other,1,20.6,1000.0,6.90875477931522
BEAUTIFUL FLOWER POT,home-and-living/home-decor-and-utility,Other,1,20.6,1500.0,7.313886831633462
Handcrafted Woollen Thread Flower Pot | 9 Inches,home-and-living/home-decor-and-utility,Wool,1,22.86,1000.0,6.90875477931522
Blanket  Diamond Cut Jaali Elephant,home-and-living/home-decor-and-utility,Other,1,20.6,1120.0,7.02197642307216
Handcrafted Terracotta Woven Rattan Planter,home-and-living/home-decor-and-utility,Terracotta/Clay,1,20.6,999.0,6.907755278982137
FLORAL EMBROIDERY WALL HANGING,home-and-living/home-decor-and-utility,Other,1,20.6,1000.0,6.90875477931522
Hand Embroidered Jewellery & MAKEUP BOX NEW,home-and-living/home-decor-and-utility,Other,1,20.6,1650.0,7.409136443920128
TRADITIONAL EMBROIDERY ON WALL HANGING,home-and-living/home-decor-and-utility,Other,1,20.6,1000.0,6.90875477931522
Krishna Radha Wall Hanging Hand Embroidery Products,home-and-living/home-decor-and-utility,Other,1,20.6,3000.0,8.006700845440367
Handmade Bamboo Straws | 5.7” – 5.9”,home-and-living/home-decor-and-utility,Other,1,20.6,1699.0,7.438383530044307
Sai medium ganga pot,home-and-living/home-decor-and-utility,Other,1,20.6,4560.0,8.4252971767117
Brass Wall Hanging Swastik Bell KBH00857,home-and-living/home-decor-and-utility,Brass,1,20.6,569.0,6.345636360828596
Brass Hanuman Wall Hanging KBH00949,home-and-living/home-decor-and-utility,Brass,1,20.6,4330.0,8.373553741214627
Handcrafted Brass Leaf Showpiece,home-and-living/home-decor-and-utility,Brass,1,20.6,1144.0,7.0431599159883405
Brass Bundi Style Door Handle KBH01247,home-and-living/home-decor-and-utility,Brass,1,20.6,4502.0,8.412499120301572
Brass Tray with 3 Box Organizer KBH05902,home-and-living/home-decor-and-utility,Brass,1,20.6,5123.0,8.541690663016626
Brass Leaf Candle Stand KBH05907,home-and-living/home-decor-and-utility,Brass,1,20.6,1282.0,7.1569563646156364
Brass Ganesha Plate Hanging Mid Idol KBH01557,home-and-living/home-decor-and-utility,Brass,1,20.6,1432.0,7.267525427828172
Brass Trishul Om Wall Hanging KBH01618,home-and-living/home-decor-and-utility,Brass,1,20.6,339.0,5.8289456176102075
"Brass Wall Hanging , Lord Ganesha & Laxmi Bell BH00855",home-and-living/home-decor-and-utility,Brass,1,20.6,799.0,6.684611727667927
Handmade Home Decor of Fish Family | Made from Dry Leaves,home-and-living/home-decor-and-utility,Other,1,20.6,4400.0,8.38958706681109
Handcrafted Decoration Jhumar for Home,home-and-living/home-decor-and-utility,Other,1,20.6,2000.0,7.601402334583733
Selenite Charging Plate 7 Chakra with Yoga Symbol,home-and-living/home-decor-and-utility,Other,1,20.6,1999.0,7.600902459542082
Loose Agate Stone Tiger Eye Tumble | Coffee Brown,home-and-living/home-decor-and-utility,Stone/Marble,1,20.6,50.0,3.9318256327243257
Goga Bapu | Aari Embroidery | 24x33 Inches,home-and-living/home-decor-and-utility,Other,1,83.82000000000001,599.0,6.396929655216146
Brass Swan Idol KBH08802,home-and-living/home-decor-and-utility,Brass,1,20.6,1275.0,7.151485463904735
Brass horse Wall Hanging 6 Inch KBH09076,home-and-living/home-decor-and-utility,Brass,1,15.24,4575.0,8.428580533059634
Handcrafted Sikki Grass Peacock Box,home-and-living/home-decor-and-utility,Other,1,20.6,950.0,6.85751406254539
Sikki Handicraft Utility Box | Small,home-and-living/home-decor-and-utility,Other,1,20.6,350.0,5.860786223465865
Handcrafted Leather Lamp BH10865,home-and-living/home-decor-and-utility,Other,1,20.6,1775.0,7.4821189235521155
Handcrafted Copper Storage Box Mid Size BH01743,home-and-living/home-decor-and-utility,Other,1,20.6,225.0,5.420534999272286
Brass bastar couple pair 12 Inch  BH05177,home-and-living/home-decor-and-utility,Brass,1,30.48,6175.0,8.728426091704613
Brass Lion medium BH05228,home-and-living/home-decor-and-utility,Brass,1,20.6,2275.0,7.730174795246222
Brass Ganesh Divi Wall hanging  BH05239,home-and-living/home-decor-and-utility,Brass,1,20.6,1325.0,7.189922170745808
Brass Wall Hanging Swastik Bell KBH00857,home-and-living/home-decor-and-utility,Brass,1,20.6,569.0,6.345636360828596
Brass Hanuman Wall Hanging KBH00949,home-and-living/home-decor-and-utility,Brass,1,20.6,4330.0,8.373553741214627
Handcrafted Brass Leaf Showpiece,home-and-living/home-decor-and-utility,Brass,1,20.6,1144.0,7.0431599159883405
Brass Bundi Style Door Handle KBH01247,home-and-living/home-decor-and-utility,Brass,1,20.6,4502.0,8.412499120301572
Brass Tray with 3 Box Organizer KBH05902,home-and-living/home-decor-and-utility,Brass,1,20.6,5123.0,8.541690663016626
Brass Leaf Candle Stand KBH05907,home-and-living/home-decor-and-utility,Brass,1,20.6,1282.0,7.1569563646156364
Brass Ganesha Plate Hanging Mid Idol KBH01557,home-and-living/home-decor-and-utility,Brass,1,20.6,1432.0,7.267525427828172
Brass Trishul Om Wall Hanging KBH01618,home-and-living/home-decor-and-utility,Brass,1,20.6,339.0,5.8289456176102075
"Brass Wall Hanging , Lord Ganesha & Laxmi Bell BH00855",home-and-living/home-decor-and-utility,Brass,1,20.6,799.0,6.684611727667927
Brass Ganesha Sitting Idol KBH03451,home-and-living/home-decor-and-utility,Brass,1,20.6,1202.0,7.0925737159746784
Brass Scooter Model Nautical Collectible KBH00627,home-and-living/home-decor-and-utility,Brass,1,20.6,475.0,6.16541785423142
Brass Shankh Stand KBH03997,home-and-living/home-decor-and-utility,Brass,1,20.6,100.0,4.61512051684126
Brass Nepali Bowl Mid KBH02724,home-and-living/home-decor-and-utility,Brass,1,20.6,1375.0,7.226936018493289
Brass Bullock Cart Showpiece KBH01223,home-and-living/home-decor-and-utility,Brass,1,20.6,1825.0,7.509883061154913
Brass Fish with Candle Stand KBH00045,home-and-living/home-decor-and-utility,Brass,1,20.6,2275.0,7.730174795246222
Brass Elephant Pot KBH00153,home-and-living/home-decor-and-utility,Brass,1,20.6,3375.0,8.124446855715847
Brass Dinosaur Statue KBH01015,home-and-living/home-decor-and-utility,Brass,1,20.6,525.0,6.26530121273771
Brass Elephant Face Door Handle  KBH01023,home-and-living/home-decor-and-utility,Brass,1,20.6,1425.0,7.262628600974241
Handwoven Rose Flower Bouquet | Yellow,home-and-living/home-decor-and-utility,Other,1,20.6,650.0,6.478509642208569
Brass Black Finish Flower Pot Long Medium KBH05025,home-and-living/home-decor-and-utility,Brass,1,20.6,1475.0,7.297091005160418
Brass Multi Use Pot KBH06575,home-and-living/home-decor-and-utility,Brass,1,20.6,375.0,5.929589143389895
Brass Hudli Fine Finish KBH05249,home-and-living/home-decor-and-utility,Brass,1,20.6,5475.0,8.60813018640834
Sardar Vallabhbhai Patel Idol for Home & Office Decor BH12317,home-and-living/home-decor-and-utility,Other,1,20.6,745.0,6.61472560020376
Brass Mahatma Gandhi Statue Figurine KBH00676,home-and-living/home-decor-and-utility,Brass,1,20.6,2275.0,7.730174795246222
Handcrafted Bidriware Elephant Harmony Frame I Black & Silver,home-and-living/home-decor-and-utility,Other,1,20.6,2000.0,7.601402334583733
Organic Rose Scented Soya Wax Candles | Set of 6,home-and-living/home-decor-and-utility,Other,6,20.6,580.0,6.364750756851911
Moti Toran with Multicolour Pompoms| White and Golden,home-and-living/home-decor-and-utility,Other,1,20.6,450.0,6.111467339502679
Brass horse Bottel opener Bastar art  BH05186,home-and-living/home-decor-and-utility,Brass,1,20.6,575.0,6.3561076606958915
Brass Swan Idol KBH08802,home-and-living/home-decor-and-utility,Brass,1,20.6,1275.0,7.151485463904735
Brass horse Wall Hanging 6 Inch KBH09076,home-and-living/home-decor-and-utility,Brass,1,15.24,4575.0,8.428580533059634
Brass BOTTLE OPENER WITH LADY | KBH00057,home-and-living/home-decor-and-utility,Brass,1,20.6,325.0,5.786897381366708
Brass Swastik Om Ganesha Wall Hanging KBH03572,home-and-living/home-decor-and-utility,Brass,1,20.6,1075.0,6.98100574072173
Brass Auto Rickshaw Model KBH00626,home-and-living/home-decor-and-utility,Brass,1,20.6,775.0,6.654152520183219
Brass Hanging Bell with Chain KBH02842,home-and-living/home-decor-and-utility,Brass,1,20.6,1975.0,7.588829878307813
Brass Lioness Statue KBH01018,home-and-living/home-decor-and-utility,Brass,1,20.6,675.0,6.516193076042964
Brass Car Model Pan Box KBH05067,home-and-living/home-decor-and-utility,Brass,1,20.6,5575.0,8.62622695244036
Brass Pan Box KBH05136,home-and-living/home-decor-and-utility,Brass,1,20.6,2275.0,7.730174795246222
Brass Damru KBH04017,home-and-living/home-decor-and-utility,Brass,1,20.6,875.0,6.775366090936392
Handcrafted Door Toran | Multicolour,home-and-living/home-decor-and-utility,Other,1,20.6,300.0,5.707110264748875
Brass Panchmukhi Hanuman Wall Hanging KBH00950,home-and-living/home-decor-and-utility,Brass,1,20.6,2393.0,7.780720886117918
Handmade Pure Brass Nag KBH04063,home-and-living/home-decor-and-utility,Brass,1,20.6,475.0,6.16541785423142
Brass Sun Wall Hanging KBH04391,home-and-living/home-decor-and-utility,Brass,1,20.6,2175.0,7.685243607975833
Brass Pan Ganesh Wall Hanging KBH04504,home-and-living/home-decor-and-utility,Brass,1,20.6,875.0,6.775366090936392
Brass Man Candle Stand KBH04637,home-and-living/home-decor-and-utility,Brass,1,20.6,3575.0,8.182000136293405
Brass Hurli KBH04651,home-and-living/home-decor-and-utility,Brass,1,20.6,975.0,6.883462586413092
Brass Flying Boy Candle Stand KBH04817,home-and-living/home-decor-and-utility,Brass,1,20.6,2275.0,7.730174795246222
Handcrafted Wooden Auto Toy,home-and-living/home-decor-and-utility,Wood,1,20.6,700.0,6.55250788703459
Wooden Rajasthani Babla Musician,home-and-living/home-decor-and-utility,Wood,1,20.6,1050.0,6.957497370876951
Handcrafted Marya Adivasi Dance Sculpture I Black,home-and-living/home-decor-and-utility,Other,1,20.6,1500.0,7.313886831633462
Handcrafted Tori Adivasi Horn Boat Sculpture I Black,home-and-living/home-decor-and-utility,Other,1,20.6,1100.0,7.00397413672268
Brass Candle Holder KBH09365,home-and-living/home-decor-and-utility,Brass,1,20.6,1374.0,7.226209010100671
Brass Small Tortoise Figurine KBH09638,home-and-living/home-decor-and-utility,Brass,1,20.6,397.0,5.986452005284438
Brass Tortoise Figurine 1 Inch KBH10412,home-and-living/home-decor-and-utility,Brass,1,2.54,2984.0,8.001355025826703
Brass Single Bowl with Bird KBH05812,home-and-living/home-decor-and-utility,Brass,1,20.6,4617.0,8.43771698991444
Terracotta Harappa Zebu Bull Seal | Brown | 22*22*5 cm,home-and-living/home-decor-and-utility,Terracotta/Clay,1,5.0,999.0,6.907755278982137
Brass Flower Candle Stand KBH05955,home-and-living/home-decor-and-utility,Brass,1,20.6,1604.0,7.380879035564116
Brass Man-Lady With Bowl KBH06187,home-and-living/home-decor-and-utility,Brass,1,20.6,4422.0,8.394573477868327
Brass Crocodile 1 Inch KBH08793,home-and-living/home-decor-and-utility,Brass,1,2.54,375.0,5.929589143389895
Brass Agarnatti Holder 2 Inch KBH08816,home-and-living/home-decor-and-utility,Brass,1,5.08,2525.0,7.8343923029104365
Brass Satyanarayan Pooja Banana Tree  KBH07451,home-and-living/home-decor-and-utility,Brass,1,20.6,1875.0,7.53689712956617
Brass Ambedkar statue KBH07557,home-and-living/home-decor-and-utility,Brass,1,20.6,2575.0,7.853993087224244
wooden mirror lippan ganesh frame,home-and-living/home-decor-and-utility,Wood,1,20.6,2500.0,7.824445930877619
Brass Sardar Patel Statue of Unity KBH06848,home-and-living/home-decor-and-utility,Brass,1,20.6,1202.0,7.0925737159746784
Brass Balaji Wall Hanging 8 Inch KBH07763,home-and-living/home-decor-and-utility,Brass,1,20.32,3875.0,8.262558973010657
Brass Multiple Flower Decor Stand KBH08108,home-and-living/home-decor-and-utility,Brass,1,20.6,5075.0,8.532278828834277
Brass Diya with Flower Stick 1 Inch KBH08187,home-and-living/home-decor-and-utility,Brass,1,2.54,1975.0,7.588829878307813
Brass Small Banyan Tree Sculpture 7 Inch  KBH07101,home-and-living/home-decor-and-utility,Brass,1,17.78,3352.0,8.117610746466228
Brass camel Statue KBH08353,home-and-living/home-decor-and-utility,Brass,1,20.6,1875.0,7.53689712956617
Brass Table Handle KBH08687,home-and-living/home-decor-and-utility,Brass,1,20.6,225.0,5.420534999272286
Brass Gautama Buddha Standing fine finishing  10 Inch KBH08699,home-and-living/home-decor-and-utility,Brass,1,25.4,6275.0,8.744488113852924
Brass Tortoise Dhup Box KBH03909,home-and-living/home-decor-and-utility,Brass,1,20.6,4387.0,8.38662882139512
Handcrafted Natural Wood Slice Desk Clock,home-and-living/home-decor-and-utility,Wood,1,20.6,4000.0,8.294299608857235
Brass Labh Wall Hanging KBH02339,home-and-living/home-decor-and-utility,Brass,1,20.6,569.0,6.345636360828596
Brass Peacock Lamp Miniature KBH04630,home-and-living/home-decor-and-utility,Brass,1,20.6,575.0,6.3561076606958915
Brass Candle Stand with Big Leaves KBH05817,home-and-living/home-decor-and-utility,Brass,1,20.6,1259.0,7.138866999945524
Brass Door knock  KBH09118,home-and-living/home-decor-and-utility,Brass,1,20.6,175.0,5.170483995038151
Brass COMB KBH07556,home-and-living/home-decor-and-utility,Brass,1,20.6,1875.0,7.53689712956617
handmade wooden designer mirror,home-and-living/home-decor-and-utility,Wood,1,20.6,3500.0,8.160803920954665
Brass Table Handle  KBH08686,home-and-living/home-decor-and-utility,Brass,1,20.6,275.0,5.62040086571715
Brass Ganesha Urli Bowl KBH07695,home-and-living/home-decor-and-utility,Brass,1,20.6,3835.0,8.252185436003328
Handcrafted Decorative Sqaure Shaped Lamp,home-and-living/lighting,Other,1,20.6,2400.0,7.783640596221253
Wooden Study Table Lamp,home-and-living/lighting,Wood,1,20.6,2000.0,7.601402334583733
Handcrafted Decorative Lamp - Red,home-and-living/lighting,Other,1,20.6,2400.0,7.783640596221253
Round green tree floor lamp shade,home-and-living/lighting,Other,1,20.6,2400.0,7.783640596221253
Multicoloured Handmade Printed Floor Lamp,home-and-living/lighting,Other,1,20.6,2400.0,7.783640596221253
25 Inches Handmade Floor Lamp,home-and-living/lighting,Other,1,63.5,2400.0,7.783640596221253
Handmade Bamboo & Cane Hanging Lamps | Set of 3,home-and-living/lighting,Other,3,20.6,1050.0,6.957497370876951
Handmade Decorative Floor Lamp - White,home-and-living/lighting,Other,1,20.6,1400.0,7.244941546337007
Handmade Elephant Printed Floor Lamp,home-and-living/lighting,Other,1,20.6,1400.0,7.244941546337007
Handmade Flower Printed Floor Lamp | Bottom 7inches*top4inches*bedsheet7 Inches*hight 16inches,home-and-living/lighting,Other,1,17.78,1400.0,7.244941546337007
Hand-Painted Leather Puppet Craft Lamp,home-and-living/lighting,Other,1,20.6,1100.0,7.00397413672268
Glass Turkish Mosaic Lamp | 12 inches,home-and-living/lighting,Glass,1,30.48,750.0,6.621405651764134
Handcrafted Radha Krishna Bedlamp,home-and-living/lighting,Other,1,20.6,2500.0,7.824445930877619
Embellished Lamp with Dhokra Brass Tiles & Red Shade,home-and-living/lighting,Brass,1,20.6,3099.0,8.039157390473237
Handcrafted Terracotta Earthen Table Lamp,home-and-living/lighting,Terracotta/Clay,1,20.6,2649.0,7.882314918980268
Table Lamp in Wood handcrafted with Dhokra/Warli art,home-and-living/lighting,Wood,1,20.6,3229.0,8.080237416216702
Handmade Decorative Light for home decor,home-and-living/lighting,Other,1,20.6,1200.0,7.0909098220799835
Handcrafted Filigree Iron Table Lamp,home-and-living/lighting,Iron,1,20.6,1380.0,7.2305631534092925
Chirag 2 Candle Holder Set of 4 With Complimentary Tealight,home-and-living/lighting,Other,4,20.6,710.0,6.566672429803241
Tealight Holders set of 4 with complimentary candles,home-and-living/lighting,Other,4,20.6,750.0,6.621405651764134
Tealight Holders Set of 4 with Complimentary HD Candles FREE,home-and-living/lighting,Other,4,20.6,750.0,6.621405651764134
Tealight Holders Set of 4 With Complimentary Candles free,home-and-living/lighting,Other,4,20.6,750.0,6.621405651764134
Candle Set of 3 with Complimentary HD Candles,home-and-living/lighting,Other,3,20.6,490.0,6.19644412779452
Candle Holder Set Of 2 with Complimentary candles for home decor,home-and-living/lighting,Other,2,20.6,1150.0,7.048386408721883
Candle Holder Set of 6 with Complimentary Tealights,home-and-living/lighting,Other,6,20.6,550.0,6.311734809152915
Handmade Terracotta Apple T-Light Holder|Brown,home-and-living/lighting,Terracotta/Clay,1,20.6,1150.0,7.048386408721883
Handmade Bamboo Anti Q Table Lamp,home-and-living/lighting,Other,1,20.6,2599.0,7.8632667240095735
Bamboo Hanging Light for home decor,home-and-living/lighting,Other,1,20.6,1350.0,7.208600337960199
Bamboo Lampshade/Pendant Lamp,home-and-living/lighting,Other,1,20.6,4250.0,8.35490952835879
Multicoloured Decorative Handmade Floor Lamp | 25inches,home-and-living/lighting,Other,1,63.5,2400.0,7.783640596221253
Multicoloured Handmade Floor Lamp,home-and-living/lighting,Other,1,20.6,2400.0,7.783640596221253
Handmade Decorative Floor Lamp - Red,home-and-living/lighting,Other,1,20.6,2400.0,7.783640596221253
Round Radha Krishna floor lamp shade,home-and-living/lighting,Other,1,20.6,2400.0,7.783640596221253
Handmade Decorative Floor Lamp,home-and-living/lighting,Other,1,20.6,2400.0,7.783640596221253
Square tree Design Floor lamp shade,home-and-living/lighting,Other,1,20.6,2400.0,7.783640596221253
Handmade Decorative Floor Lamp - Yellow,home-and-living/lighting,Other,1,20.6,1400.0,7.244941546337007
Handcrafted Printed Floor Lamp,home-and-living/lighting,Other,1,20.6,1400.0,7.244941546337007
Multicoloured Handmade Printed Floor Lamp,home-and-living/lighting,Other,1,20.6,1400.0,7.244941546337007
Antique Tripod Wooden LED Floor Lamp with Shelves | 45x45x150 Inches,home-and-living/lighting,Wood,1,381.0,1999.0,7.600902459542082
Antique Tripod Wooden LED Floor Lamp with Shelves | 45x45x150 Inches,home-and-living/lighting,Wood,1,381.0,1899.0,7.549609165154532
Handcrafted Mosaic Wall-Mount Lamp,home-and-living/lighting,Other,1,20.6,700.0,6.55250788703459
WALL MOUNTED LAMP SHADE,home-and-living/lighting,Other,1,20.6,1150.0,7.048386408721883
Tea Coasters Slices,home-and-living/lighting,Other,1,20.6,2499.0,7.824046010856292
Shell Design Desktop Lamp for home decor,home-and-living/lighting,Other,1,20.6,2000.0,7.601402334583733
Mosaic Glass Ceiling Lamp,home-and-living/lighting,Glass,1,20.6,550.0,6.311734809152915
Handcrafted Wooden Table Lamp with Tribal Motifs,home-and-living/lighting,Wood,1,20.6,3129.0,8.048788283534199
Crystal Tealight Candle Holder Gold Plated,home-and-living/lighting,Other,1,20.6,320.0,5.771441123130016
Handmade Terracotta Modern Diya,home-and-living/lighting,Terracotta/Clay,1,20.6,599.0,6.396929655216146
Handmade Terracotta Modern Diya | 8L x 10W x 5H cm,home-and-living/lighting,Terracotta/Clay,1,20.6,599.0,6.396929655216146
Dekchi -Terracotta  Diya - T- Light Holder-Turquoise,home-and-living/lighting,Terracotta/Clay,1,20.6,999.0,6.907755278982137
BUD1 Candle Pod Set of 2 with complimentary candles,home-and-living/lighting,Other,2,20.6,675.0,6.516193076042964
Handcrafted Diffuser with Complimentary Tealights,home-and-living/lighting,Other,1,20.6,690.0,6.53813982376767
Dome Tealight Holders | Green | Set of 4 With Complimentary Hd Candles,home-and-living/lighting,Other,4,20.6,750.0,6.621405651764134
Mini Multicolored Tea Light Holders Set of 6 with Complimentary HD Candles FREE,home-and-living/lighting,Other,6,20.6,850.0,6.7464121285733745
Pot _DABAR_Candle Holder Set of 4 With Complimentary  HD Candles,home-and-living/lighting,Other,4,20.6,550.0,6.311734809152915
STRAW 03 Candle Holders with Complimentary Tealights,home-and-living/lighting,Other,1,20.6,825.0,6.716594773520978
HAT_POT_ Candle Holder set of 6 with 12 Pillar Candles,home-and-living/lighting,Other,6,20.6,1250.0,7.1316985104669115
Hancrafted Radha Krishna Lamp shade,home-and-living/lighting,Other,1,20.6,2500.0,7.824445930877619
Handmade Terracotta Coconut T-Light Holder|Multicolour,home-and-living/lighting,Terracotta/Clay,1,20.6,1150.0,7.048386408721883
Eco-Beam Bamboo Stick Table Lamp,home-and-living/lighting,Other,1,20.6,499.0,6.214608098422191
Handmade Bamboo Study Table Lamp,home-and-living/lighting,Other,1,20.6,699.0,6.551080335043404
Handmade Cane Rattan Wicker Hanging Lampshade,home-and-living/lighting,Other,1,20.6,550.0,6.311734809152915
Handmade Natural Bamboo Cane Table Lamp with Shade Basket,home-and-living/lighting,Other,1,20.6,1550.0,7.346655163176539
Bamboo & Cane Table Night Lamp with Shade,home-and-living/lighting,Other,1,20.6,2550.0,7.844240718141811
Hanging Bamboo Pendant Light | Bamboo Hanging Light | Dastkar Crafts,home-and-living/lighting,Other,1,20.6,1499.0,7.313220387090301
Hanging Bamboo Cane Round Lamp Decor | 1 Piece,home-and-living/lighting,Other,1,20.6,1350.0,7.208600337960199
Hanging Bamboo Cane Lamp for Interior Decor Lamp | Covered | Natural,home-and-living/lighting,Other,1,20.6,1699.0,7.438383530044307
Bamboo Cylinderal Hanging lamp,home-and-living/lighting,Other,1,20.6,350.0,5.860786223465865
BAMBOO HANGING LAMP SHADE,home-and-living/lighting,Other,1,20.6,1450.0,7.280008252884188
Cane & Bamboo Lamp Shade,home-and-living/lighting,Other,1,20.6,1900.0,7.550135342488429
25 Inches Handmade Floor Lamp,home-and-living/lighting,Other,1,63.5,2200.0,7.696667081526462
25 Inches Handmade Squared Shaped Floor Lamp,home-and-living/lighting,Other,1,63.5,2400.0,7.783640596221253
Handcrafted Printed Round Shaped Floor Lamp - Yellow,home-and-living/lighting,Other,1,20.6,1400.0,7.244941546337007
Handcrafted Printed Round Shaped Floor Lamp,home-and-living/lighting,Other,1,20.6,1400.0,7.244941546337007
Handmade Flower Printed Floor Lamp - Blue,home-and-living/lighting,Other,1,20.6,1400.0,7.244941546337007
Handmade Decorative Floor Lamp,home-and-living/lighting,Other,1,20.6,1400.0,7.244941546337007
Handmade Lantern | Decorative Light | Green,home-and-living/lighting,Other,1,20.6,1800.0,7.496097345175956
Handcrafted Kalamkari Krishna-Radha Hand-Painted Floor Lamp I 26 inches,home-and-living/lighting,Other,1,66.04,2500.0,7.824445930877619
BUD2 Candle Pod Set of 2 with complimentary  tealights,home-and-living/lighting,Other,2,20.6,790.0,6.673297967767654
Chirag 1 Candle Holder Set of 4 with complimentary tealights,home-and-living/lighting,Other,4,20.6,790.0,6.673297967767654
CYLINDER Candle Holder With Complimentary tealights,home-and-living/lighting,Other,1,20.6,825.0,6.716594773520978
DOME Tealight Holders_yellow  Set of 4 With Complimentary HD Candles,home-and-living/lighting,Other,4,20.6,750.0,6.621405651764134
LILY1 Candle Holder with complimentary tealights,home-and-living/lighting,Other,1,20.6,675.0,6.516193076042964
MINI  Natural Tea Light Holders Set of 6 With Complimentary HD Candles,home-and-living/lighting,Other,6,20.6,650.0,6.478509642208569
Wheel_ Candle Holder Set of 6 with Complimentary Tealights,home-and-living/lighting,Other,6,20.6,550.0,6.311734809152915
TUB Candle Holder Set of 6 with Complimentary Candle,home-and-living/lighting,Other,6,20.6,800.0,6.68586094706836
Handmade Decorative Floor Lamp - Black,home-and-living/lighting,Other,1,20.6,2400.0,7.783640596221253
Handcrafted Decorative Lamp,home-and-living/lighting,Other,1,20.6,2400.0,7.783640596221253
BAMBOO PETROMAX LAMP,home-and-living/lighting,Other,1,20.6,900.0,6.803505257608338
Bone-Craft Night Lamp,home-and-living/lighting,Bone,1,20.6,3500.0,8.160803920954665
Handmade Decorative Floor Lamp - Yellow,home-and-living/lighting,Other,1,20.6,2400.0,7.783640596221253
Handmade Wooden Dog-Shaped Study Lamp Table | 33x8x28 cm,home-and-living/lighting,Wood,1,28.0,649.0,6.476972362889683
Handmade Wooden Study Table Lamp | 33x9x27 cm,home-and-living/lighting,Wood,1,27.0,599.0,6.396929655216146
Terracotta Modern Diya - Elephant03 - T- Light Holder,home-and-living/lighting,Terracotta/Clay,1,20.6,599.0,6.396929655216146
Hand-Painted Artisan Table Lamp I 8 inches,home-and-living/lighting,Other,1,20.32,850.0,6.7464121285733745
Handcrafted Bottle Gourd Lamp I Height - 14 inches weight - 8 inches,home-and-living/lighting,Other,1,35.56,2500.0,7.824445930877619
Floral Hand-Painted Leather Lamp Shade,home-and-living/lighting,Other,1,20.6,1500.0,7.313886831633462
Hand-Painted Goat Leather Floor Lamp,home-and-living/lighting,Other,1,20.6,1200.0,7.0909098220799835
Handcrafted Floor Lamp|  5 inches,home-and-living/lighting,Other,1,12.7,550.0,6.311734809152915
Handmade Bamboo Lantern Lamp,home-and-living/lighting,Other,1,20.6,549.0,6.309918278226516
Verdence Terraloom Botanical Wall-Mounted Lamp,home-and-living/lighting,Other,1,20.6,1199.0,7.090076835776092
Lord Ganesha Wall Lamp,home-and-living/lighting,Other,1,20.6,500.0,6.2166061010848646
Earthen Handcrafted Table Lamp with Brown Shade,home-and-living/lighting,Other,1,20.6,1999.0,7.600902459542082
Handmade Dashavatar Decorative Lamp,home-and-living/lighting,Other,1,20.6,2400.0,7.783640596221253
Handcrafted Decorative Tree Shaped Lamp - Red,home-and-living/lighting,Other,1,20.6,2400.0,7.783640596221253
Handcrafted Decorative Lamp - Yellow,home-and-living/lighting,Other,1,20.6,2400.0,7.783640596221253
WOODEN THREE PAIR OF CANDLE STAND SET,home-and-living/lighting,Wood,1,20.6,900.0,6.803505257608338
Hanging Bamboo Cane Lamp for Interior Decor | Dia 14 Inches,home-and-living/lighting,Other,1,35.56,1350.0,7.208600337960199
Cane Bamboo Hanging Lamp Shade,home-and-living/lighting,Other,1,20.6,999.0,6.907755278982137
Modern Tripod Wooden LED Floor Lamp | 45x45x150 Inches,home-and-living/lighting,Wood,1,381.0,1499.0,7.313220387090301
Hand-Painted Elephant & Floral Floor Lamp I 12 inches,home-and-living/lighting,Other,1,30.48,1200.0,7.0909098220799835
Handcrafted Moroccan Blue & White Henna Art Table Lamp I 12 inches,home-and-living/lighting,Other,1,30.48,1200.0,7.0909098220799835
Glass Mosaic Purse Shaped Table Lamp,home-and-living/lighting,Glass,1,20.6,350.0,5.860786223465865
Glass Terrarium with Stand Tealight Candle Holder,home-and-living/lighting,Glass,1,20.6,450.0,6.111467339502679
Glass Mosaic Tea Light Candle Holder,home-and-living/lighting,Glass,1,20.6,350.0,5.860786223465865
Brass Candle with  Flower Stick KBH08186,home-and-living/lighting,Brass,1,20.6,2375.0,7.773173680482536
Terracotta Modern Diya - Elephant02 - T- Light Holder,home-and-living/lighting,Terracotta/Clay,1,20.6,599.0,6.396929655216146
Handmade Terracotta Modern Diya,home-and-living/lighting,Terracotta/Clay,1,20.6,599.0,6.396929655216146
Handmade Terracotta Modern Diya,home-and-living/lighting,Terracotta/Clay,1,20.6,599.0,6.396929655216146
Dekchi -Terracotta  Diya - T- Light Holder-Maroon,home-and-living/lighting,Terracotta/Clay,1,20.6,999.0,6.907755278982137
Bliss PYRAMID with Aluminum Funnel Candle Holder Set of 4  with Complimentry tealights Candle,home-and-living/lighting,Other,4,20.6,1180.0,7.074116816197362
Aluminum Funnel Candle Holder with Complimentary Tealights | Set of 4,home-and-living/lighting,Other,4,20.6,1180.0,7.074116816197362
DOME Tealight Holders Orange  Set of 4 with HD Candles FREE,home-and-living/lighting,Other,4,20.6,750.0,6.621405651764134
DOME Tealight Holders_Red  Set of 4 With Complimentary HD Candles,home-and-living/lighting,Other,4,20.6,750.0,6.621405651764134
Pot Candle Holder Set of 4 | Dia. 6 x Ht. 4 | With  FREE 4 HD Candles,home-and-living/lighting,Other,4,20.6,550.0,6.311734809152915
Pot_PLATO_Candle Holder Set of 4 with Complimentary HD Candles FREE,home-and-living/lighting,Other,4,20.6,550.0,6.311734809152915
RING LARGE Tea Light Holder Large with Complimentary tealights,home-and-living/lighting,Other,1,20.6,950.0,6.85751406254539
GLO Candle Holder  Set Of 2 with Complimentary Tealights,home-and-living/lighting,Other,2,20.6,1150.0,7.048386408721883
Zems_Candle Holder Set of 6 with Complimentary Tealights,home-and-living/lighting,Other,6,20.6,550.0,6.311734809152915
Handmade Decorative Lamp,home-and-living/lighting,Other,1,20.6,400.0,5.993961427306569
Paper Mache - Shade Lamp,home-and-living/lighting,Other,1,20.6,1700.0,7.438971592395862
Printed Colorful Decorative Table Lamp,home-and-living/lighting,Other,1,20.6,1199.0,7.090076835776092
Handcrafted Wrought Iron Ganesha Candle Holder,home-and-living/lighting,Iron,1,20.6,950.0,6.85751406254539
Hand-Painted Goat Leather Floor Lamp,home-and-living/lighting,Other,1,20.6,1200.0,7.0909098220799835
Handcrafted Elephant Shape Tea Light Holder Candle Stand | Set of 6,home-and-living/lighting,Other,6,20.6,349.0,5.857933154483459
Handcrafted Bamboo Pendant Light,home-and-living/lighting,Other,1,20.6,1999.0,7.600902459542082
Handcrafted Round Tea Light T light Candle Holder Stand | Set of 8 |  Multicolor Diwali Decoration,home-and-living/lighting,Other,8,20.6,499.0,6.214608098422191
Cane Weave Round Lamp,home-and-living/lighting,Other,1,20.6,1199.0,7.090076835776092
"Cane Webbing Bamboo Seagrass Premium Ceiling Light | 14"" Dia x 7"" H| Bulb not Included",home-and-living/lighting,Other,1,20.6,2150.0,7.67368812926773
Handcrafted Decorative Lamp,home-and-living/lighting,Other,1,20.6,2400.0,7.783640596221253
Cane Bamboo Hanging Lamp Shade with Holder,home-and-living/lighting,Other,1,20.6,999.0,6.907755278982137
Handmade Radha Krishna Decorative Lamp | 25 inches,home-and-living/lighting,Other,1,63.5,2400.0,7.783640596221253
Red and black elephant floor lamp shade,home-and-living/lighting,Other,1,20.6,2400.0,7.783640596221253
Peacock design floor lamp shade,home-and-living/lighting,Other,1,20.6,2400.0,7.783640596221253
WOODEN TEA LIGHT  CANDLE HOLDER STAND,home-and-living/lighting,Wood,1,20.6,1500.0,7.313886831633462
Multicoloured Handmade Printed Floor Lamp,home-and-living/lighting,Other,1,20.6,2400.0,7.783640596221253
Handmade Decorative Floor Lamp,home-and-living/lighting,Other,1,20.6,1400.0,7.244941546337007
Handcrafted Circular Terraloom Fibre Hanging Lamp | 21 x 21 x 32 cm,home-and-living/lighting,Other,1,32.0,1199.0,7.090076835776092
Handcrafted Tholu Bommalata Leather Puppet Craft Lamp,home-and-living/lighting,Other,1,20.6,1500.0,7.313886831633462
Handcrafted Tri Oil Lamp,home-and-living/lighting,Other,1,20.6,1500.0,7.313886831633462
Italian-Style Tripod Wooden LED Floor Lamp | 40x40x150 Inches,home-and-living/lighting,Wood,1,381.0,1499.0,7.313220387090301
Vibrant Hand-Painted Elephant & Floral Accent Lamp I 12 inches,home-and-living/lighting,Other,1,30.48,800.0,6.68586094706836
Handmade Terracotta Lamp,home-and-living/lighting,Terracotta/Clay,1,20.6,250.0,5.5254529391317835
Terracotta Modern Diya - Elephant - T- Light Holder,home-and-living/lighting,Terracotta/Clay,1,20.6,599.0,6.396929655216146
Handcrafted Terracotta Round Diyas | Set of 6,home-and-living/lighting,Terracotta/Clay,6,20.6,999.0,6.907755278982137
Coco Candle Holder with  Complimentary tealights,home-and-living/lighting,Other,1,20.6,825.0,6.716594773520978
DOME Tealight Holders_Purple  Set of 4 With Complimentary HD Candles,home-and-living/lighting,Other,4,20.6,750.0,6.621405651764134
DOME Tealight Holders_Grey  Set of 4 With Complimentary HD Candles,home-and-living/lighting,Other,4,20.6,750.0,6.621405651764134
DROPLET Candle Holder Set of 2 With Complimentary tealights,home-and-living/lighting,Other,2,20.6,590.0,6.3818160174060985
Multicolured Tea Light Holders with Complimentary Candles | Set of 6 |,home-and-living/lighting,Other,6,20.6,950.0,6.85751406254539
RING SMALL Tea Light Holder Small with Complimentary Tealights,home-and-living/lighting,Other,1,20.6,800.0,6.68586094706836
STRAW 05 Candle Holders with Complimentary Tealights,home-and-living/lighting,Other,1,20.6,990.0,6.898714534329988
QUEEN DIYA Candle Holder Set of 2 with Complimentary Candles,home-and-living/lighting,Other,2,20.6,675.0,6.516193076042964
COCO NANO Aroma Diffuser Set of 2 with Complimentary Tealights,home-and-living/lighting,Other,2,20.6,950.0,6.85751406254539
Handmade Traditional Jali Lota T-Light |Brown,home-and-living/lighting,Other,1,20.6,1450.0,7.280008252884188
Handcrafted Wrought Iron Deer Candle Holder,home-and-living/lighting,Iron,1,20.6,350.0,5.860786223465865
Agate Stone White Table Lamp,home-and-living/lighting,Stone/Marble,1,20.6,2500.0,7.824445930877619
Handmade Wooden Musical Flute,home-and-living/musical-instruments,Wood,1,20.6,300.0,5.707110264748875
Brass Flute Showpiece BH08364,home-and-living/musical-instruments,Brass,1,20.6,445.0,6.100318952020064
Handcrafted Fire-Treated Bamboo Flute | 16*2 inch,home-and-living/musical-instruments,Other,1,5.08,300.0,5.707110264748875
Brass Basuri BH07383,home-and-living/musical-instruments,Brass,1,20.6,1953.0,7.577633832602728
Handcrafted Multicolored Wooden Damroo,home-and-living/musical-instruments,Wood,1,20.6,149.0,5.0106352940962555
Brass Flute Mid KBH02758,home-and-living/musical-instruments,Brass,1,20.6,569.0,6.345636360828596
Green Woollen Muffler,indian-womens-wear-online/women-accessories,Wool,1,20.6,650.0,6.478509642208569
Gota Patti Latkan for Lehenga-Choli | Handmade Latkan | Set of 2,indian-womens-wear-online/women-accessories,Other,2,20.6,1150.0,7.048386408721883
Crochet & Metal Earrings | Pink,indian-womens-wear-online/women-accessories,Other,1,20.6,419.0,6.040254711277414
Crochet Peacock Earrings,indian-womens-wear-online/women-accessories,Other,1,20.6,249.0,5.521460917862246
Crochet Necklace | Tri Colour,indian-womens-wear-online/women-accessories,Other,1,20.6,759.0,6.633318433280377
Tricolour Necklace with Earrings | Aapan Kala,indian-womens-wear-online/women-accessories,Other,1,20.6,659.0,6.492239835020471
Handicrafted Necklace,indian-womens-wear-online/women-accessories,Other,1,20.6,750.0,6.621405651764134
Handicrafted Bracelet,indian-womens-wear-online/women-accessories,Other,1,20.6,775.0,6.654152520183219
Handicrafted Bone Green Necklace,indian-womens-wear-online/women-accessories,Bone,1,20.6,800.0,6.68586094706836
Hand-Painted Fabric Necklace Set,indian-womens-wear-online/women-accessories,Other,1,20.6,450.0,6.111467339502679
Radha Krishna Hand-Painted Canvas Necklace with Earrings,indian-womens-wear-online/women-accessories,Other,1,20.6,400.0,5.993961427306569
Multicolor long necklace earring set,indian-womens-wear-online/women-accessories,Other,1,20.6,1200.0,7.0909098220799835
Multicolor long necklace earring set,indian-womens-wear-online/women-accessories,Other,1,20.6,1200.0,7.0909098220799835
Handcrafted Bracelet | White & Black,indian-womens-wear-online/women-accessories,Other,1,20.6,775.0,6.654152520183219
Indian tribal art fabric necklace set,indian-womens-wear-online/women-accessories,Other,1,20.6,500.0,6.2166061010848646
Handmade Red Beads Necklace,indian-womens-wear-online/women-accessories,Other,1,20.6,449.0,6.1092475827643655
Tribal Art Lady Fabric Necklace Set,indian-womens-wear-online/women-accessories,Other,1,20.6,450.0,6.111467339502679
Hand-Painted Fabric Ganesha Necklace Set,indian-womens-wear-online/women-accessories,Other,1,20.6,400.0,5.993961427306569
Terracotta Rudraksha necklace set,indian-womens-wear-online/women-accessories,Terracotta/Clay,1,20.6,500.0,6.2166061010848646
Handloom Cotton Mask with Ari Work,indian-womens-wear-online/women-accessories,Cotton,1,20.6,75.0,4.330733340286331
Hand-Painted Tribal Lady Canvas Fabric Necklace Set,indian-womens-wear-online/women-accessories,Other,1,20.6,450.0,6.111467339502679
Handpainted tribal natural fabric necklace,indian-womens-wear-online/women-accessories,Other,1,20.6,450.0,6.111467339502679
Handpainted floral pattern fabric necklace,indian-womens-wear-online/women-accessories,Other,1,20.6,450.0,6.111467339502679
Handmade Fish Scale Women's Earrings,indian-womens-wear-online/women-accessories,Other,1,20.6,350.0,5.860786223465865
Handmade Fish Scale Earrings,indian-womens-wear-online/women-accessories,Other,1,20.6,400.0,5.993961427306569
EARRINGS WITH NECKLACE,indian-womens-wear-online/women-accessories,Other,1,20.6,550.0,6.311734809152915
Handmade Beaded Necklace | Falling Strings Design,indian-womens-wear-online/women-accessories,Other,1,20.6,900.0,6.803505257608338
Handcrafted Glass Beaded Multicoloured Necklace,indian-womens-wear-online/women-accessories,Glass,1,20.6,750.0,6.621405651764134
RED MULTI COLOR NECKLACE,indian-womens-wear-online/women-accessories,Other,1,20.6,900.0,6.803505257608338
Handmade Beaded Fancy Bracelets | Red & Blue,indian-womens-wear-online/women-accessories,Other,1,20.6,120.0,4.795790545596741
Handmade Beaded Fancy Bracelets | White & Golden,indian-womens-wear-online/women-accessories,Other,1,20.6,170.0,5.14166355650266
Handmade Beaded Earrings | Red & Blue,indian-womens-wear-online/women-accessories,Other,1,20.6,310.0,5.739792912179234
LIGHT BLUE EARRINGS,indian-womens-wear-online/women-accessories,Other,1,20.6,310.0,5.739792912179234
Glass Beads Earring | Brown Yellow,indian-womens-wear-online/women-accessories,Glass,1,20.6,210.0,5.351858133476067
EASY TO WEAR  EARRING,indian-womens-wear-online/women-accessories,Other,1,20.6,250.0,5.5254529391317835
EARRING DAILY ETHNIC WEAR,indian-womens-wear-online/women-accessories,Other,1,20.6,310.0,5.739792912179234
TOKEN OF LOVE BRACELET,indian-womens-wear-online/women-accessories,Other,1,20.6,170.0,5.14166355650266
Stylish Multicolour Necklace,indian-womens-wear-online/women-accessories,Other,1,20.6,810.0,6.698268054115413
Simple Red Necklace,indian-womens-wear-online/women-accessories,Other,1,20.6,930.0,6.836259277277067
Handmade Glass Bead Necklace |Multicolour,indian-womens-wear-online/women-accessories,Glass,1,20.6,1050.0,6.957497370876951
HANDMADE EMBROIDERY WORK HANKY,indian-womens-wear-online/women-accessories,Other,1,20.6,290.0,5.673323267171493
Handmade Multi-Strand Glass Bead Necklace|Red & Turquoise,indian-womens-wear-online/women-accessories,Glass,1,20.6,800.0,6.68586094706836
Multi Color Earring,indian-womens-wear-online/women-accessories,Other,1,20.6,230.0,5.442417710521793
Handmade Tear Drop Earrings | Shades of Blue,indian-womens-wear-online/women-accessories,Other,1,20.6,230.0,5.442417710521793
YELLOW FANCY NECKLACE,indian-womens-wear-online/women-accessories,Other,1,20.6,950.0,6.85751406254539
SILVER PIPE FANCY NECKLACE,indian-womens-wear-online/women-accessories,Other,1,20.6,1260.0,7.13966033596492
GOLDEN FASSOIN NECKLACE,indian-womens-wear-online/women-accessories,Other,1,20.6,750.0,6.621405651764134
BLACK FANCY NECKLACE,indian-womens-wear-online/women-accessories,Other,1,20.6,710.0,6.566672429803241
Sheep Wool Kullu Handloom Design Muffler Scarf For Women and Girls-Dark Grey,indian-womens-wear-online/women-accessories,Wool,1,20.6,499.0,6.214608098422191
Dhokra Art Brass Pendant | CV060,indian-womens-wear-online/women-accessories,Brass,1,20.6,599.0,6.396929655216146
Necklace with Earrings,indian-womens-wear-online/women-accessories,Other,1,20.6,550.0,6.311734809152915
Handcrafted Bamboo Earrings,indian-womens-wear-online/women-accessories,Other,1,20.6,499.0,6.214608098422191
BAMBOO EARRINGS CV193,indian-womens-wear-online/women-accessories,Other,1,20.6,499.0,6.214608098422191
Handcrafted Terracotta Owl Earrings,indian-womens-wear-online/women-accessories,Terracotta/Clay,1,20.6,219.0,5.393627546352362
Multicolour Bone Craft Necklace,indian-womens-wear-online/women-accessories,Bone,1,20.6,750.0,6.621405651764134
Kadamful Ear Ring-Rose-Onesize,indian-womens-wear-online/women-accessories,Other,1,20.6,450.0,6.111467339502679
Tin thak necklace  fish scale,indian-womens-wear-online/women-accessories,Other,1,20.6,400.0,5.993961427306569
Handmade Floral Necklace Earrings with Necklace Set | Off-White,indian-womens-wear-online/women-accessories,Other,1,20.6,250.0,5.5254529391317835
Handmade Earrings | Red Colour,indian-womens-wear-online/women-accessories,Other,1,20.6,499.0,6.214608098422191
Handmade Pink Earrings,indian-womens-wear-online/women-accessories,Other,1,20.6,499.0,6.214608098422191
Jute Earrings Handmade,indian-womens-wear-online/women-accessories,Jute,1,20.6,499.0,6.214608098422191
Handmade Jute Earrings Red,indian-womens-wear-online/women-accessories,Jute,1,20.6,499.0,6.214608098422191
Small fish scale top Earring .,indian-womens-wear-online/women-accessories,Other,1,20.6,50.0,3.9318256327243257
Jute style  fish scale  handmade jewellery  Marrun,indian-womens-wear-online/women-accessories,Jute,1,20.6,70.0,4.2626798770413155
Handmade Evil Eye Anklets for Nazar Protection | Free Size,indian-womens-wear-online/women-accessories,Other,1,20.6,100.0,4.61512051684126
Spring Bloom Handcrafted Glass Bead Necklace and Earring Set,indian-womens-wear-online/women-accessories,Glass,1,20.6,480.0,6.175867270105761
Hand Painted Pendant | Snow House,indian-womens-wear-online/women-accessories,Other,1,20.6,1050.0,6.957497370876951
Handmade Crochet Glasses Cover with Free Butterfly Hair Pins,indian-womens-wear-online/women-accessories,Glass,1,20.6,349.0,5.857933154483459
Fiesta Bloom Handcrafted Glass Bead Dangle Earrings,indian-womens-wear-online/women-accessories,Glass,1,20.6,180.0,5.198497031265826
Midnight Bloom Handcrafted Glass Bead Dangle Earrings,indian-womens-wear-online/women-accessories,Glass,1,20.6,80.0,4.394449154672439
Vibrant Glass Seed Bead Flower Dangle Earrings,indian-womens-wear-online/women-accessories,Glass,1,20.6,80.0,4.394449154672439
Beautiful  Bamboo Necklace Set with Earrings - N184,indian-womens-wear-online/women-accessories,Other,1,20.6,999.0,6.907755278982137
Beautiful Krishna Print  Bamboo Necklace Set with Earrings - N187,indian-womens-wear-online/women-accessories,Other,1,20.6,1100.0,7.00397413672268
Beautiful woman art  Bamboo Necklace Set with Earrings - N188,indian-womens-wear-online/women-accessories,Other,1,20.6,1100.0,7.00397413672268
Bohemian Tribal Bamboo Necklace Set with Earrings - N192,indian-womens-wear-online/women-accessories,Other,1,20.6,1500.0,7.313886831633462
Handcrafted Zari Work Belt | Black,indian-womens-wear-online/women-accessories,Other,1,20.6,320.0,5.771441123130016
Blue Agate Gemstone Ring,indian-womens-wear-online/women-accessories,Stone/Marble,1,20.6,999.0,6.907755278982137
Agate Slice Gemstone Earring Set,indian-womens-wear-online/women-accessories,Stone/Marble,1,20.6,999.0,6.907755278982137
White & Black Margaj Mala,indian-womens-wear-online/women-accessories,Other,1,20.6,999.0,6.907755278982137
Green Polaroid Stone Necklace,indian-womens-wear-online/women-accessories,Stone/Marble,1,20.6,999.0,6.907755278982137
Lemon Yellow Quartz Crystal Pendent,indian-womens-wear-online/women-accessories,Other,1,20.6,999.0,6.907755278982137
Handmade Bone Earring,indian-womens-wear-online/women-accessories,Bone,1,20.6,400.0,5.993961427306569
Handmade Glass Seed Beads Sunflower Dangle Earrings,indian-womens-wear-online/women-accessories,Glass,1,20.6,100.0,4.61512051684126
Handcrafted Multi Layer Beads Ear Chain,indian-womens-wear-online/women-accessories,Other,1,20.6,920.0,6.825460036255307
Handmade Black Bead Necklace,indian-womens-wear-online/women-accessories,Other,1,20.6,573.0,6.352629396319567
Stylish Green Beaded Bracelet,indian-womens-wear-online/women-accessories,Other,1,20.6,380.0,5.942799375126701
Adjustable Beaded Anklet With Oval Beads,indian-womens-wear-online/women-accessories,Other,1,20.6,405.0,6.0063531596017325
Double Layer Beaded Bracelet,indian-womens-wear-online/women-accessories,Other,1,20.6,340.0,5.831882477283517
Beach Style Shell Necklace,indian-womens-wear-online/women-accessories,Other,1,20.6,400.0,5.993961427306569
Classic Black & Rose Gold Beads Waist Chain,indian-womens-wear-online/women-accessories,Other,1,20.6,465.0,6.144185634125646
Hasuli Silver necklace with real flower locket,indian-womens-wear-online/women-accessories,Other,1,20.6,799.0,6.684611727667927
Hand Embroidered Floral Bucket Hat for Women | Handmade Artisan Sun Hat,indian-womens-wear-online/women-accessories,Other,1,20.6,1275.0,7.151485463904735
Beautiful Lady  Hand-Painted Fabric Necklace  Set - N205,indian-womens-wear-online/women-accessories,Other,1,20.6,750.0,6.621405651764134
18K Gold Plated Brass Earrings with Monalisa Stone & Pearl Premium Designer Earrings,indian-womens-wear-online/women-accessories,Brass,1,20.6,375.0,5.929589143389895
Terracotta Floral Necklace Set with Stud Earrings - N112,indian-womens-wear-online/women-accessories,Terracotta/Clay,1,20.6,399.0,5.991464547107982
Trigonic Terracotta Necklace Set with Stud Earrings - N114,indian-womens-wear-online/women-accessories,Terracotta/Clay,1,20.6,399.0,5.991464547107982
Floral Frustum Terracotta Necklace Set with Stud Earrings - N127,indian-womens-wear-online/women-accessories,Terracotta/Clay,1,20.6,399.0,5.991464547107982
Petalled Terracotta Necklace Set with Earrings - N129,indian-womens-wear-online/women-accessories,Terracotta/Clay,1,20.6,399.0,5.991464547107982
Unique Terracotta Necklace Set with Earrings - N146,indian-womens-wear-online/women-accessories,Terracotta/Clay,1,20.6,399.0,5.991464547107982
fabric jewellery bangles,indian-womens-wear-online/women-accessories,Other,1,20.6,199.0,5.298317366548036
Terracotta Necklace set with Earrings -  155,indian-womens-wear-online/women-accessories,Terracotta/Clay,1,20.6,399.0,5.991464547107982
Golden Flywheel Terracotta Necklace set with Earrings -  N156,indian-womens-wear-online/women-accessories,Terracotta/Clay,1,20.6,399.0,5.991464547107982
Hexagon Shaped  Terracotta Necklace set with Earrings -  N164,indian-womens-wear-online/women-accessories,Terracotta/Clay,1,20.6,399.0,5.991464547107982
Terracotta Necklace set with Earrings -  N158,indian-womens-wear-online/women-accessories,Terracotta/Clay,1,20.6,399.0,5.991464547107982
Haft Moon Terracotta  Neckalce Set with Earrings - N211,indian-womens-wear-online/women-accessories,Terracotta/Clay,1,20.6,399.0,5.991464547107982
Triangle Terracotta  Neckalce Set with Earrings - N213,indian-womens-wear-online/women-accessories,Terracotta/Clay,1,20.6,399.0,5.991464547107982
Heart Shaped Terracotta Necklace Set with Earrings - N215,indian-womens-wear-online/women-accessories,Terracotta/Clay,1,20.6,499.0,6.214608098422191
Real rose handmade rakhi,indian-womens-wear-online/women-accessories,Other,1,20.6,349.0,5.857933154483459
Real flower handmade rakhi,indian-womens-wear-online/women-accessories,Other,1,20.6,349.0,5.857933154483459
Handcrafted Meenakari Bangle -1 Pair,indian-womens-wear-online/women-accessories,Other,1,20.6,400.0,5.993961427306569
Black terracotta earrings,indian-womens-wear-online/women-accessories,Terracotta/Clay,1,20.6,300.0,5.707110264748875
Terracotta earrings,indian-womens-wear-online/women-accessories,Terracotta/Clay,1,20.6,200.0,5.303304908059076
Eco-Friendly Storage  Box,indian-womens-wear-online/women-accessories,Other,1,20.6,710.0,6.566672429803241
Hand Embroidery Pendant | Multicolor,indian-womens-wear-online/women-accessories,Other,1,20.6,370.0,5.916202062607435
Handmade Necklace with Earrings Set | Blue & Orange,indian-womens-wear-online/women-accessories,Other,1,20.6,500.0,6.2166061010848646
Handmade Necklace with Earrings Set | Blue & White| Free size,indian-womens-wear-online/women-accessories,Other,1,20.6,500.0,6.2166061010848646
Handmade Necklace with Earrings Set | Green | Free size,indian-womens-wear-online/women-accessories,Other,1,20.6,500.0,6.2166061010848646
Handmade Fish Scale  Necklace with Earrings Set | Pink,indian-womens-wear-online/women-accessories,Other,1,20.6,500.0,6.2166061010848646
18K Gold Plated Brass Earrings with Pink Monalisa Stone & Mother of Pearl,indian-womens-wear-online/women-accessories,Brass,1,20.6,350.0,5.860786223465865
Pink Lotus  Terracotta Necklace Set with Earrings - N231,indian-womens-wear-online/women-accessories,Terracotta/Clay,1,20.6,999.0,6.907755278982137
Handicrafted  Water Hyacinth   Storage  Box,indian-womens-wear-online/women-accessories,Other,1,20.6,1250.0,7.1316985104669115
Women's Waist Belt with Zari Embroidery,indian-womens-wear-online/women-accessories,Other,1,20.6,400.0,5.993961427306569
Handcrafted Bone and Chemical Necklace Online,indian-womens-wear-online/women-accessories,Bone,1,20.6,715.0,6.573680166960646
Handcrafted Golden Single Rod Bangle Box,indian-womens-wear-online/women-accessories,Other,1,20.6,699.0,6.551080335043404
Handcrafted Golden Jewellery Box | Velvet Lining Inside & Bottom | Durable Handmade Storage Box,indian-womens-wear-online/women-accessories,Other,1,20.6,399.0,5.991464547107982
Handcrafted Leather Lipstick Case with Mirror,indian-womens-wear-online/women-accessories,Other,1,20.6,259.0,5.560681631015528
Sky Circle Drop Earrings,indian-womens-wear-online/women-accessories,Other,1,20.6,150.0,5.017279836814924
Handcrafted Leather Lipstick Case with Mirror,indian-womens-wear-online/women-accessories,Other,1,20.6,259.0,5.560681631015528
JHALMUDHI PATTERN EARRING NECKLACE SET,indian-womens-wear-online/women-accessories,Other,1,20.6,550.0,6.311734809152915
JHALMUDHI PATTERN EARRING NECKLACE SET,indian-womens-wear-online/women-accessories,Other,1,20.6,550.0,6.311734809152915
Wooden Flower Decor Women & Girls Jewellery Organizer Storage Box,indian-womens-wear-online/women-accessories,Wood,1,20.6,599.0,6.396929655216146
Hand-Painted Tribal Paintings Necklace & Earrings Set | Red,indian-womens-wear-online/women-accessories,Other,1,20.6,350.0,5.860786223465865
Crochet Shell Dangler Earrings | Blue,indian-womens-wear-online/women-accessories,Other,1,20.6,199.0,5.298317366548036
Crochet Shell Dangler Earrings | Firozi,indian-womens-wear-online/women-accessories,Other,1,20.6,199.0,5.298317366548036
Crochet Shell Dangler Earrings | Blue,indian-womens-wear-online/women-accessories,Other,1,20.6,199.0,5.298317366548036
Crochet Shell Dangler Earrings | Yellow,indian-womens-wear-online/women-accessories,Other,1,20.6,199.0,5.298317366548036
Crochet Shell Dangler Earrings | Yellow,indian-womens-wear-online/women-accessories,Other,1,20.6,199.0,5.298317366548036
Handcrafted Leather Lipstick Case with Mirror,indian-womens-wear-online/women-accessories,Other,1,20.6,259.0,5.560681631015528
Black Turmoline Heart Pendant for Reiki Healing,indian-womens-wear-online/women-accessories,Other,1,20.6,450.0,6.111467339502679
Rose Quartz Heart Pendant for Reiki Healing,indian-womens-wear-online/women-accessories,Other,1,20.6,450.0,6.111467339502679
Handmade Red Aventurine Pencil Pendant for Reiki Healing,indian-womens-wear-online/women-accessories,Other,1,20.6,450.0,6.111467339502679
Naga Traditional Hair tie,indian-womens-wear-online/women-accessories,Other,1,20.6,900.0,6.803505257608338
Naga Traditional Hair tie,indian-womens-wear-online/women-accessories,Other,1,20.6,900.0,6.803505257608338
Handmade Beach Necklace | Blue & Green,indian-womens-wear-online/women-accessories,Other,1,20.6,350.0,5.860786223465865
Silver Drop Earrings Maroon,indian-womens-wear-online/women-accessories,Other,1,20.6,509.0,6.234410725718371
Gold Tone String Wire | Pink Lotus Pendants,indian-womens-wear-online/women-accessories,Other,1,20.6,299.0,5.703782474656201
Gold Toned String Wire Necklace with Small Elephant Metal Pendants,indian-womens-wear-online/women-accessories,Other,1,20.6,149.0,5.0106352940962555
Silver Drop Earrings Red,indian-womens-wear-online/women-accessories,Other,1,20.6,509.0,6.234410725718371
Lotus Minimalistic Necklace | Green,indian-womens-wear-online/women-accessories,Other,1,20.6,300.0,5.707110264748875
Handmade Necklace set | Blue Beads,indian-womens-wear-online/women-accessories,Other,1,20.6,1500.0,7.313886831633462
Handcrafted Fish Scale Earrings,indian-womens-wear-online/women-accessories,Other,1,20.6,50.0,3.9318256327243257
Handcrafted Fish Scale Earrings,indian-womens-wear-online/women-accessories,Other,1,20.6,50.0,3.9318256327243257
Silk Thread Bangle | 2*6,indian-womens-wear-online/women-accessories,Silk,1,20.6,215.0,5.375278407684165
Silk Thread Bangles | Golden | 2*2,indian-womens-wear-online/women-accessories,Silk,1,20.6,250.0,5.5254529391317835
Silk Thread Bangles | Set of 2 | Golden,indian-womens-wear-online/women-accessories,Silk,2,20.6,240.0,5.484796933490655
Handcrafted Gothic Brass Goat Skull Ring with Intricate Ram Horns and Star Symbol  Ring,indian-womens-wear-online/women-accessories,Brass,1,20.6,900.0,6.803505257608338
Silk Thread Bangles | Pure White | 2*2,indian-womens-wear-online/women-accessories,Silk,1,20.6,130.0,4.875197323201151
Silk Thread Bangles | Brown | 2*4,indian-womens-wear-online/women-accessories,Silk,1,20.6,130.0,4.875197323201151
Shiva Ganesha Pendant Necklace,indian-womens-wear-online/women-accessories,Other,1,20.6,1000.0,6.90875477931522
Royal Teardrop Glow Silver Pendant,indian-womens-wear-online/women-accessories,Other,1,20.6,1000.0,6.90875477931522
Trendy Silk Oxidized Peacock Jhumka Earrings | Black,indian-womens-wear-online/women-accessories,Silk,1,20.6,350.0,5.860786223465865
Trendy Silk Oxidised Peacock Jhumka Earrings - Green,indian-womens-wear-online/women-accessories,Silk,1,20.6,349.0,5.857933154483459
White Handmade Earrings,indian-womens-wear-online/women-accessories,Other,1,20.6,492.0,6.20050917404269
Naga Traditional Earrings,indian-womens-wear-online/women-accessories,Other,1,20.6,500.0,6.2166061010848646
Handcrafted Golden Leaf Earrings,indian-womens-wear-online/women-accessories,Other,1,20.6,209.0,5.3471075307174685
Handloom Muffler | 181 x 21 cm,indian-womens-wear-online/women-accessories,Other,1,21.0,400.0,5.993961427306569
Trendy Silk Oxidised Peacock Jhumka Earrings - Purple,indian-womens-wear-online/women-accessories,Silk,1,20.6,350.0,5.860786223465865
Silk Thread Bangles | Lavender | 2*4,indian-womens-wear-online/women-accessories,Silk,1,20.6,250.0,5.5254529391317835
Silk Thread Bangles | Pink  | 2*6,indian-womens-wear-online/women-accessories,Silk,1,20.6,250.0,5.5254529391317835
Silk Thread Bangles | 2*6 | Turquoise,indian-womens-wear-online/women-accessories,Silk,1,20.6,300.0,5.707110264748875
Handcrafted Silk Thread Bangles | Turquoise,indian-womens-wear-online/women-accessories,Silk,1,20.6,300.0,5.707110264748875
Silk Thread Bangles | Pink & Blue | 2*4,indian-womens-wear-online/women-accessories,Silk,1,20.6,1200.0,7.0909098220799835
Genuine Leather Handcrafted Jewelry Box | Beige,indian-womens-wear-online/women-accessories,Other,1,20.6,799.0,6.684611727667927
Diamond Oxidized Mirror Choker | Multicolor,indian-womens-wear-online/women-accessories,Other,1,20.6,499.0,6.214608098422191
Handmade Tiranga Rakhi (5 pieces),indian-womens-wear-online/women-accessories,Other,5,20.6,95.0,4.564348191467836
Hand-Polished Spiral Brass Silver-Plated Earrings,indian-womens-wear-online/women-accessories,Brass,1,20.6,550.0,6.311734809152915
Handmade Spiral Brass Earrings | Lead & Nickel Free,indian-womens-wear-online/women-accessories,Brass,1,20.6,550.0,6.311734809152915
Handmade Fish Scale Earrings | Set of 6 | Multicolour,indian-womens-wear-online/women-accessories,Other,6,20.6,400.0,5.993961427306569
Handmade Fish Scale Earrings | Set of 6 | Multicolour,indian-womens-wear-online/women-accessories,Other,6,20.6,300.0,5.707110264748875
Handcrafted Flower-Shaped Fish Scale Earrings | Set of 6,indian-womens-wear-online/women-accessories,Other,6,20.6,300.0,5.707110264748875
Handmade Fish Scale Earrings | Set of 3 | Multicolour | Big,indian-womens-wear-online/women-accessories,Other,3,20.6,525.0,6.26530121273771
Handmade Fish Scale Earrings |Set of 2,indian-womens-wear-online/women-accessories,Other,2,20.6,800.0,6.68586094706836
Handmade Fish Scale Hanging Earrings | Set of 3 | Multicolour,indian-womens-wear-online/women-accessories,Other,3,20.6,225.0,5.420534999272286
Handmade Pendant with Earrings Set | Leaf Design | Multicolour | Set of 3,indian-womens-wear-online/women-accessories,Other,3,20.6,450.0,6.111467339502679
Handmade Fish Scale Pendant with Earrings | Multicolor | Set of 3,indian-womens-wear-online/women-accessories,Other,3,20.6,450.0,6.111467339502679
Handmade Fish Scale Pendants with Earrings | Set of 3,indian-womens-wear-online/women-accessories,Other,3,20.6,450.0,6.111467339502679
Handmade Heart-Shaped Fish Scale Earrings | Set of 6,indian-womens-wear-online/women-accessories,Other,6,20.6,300.0,5.707110264748875
Handmade Fish Scale Earrings | Set of 6 | Multicolour,indian-womens-wear-online/women-accessories,Other,6,20.6,300.0,5.707110264748875
Handmade Vibrant Bohemian Fabric & Shell Necklace Set  I Multicolour,indian-womens-wear-online/women-accessories,Other,1,20.6,450.0,6.111467339502679
Handmade Coastal Chic Nautical Shell and Fabric Jewelry Set I Black and White,indian-womens-wear-online/women-accessories,Other,1,20.6,300.0,5.707110264748875
Handmade Lifestyle Fish Scale Earring Set of 3| Multicolour,indian-womens-wear-online/women-accessories,Other,3,20.6,450.0,6.111467339502679
Handmade Floral Glass Bead Earrings,indian-womens-wear-online/women-accessories,Glass,1,20.6,80.0,4.394449154672439
Handcrafted crochet earrings,indian-womens-wear-online/women-accessories,Other,1,20.6,149.0,5.0106352940962555
Bow White made in Blend Yarn,indian-womens-wear-online/women-accessories,Other,1,20.6,280.0,5.638354669333745
Handwoven White Mogra Gajra,indian-womens-wear-online/women-accessories,Other,1,20.6,286.0,5.659482215759621
Floral Wooden Jewelry Box with Velvet Lining | 6x4 Inches,indian-womens-wear-online/women-accessories,Wood,1,10.16,900.0,6.803505257608338
Handcrafted Leather Lipstick Case with Mirror for 3 Lipsticks,indian-womens-wear-online/women-accessories,Other,1,20.6,359.0,5.886104031450156
Handcrafted Leather Lipstick Case with Mirror for 3 Lipsticks,indian-womens-wear-online/women-accessories,Other,1,20.6,349.0,5.857933154483459
Handcrafted Leather Lipstick Case with Mirror for 3 Lipsticks,indian-womens-wear-online/women-accessories,Other,1,20.6,349.0,5.857933154483459
Handcrafted Leather Lipstick Case with Mirror for 3 Lipsticks,indian-womens-wear-online/women-accessories,Other,1,20.6,349.0,5.857933154483459
Genuine Leather Handcrafted Jewelry Box,indian-womens-wear-online/women-accessories,Other,1,20.6,549.0,6.309918278226516
Handcrafted Meenakari Enamel Hoop Earrings I Length 7 cms,indian-womens-wear-online/women-accessories,Other,1,20.6,250.0,5.5254529391317835
Handcrafted Kundan Studded Necklace,indian-womens-wear-online/women-accessories,Other,1,20.6,690.0,6.53813982376767
Kundan & Meenakari Beaded Necklace with Earrings,indian-womens-wear-online/women-accessories,Other,1,20.6,450.0,6.111467339502679
handmade necklace  jewellery,indian-womens-wear-online/women-accessories,Other,1,20.6,250.0,5.5254529391317835
Handcrafted Glass Bead Necklace with Pearl,indian-womens-wear-online/women-accessories,Glass,1,20.6,299.0,5.703782474656201
Handmade Glass beads necklace | Emerald Green & Pearl,indian-womens-wear-online/women-accessories,Glass,1,20.6,250.0,5.5254529391317835
Handmade Necklace Set|Multicolour,indian-womens-wear-online/women-accessories,Other,1,20.6,200.0,5.303304908059076
Handcrafted Leather Lipstick Case with Mirror for 3 Lipsticks,indian-womens-wear-online/women-accessories,Other,1,20.6,349.0,5.857933154483459
Charm & Beaded Anklet,indian-womens-wear-online/women-accessories,Other,1,20.6,378.0,5.937536205082426
Beaded Waist Chain,indian-womens-wear-online/women-accessories,Other,1,20.6,594.0,6.38856140554563
Spiral Brass Silver-Plated Earrings,indian-womens-wear-online/women-accessories,Brass,1,20.6,550.0,6.311734809152915
Spiral Brass Silver-Plated Earrings,indian-womens-wear-online/women-accessories,Brass,1,20.6,550.0,6.311734809152915
Handloom cotton woven Saree | Pink Saree,indian-womens-wear-online/women-ethnic-wear/handmade-handloom-sarees,Cotton,1,20.6,3099.0,8.039157390473237
Pure Cotton Saree | Navy Blue,indian-womens-wear-online/women-ethnic-wear/handmade-handloom-sarees,Cotton,1,20.6,4000.0,8.294299608857235
Handloom Bengal Cotton Santipuri Saree |Grey,indian-womens-wear-online/women-ethnic-wear/handmade-handloom-sarees,Cotton,1,20.6,1995.0,7.59890045687141
Monochrome Handwoven Cotton Saree I Offwhite,indian-womens-wear-online/women-ethnic-wear/handmade-handloom-sarees,Cotton,1,20.6,2100.0,7.650168700845001
Mercerized Cotton Saree,indian-womens-wear-online/women-ethnic-wear/handmade-handloom-sarees,Cotton,1,20.6,4000.0,8.294299608857235
Handloom Cotton Saree | Pink,indian-womens-wear-online/women-ethnic-wear/handmade-handloom-sarees,Cotton,1,20.6,2099.0,7.649692623711514
STAR BOX COTTON SAREE WITH BP,indian-womens-wear-online/women-ethnic-wear/handmade-handloom-sarees,Cotton,1,20.6,1999.0,7.600902459542082
Pure Handloom Cotton Saree | Peach,indian-womens-wear-online/women-ethnic-wear/handmade-handloom-sarees,Cotton,1,20.6,1334.0,7.19668657083435
Handloom Bengal Cotton Santipuri Saree | White & Black,indian-womens-wear-online/women-ethnic-wear/handmade-handloom-sarees,Cotton,1,20.6,2100.0,7.650168700845001
Handloom Bengal Cotton Santipuri Saree | Blue,indian-womens-wear-online/women-ethnic-wear/handmade-handloom-sarees,Cotton,1,20.6,2940.0,7.9865049385539955
Box Check Santipuri Saree,indian-womens-wear-online/women-ethnic-wear/handmade-handloom-sarees,Other,1,20.6,750.0,6.621405651764134
Bengal GI tagged Traditional red green cotton Santipuri saree,indian-womens-wear-online/women-ethnic-wear/handmade-handloom-sarees,Cotton,1,20.6,900.0,6.803505257608338
Bengal GI tagged Traditional green cotton Santipuri saree,indian-womens-wear-online/women-ethnic-wear/handmade-handloom-sarees,Cotton,1,20.6,1200.0,7.0909098220799835
Exclusive Bengal Handloom Cotton Saree | Skyblue | 5.5 meters,indian-womens-wear-online/women-ethnic-wear/handmade-handloom-sarees,Cotton,1,20.6,2140.0,7.669028288589683
Exclusive Bengal Handloom Cotton Saree | Pink | 5.5 meters,indian-womens-wear-online/women-ethnic-wear/handmade-handloom-sarees,Cotton,1,20.6,2140.0,7.669028288589683
Exclusive Bengal Handloom Cotton Saree | Cream Color | 5.5 meters,indian-womens-wear-online/women-ethnic-wear/handmade-handloom-sarees,Cotton,1,20.6,2140.0,7.669028288589683
Bengal Handloom Cotton Saree with Blouse Piece | Red,indian-womens-wear-online/women-ethnic-wear/handmade-handloom-sarees,Cotton,1,20.6,2480.0,7.816416983691801
Handloom Soft Cotton Yellow Saree,indian-womens-wear-online/women-ethnic-wear/handmade-handloom-sarees,Cotton,1,20.6,2320.0,7.749753406274437
Pure Handloom Cotton Saree | White,indian-womens-wear-online/women-ethnic-wear/handmade-handloom-sarees,Cotton,1,20.6,2320.0,7.749753406274437
Serene Handwoven Cotton Saree I Beige,indian-womens-wear-online/women-ethnic-wear/handmade-handloom-sarees,Cotton,1,20.6,1334.0,7.19668657083435
Handwoven Cotton Saree I Grey,indian-womens-wear-online/women-ethnic-wear/handmade-handloom-sarees,Cotton,1,20.6,2940.0,7.9865049385539955
Handloom Cotton Tangail Brown Saree,indian-womens-wear-online/women-ethnic-wear/handmade-handloom-sarees,Cotton,1,20.6,2520.0,7.83241092718792
Handloom Cotton Saree with Blouse,indian-womens-wear-online/women-ethnic-wear/handmade-handloom-sarees,Cotton,1,20.6,2099.0,7.649692623711514
Pure Cotton Saree | Mustard Colour,indian-womens-wear-online/women-ethnic-wear/handmade-handloom-sarees,Cotton,1,20.6,4000.0,8.294299608857235
Handloom Cotton Multicolour Saree,indian-womens-wear-online/women-ethnic-wear/handmade-handloom-sarees,Cotton,1,20.6,2000.0,7.601402334583733
Handmade Cotton Saree I Sage Green,indian-womens-wear-online/women-ethnic-wear/handmade-handloom-sarees,Cotton,1,20.6,1995.0,7.59890045687141
Handwoven Cotton Saree with Geometric Motifs I Brown,indian-womens-wear-online/women-ethnic-wear/handmade-handloom-sarees,Cotton,1,20.6,2520.0,7.83241092718792
Handwoven Cotton Saree I Pink and Teal,indian-womens-wear-online/women-ethnic-wear/handmade-handloom-sarees,Cotton,1,20.6,1334.0,7.19668657083435
Hand Block Print Saree and Dhoti Set,indian-womens-wear-online/women-ethnic-wear/handmade-handloom-sarees,Other,1,20.6,3000.0,8.006700845440367
Mercerized Cotton Saree,indian-womens-wear-online/women-ethnic-wear/handmade-handloom-sarees,Cotton,1,20.6,4000.0,8.294299608857235
Maheshwari Saree Green with Golden Zari 6.25 mtrs Silk Cotton,indian-womens-wear-online/women-ethnic-wear/handmade-handloom-sarees,Silk,1,20.6,3518.0,8.165932137321585
GI-Tagged Traditional Bengali Beige Cotton Santipuri Saree,indian-womens-wear-online/women-ethnic-wear/handmade-handloom-sarees,Cotton,1,20.6,900.0,6.803505257608338
Cream Handloom Cotton Saree | 5.5 x 1.9 metres,indian-womens-wear-online/women-ethnic-wear/handmade-handloom-sarees,Cotton,1,20.6,2730.0,7.912423121473705
100% COTTON BODY CHECK WITH SMALL  JAMDANI BUTI SAREE,indian-womens-wear-online/women-ethnic-wear/handmade-handloom-sarees,Cotton,1,20.6,2150.0,7.67368812926773
100s Cotton Weft Stripe Saree | Blue,indian-womens-wear-online/women-ethnic-wear/handmade-handloom-sarees,Cotton,1,20.6,1925.0,7.563200592358071
Modal by cotton jamdani saree,indian-womens-wear-online/women-ethnic-wear/handmade-handloom-sarees,Cotton,1,20.6,2880.0,7.9658927350845286
Cotton saree with Blouse Piece,indian-womens-wear-online/women-ethnic-wear/handmade-handloom-sarees,Cotton,1,20.6,2320.0,7.749753406274437
Pure Handloom Cotton | Off White,indian-womens-wear-online/women-ethnic-wear/handmade-handloom-sarees,Cotton,1,20.6,2000.0,7.601402334583733
Handloom Soft Cotton White Saree,indian-womens-wear-online/women-ethnic-wear/handmade-handloom-sarees,Cotton,1,20.6,1920.0,7.560601162768557
Handloom Soft Cotton Red Saree,indian-womens-wear-online/women-ethnic-wear/handmade-handloom-sarees,Cotton,1,20.6,2320.0,7.749753406274437
Pure Handloom Cotton Saree |Deep Red,indian-womens-wear-online/women-ethnic-wear/handmade-handloom-sarees,Cotton,1,20.6,2320.0,7.749753406274437
Premium Cotton Bengal Tangail Saree-Sky Blue,indian-womens-wear-online/women-ethnic-wear/handmade-handloom-sarees,Cotton,1,20.6,1600.0,7.3783837129967145
Handloom Cotton Saree | Khaki with Blue Border| 5.5 x 1.19 Metres,indian-womens-wear-online/women-ethnic-wear/handmade-handloom-sarees,Cotton,1,20.6,2170.0,7.682943169878292
Bengal Soft Cotton Saree with blouse piece,indian-womens-wear-online/women-ethnic-wear/handmade-handloom-sarees,Cotton,1,20.6,2420.0,7.791935956938058
Bengal Soft Cotton Saree with blouse piece,indian-womens-wear-online/women-ethnic-wear/handmade-handloom-sarees,Cotton,1,20.6,2420.0,7.791935956938058
Handloom Royal Blue Muslin Saree with Blouse Piece,indian-womens-wear-online/women-ethnic-wear/handmade-handloom-sarees,Other,1,20.6,3680.0,8.210939733379021
Muslin Saree with Blouse Piece | Magenta Pink,indian-womens-wear-online/women-ethnic-wear/handmade-handloom-sarees,Other,1,20.6,3680.0,8.210939733379021
Exclusive Bengal Handloom Cotton Saree| Cream,indian-womens-wear-online/women-ethnic-wear/handmade-handloom-sarees,Cotton,1,20.6,900.0,6.803505257608338
Handloom Cotton Saree with Blouse Piece | Mustard & Red,indian-womens-wear-online/women-ethnic-wear/handmade-handloom-sarees,Cotton,1,20.6,1200.0,7.0909098220799835
Cotton Saree with Blouse Piece | Mauve Pink & Purple,indian-womens-wear-online/women-ethnic-wear/handmade-handloom-sarees,Cotton,1,20.6,1200.0,7.0909098220799835
Cotton Saree with Blouse Piece | Red & Yellow,indian-womens-wear-online/women-ethnic-wear/handmade-handloom-sarees,Cotton,1,20.6,1200.0,7.0909098220799835
Cotton Saree with Blouse Piece | Teal Green & Blue,indian-womens-wear-online/women-ethnic-wear/handmade-handloom-sarees,Cotton,1,20.6,1200.0,7.0909098220799835
Dhakai Jamdani Cotton Saree | Dark Green,indian-womens-wear-online/women-ethnic-wear/handmade-handloom-sarees,Cotton,1,20.6,950.0,6.85751406254539
Exclusive 100s/100s Handloom Cotton Saree,indian-womens-wear-online/women-ethnic-wear/handmade-handloom-sarees,Cotton,1,20.6,2050.0,7.62608275807238
Exclusive Bengal Handloom  Sarees,indian-womens-wear-online/women-ethnic-wear/handmade-handloom-sarees,Other,1,20.6,2000.0,7.601402334583733
Bengal Handloom Cotton Red Saree,indian-womens-wear-online/women-ethnic-wear/handmade-handloom-sarees,Cotton,1,20.6,2250.0,7.719129840906732
Exclusive Bengal Handloom Saree | Orange,indian-womens-wear-online/women-ethnic-wear/handmade-handloom-sarees,Other,1,20.6,2250.0,7.719129840906732
Bengal Handloom Cotton Coral Pink Saree,indian-womens-wear-online/women-ethnic-wear/handmade-handloom-sarees,Cotton,1,20.6,2150.0,7.67368812926773
Exclusive Bengal Handloom Saree -Black,indian-womens-wear-online/women-ethnic-wear/handmade-handloom-sarees,Other,1,20.6,3400.0,8.131824785007195
Exclusive Bengal Handloom Saree,indian-womens-wear-online/women-ethnic-wear/handmade-handloom-sarees,Other,1,20.6,3400.0,8.131824785007195
Exclusive Bengal Handloom Cotton Saree| Cream & Blue,indian-womens-wear-online/women-ethnic-wear/handmade-handloom-sarees,Cotton,1,20.6,1980.0,7.591357046698551
Bengal Pure Cotton Saree | Off-White with Red Border,indian-womens-wear-online/women-ethnic-wear/handmade-handloom-sarees,Cotton,1,20.6,2180.0,7.687538766201629
Bengal Soft Cotton Saree | Bright Green with Black Border,indian-womens-wear-online/women-ethnic-wear/handmade-handloom-sarees,Cotton,1,20.6,2180.0,7.687538766201629
Handloom Maheshwari Silk Saree | Maroon,indian-womens-wear-online/women-ethnic-wear/handmade-handloom-sarees,Silk,1,20.6,3601.0,8.189244525735901
Bengal Handloom Cotton Tangail Cream Saree,indian-womens-wear-online/women-ethnic-wear/handmade-handloom-sarees,Cotton,1,20.6,2560.0,7.848153086199526
Ethnic Motif Bengal Tangail Saree | White,indian-womens-wear-online/women-ethnic-wear/handmade-handloom-sarees,Other,1,20.6,3200.0,8.071218539969863
Bengal Handloom Cotton Tangail Crimson Red Saree,indian-womens-wear-online/women-ethnic-wear/handmade-handloom-sarees,Cotton,1,20.6,1560.0,7.353081920515432
Bengal Cotton Tangail Saree | Purple,indian-womens-wear-online/women-ethnic-wear/handmade-handloom-sarees,Cotton,1,20.6,1560.0,7.353081920515432
Bengal Pure Cotton Tangail Saree | White,indian-womens-wear-online/women-ethnic-wear/handmade-handloom-sarees,Cotton,1,20.6,1440.0,7.273092595999522
Handloom Cotton Yellow Saree | 5.5 x 1.19 Metres,indian-womens-wear-online/women-ethnic-wear/handmade-handloom-sarees,Cotton,1,20.6,1925.0,7.563200592358071
Pure Cotton White Handloom Saree | 5.5 x 1.19 Metres,indian-womens-wear-online/women-ethnic-wear/handmade-handloom-sarees,Cotton,1,20.6,1815.0,7.504391559161238
Handloom Tussar Silk Beige Saree with Blouse Piece,indian-womens-wear-online/women-ethnic-wear/handmade-handloom-sarees,Silk,1,20.6,2600.0,7.8636512654486515
Handloom Tussar Silk Orange with Beige Base Saree,indian-womens-wear-online/women-ethnic-wear/handmade-handloom-sarees,Silk,1,20.6,2600.0,7.8636512654486515
Muslin Saree with Blouse Piece | Orange,indian-womens-wear-online/women-ethnic-wear/handmade-handloom-sarees,Other,1,20.6,3680.0,8.210939733379021
Handloom Dark Green Muslin Saree with Blouse Piece,indian-womens-wear-online/women-ethnic-wear/handmade-handloom-sarees,Other,1,20.6,3680.0,8.210939733379021
Handloom Cotton Silver & Green Saree with Blouse Piece,indian-womens-wear-online/women-ethnic-wear/handmade-handloom-sarees,Cotton,1,20.6,1100.0,7.00397413672268
Handloom Cotton Teal Blue Saree with Blouse Piece,indian-womens-wear-online/women-ethnic-wear/handmade-handloom-sarees,Cotton,1,20.6,1200.0,7.0909098220799835
Pure Resham Saree with Blouse Piece | Yellow,indian-womens-wear-online/women-ethnic-wear/handmade-handloom-sarees,Other,1,20.6,2000.0,7.601402334583733
Pure Resham Saree with Blouse Piece | Green,indian-womens-wear-online/women-ethnic-wear/handmade-handloom-sarees,Other,1,20.6,2000.0,7.601402334583733
Bengal Handloom Cotton Saree with Blouse Piece | Red,indian-womens-wear-online/women-ethnic-wear/handmade-handloom-sarees,Cotton,1,20.6,2480.0,7.816416983691801
Handloom Soft Cotton Yellow Saree,indian-womens-wear-online/women-ethnic-wear/handmade-handloom-sarees,Cotton,1,20.6,2320.0,7.749753406274437
Pure Handloom Cotton Saree | White,indian-womens-wear-online/women-ethnic-wear/handmade-handloom-sarees,Cotton,1,20.6,2320.0,7.749753406274437
Bengal soft cotton saree,indian-womens-wear-online/women-ethnic-wear/handmade-handloom-sarees,Cotton,1,20.6,2520.0,7.83241092718792
Handloom Cotton Shantipur White Saree with Blouse Piece,indian-womens-wear-online/women-ethnic-wear/handmade-handloom-sarees,Cotton,1,20.6,1840.0,7.518064181233078
Dant Border Santipuri Saree,indian-womens-wear-online/women-ethnic-wear/handmade-handloom-sarees,Other,1,20.6,800.0,6.68586094706836
Cotton Santipuri Saree | Orange,indian-womens-wear-online/women-ethnic-wear/handmade-handloom-sarees,Cotton,1,20.6,650.0,6.478509642208569
Bengal GI tagged Traditional pine green cotton Santipuri saree,indian-womens-wear-online/women-ethnic-wear/handmade-handloom-sarees,Cotton,1,20.6,1500.0,7.313886831633462
Bengal Handloom Cotton Saree with Blouse Piece | Purple,indian-womens-wear-online/women-ethnic-wear/handmade-handloom-sarees,Cotton,1,20.6,2480.0,7.816416983691801
Pure Handloom Cotton Saree | Cream,indian-womens-wear-online/women-ethnic-wear/handmade-handloom-sarees,Cotton,1,20.6,2480.0,7.816416983691801
Handloom Cotton Orange Saree,indian-womens-wear-online/women-ethnic-wear/handmade-handloom-sarees,Cotton,1,20.6,2800.0,7.937731775260109
Handloom Soft Cotton Blue Saree,indian-womens-wear-online/women-ethnic-wear/handmade-handloom-sarees,Cotton,1,20.6,2320.0,7.749753406274437
Exclusive Bengal Handloom Cotton Saree,indian-womens-wear-online/women-ethnic-wear/handmade-handloom-sarees,Cotton,1,20.6,2140.0,7.669028288589683
Bengal Handloom saree | Yellow,indian-womens-wear-online/women-ethnic-wear/handmade-handloom-sarees,Other,1,20.6,1980.0,7.591357046698551
Bengal exclusive Handloom sarees-Pink,indian-womens-wear-online/women-ethnic-wear/handmade-handloom-sarees,Other,1,20.6,1980.0,7.591357046698551
Bengal Soft Cotton Saree-Blue,indian-womens-wear-online/women-ethnic-wear/handmade-handloom-sarees,Cotton,1,20.6,845.0,6.740519359606223
Bengal Soft Cotton Saree | 5.5 x 1.19 metres,indian-womens-wear-online/women-ethnic-wear/handmade-handloom-sarees,Cotton,1,20.6,845.0,6.740519359606223
Muslin saree with blouse piece,indian-womens-wear-online/women-ethnic-wear/handmade-handloom-sarees,Other,1,20.6,4500.0,8.412054873292933
Muslin saree with blouse piece,indian-womens-wear-online/women-ethnic-wear/handmade-handloom-sarees,Other,1,20.6,4500.0,8.412054873292933
Muslin saree with blouse piece,indian-womens-wear-online/women-ethnic-wear/handmade-handloom-sarees,Other,1,20.6,4500.0,8.412054873292933
Cotton saree with blouse piece,indian-womens-wear-online/women-ethnic-wear/handmade-handloom-sarees,Cotton,1,20.6,1500.0,7.313886831633462
Tangail Cotton Saree | White,indian-womens-wear-online/women-ethnic-wear/handmade-handloom-sarees,Cotton,1,20.6,2520.0,7.83241092718792
Tangail cotton saree,indian-womens-wear-online/women-ethnic-wear/handmade-handloom-sarees,Cotton,1,20.6,2520.0,7.83241092718792
Exclusive Bengal Handloom  Sarees | Green,indian-womens-wear-online/women-ethnic-wear/handmade-handloom-sarees,Other,1,20.6,740.0,6.608000625296087
Exclusive Bengal Handloom Saree | White,indian-womens-wear-online/women-ethnic-wear/handmade-handloom-sarees,Other,1,20.6,740.0,6.608000625296087
Exclusive Bengal Handloom Saree |Green,indian-womens-wear-online/women-ethnic-wear/handmade-handloom-sarees,Other,1,20.6,740.0,6.608000625296087
Bengal Soft Cotton Saree-Navy Blue,indian-womens-wear-online/women-ethnic-wear/handmade-handloom-sarees,Cotton,1,20.6,650.0,6.478509642208569
Bengal Soft Cotton Saree-Blue,indian-womens-wear-online/women-ethnic-wear/handmade-handloom-sarees,Cotton,1,20.6,650.0,6.478509642208569
Handloom Bengal Cotton Tangail Saree,indian-womens-wear-online/women-ethnic-wear/handmade-handloom-sarees,Cotton,1,20.6,1560.0,7.353081920515432
Bengal Mixed Cotton Tangail Saree,indian-womens-wear-online/women-ethnic-wear/handmade-handloom-sarees,Cotton,1,20.6,1550.0,7.346655163176539
Bengal Traditional Cotton Tangail Saree,indian-womens-wear-online/women-ethnic-wear/handmade-handloom-sarees,Cotton,1,20.6,2000.0,7.601402334583733
Bengal Traditional Cotton Tangail Saree,indian-womens-wear-online/women-ethnic-wear/handmade-handloom-sarees,Cotton,1,20.6,2000.0,7.601402334583733
Bengal Cotton Traditional Tangail Saree,indian-womens-wear-online/women-ethnic-wear/handmade-handloom-sarees,Cotton,1,20.6,3000.0,8.006700845440367
Cream Handloom Cotton Saree | 5.5 x 1.9 metres,indian-womens-wear-online/women-ethnic-wear/handmade-handloom-sarees,Cotton,1,20.6,2730.0,7.912423121473705
100% COTTON BODY CHECK WITH SMALL  JAMDANI BUTI SAREE,indian-womens-wear-online/women-ethnic-wear/handmade-handloom-sarees,Cotton,1,20.6,2150.0,7.67368812926773
100s Cotton Weft Stripe Saree | Blue,indian-womens-wear-online/women-ethnic-wear/handmade-handloom-sarees,Cotton,1,20.6,1925.0,7.563200592358071
Handloom Maheshwari Cotton-Silk Saree with Golden Zari | Black,indian-womens-wear-online/women-ethnic-wear/handmade-handloom-sarees,Silk,1,20.6,2365.0,7.768956044538332
Pure Handloom Cotton saree | Bottle Green,indian-womens-wear-online/women-ethnic-wear/handmade-handloom-sarees,Cotton,1,20.6,2730.0,7.912423121473705
SILK/COTTON BODY J/Q BUTI SAREE,indian-womens-wear-online/women-ethnic-wear/handmade-handloom-sarees,Silk,1,20.6,3310.0,8.105005537547246
100s COTTON ALL BODY CHECK SAREE,indian-womens-wear-online/women-ethnic-wear/handmade-handloom-sarees,Cotton,1,20.6,2000.0,7.601402334583733
Bengal Soft Cotton Saree | Off-White with Red Saree,indian-womens-wear-online/women-ethnic-wear/handmade-handloom-sarees,Cotton,1,20.6,2180.0,7.687538766201629
Exclusive Bengal Handloom Sarees | Cream,indian-womens-wear-online/women-ethnic-wear/handmade-handloom-sarees,Other,1,20.6,740.0,6.608000625296087
Exclusive Bengal Handloom Saree | Tan,indian-womens-wear-online/women-ethnic-wear/handmade-handloom-sarees,Other,1,20.6,740.0,6.608000625296087
Bengal Soft Cotton Saree-Cream,indian-womens-wear-online/women-ethnic-wear/handmade-handloom-sarees,Cotton,1,20.6,650.0,6.478509642208569
Bengal Soft Cotton Saree-Green,indian-womens-wear-online/women-ethnic-wear/handmade-handloom-sarees,Cotton,1,20.6,650.0,6.478509642208569
Handloom Bengal Soft Cotton Cream Saree,indian-womens-wear-online/women-ethnic-wear/handmade-handloom-sarees,Cotton,1,20.6,845.0,6.740519359606223
Handloom Maheshwari Silk Maroon Saree with Zari Border,indian-womens-wear-online/women-ethnic-wear/handmade-handloom-sarees,Silk,1,20.6,3601.0,8.189244525735901
Bengal Soft Cotton Saree with blouse piece,indian-womens-wear-online/women-ethnic-wear/handmade-handloom-sarees,Cotton,1,20.6,2420.0,7.791935956938058
Muslin Saree with Blouse Piece | Purple,indian-womens-wear-online/women-ethnic-wear/handmade-handloom-sarees,Other,1,20.6,3680.0,8.210939733379021
Handloom Red Muslin Saree with Blouse Piece,indian-womens-wear-online/women-ethnic-wear/handmade-handloom-sarees,Other,1,20.6,3680.0,8.210939733379021
Moslin saree with blouse piece,indian-womens-wear-online/women-ethnic-wear/handmade-handloom-sarees,Other,1,20.6,3680.0,8.210939733379021
Moslin saree with blouse piece -sea green,indian-womens-wear-online/women-ethnic-wear/handmade-handloom-sarees,Other,1,20.6,3680.0,8.210939733379021
Cotton Saree with blouse piece | Brinjal Colour,indian-womens-wear-online/women-ethnic-wear/handmade-handloom-sarees,Cotton,1,20.6,1100.0,7.00397413672268
Cotton Saree with Blouse Piece | Olive Green,indian-womens-wear-online/women-ethnic-wear/handmade-handloom-sarees,Cotton,1,20.6,1100.0,7.00397413672268
Cotton Saree with blouse piece -Gold,indian-womens-wear-online/women-ethnic-wear/handmade-handloom-sarees,Cotton,1,20.6,1100.0,7.00397413672268
Red Cotton Saree with Blouse Piece,indian-womens-wear-online/women-ethnic-wear/handmade-handloom-sarees,Cotton,1,20.6,1200.0,7.0909098220799835
Cotton Saree with blouse piece -Mauve,indian-womens-wear-online/women-ethnic-wear/handmade-handloom-sarees,Cotton,1,20.6,1200.0,7.0909098220799835
Exclusive 100s/100s cotton Handloom Saree.-Blue,indian-womens-wear-online/women-ethnic-wear/handmade-handloom-sarees,Cotton,1,20.6,2050.0,7.62608275807238
Exclusive 100s/100s cotton Handloom Saree.-Beige,indian-womens-wear-online/women-ethnic-wear/handmade-handloom-sarees,Cotton,1,20.6,2050.0,7.62608275807238
Exclusive 100s/100s cotton Handloom Saree.-Burgundy,indian-womens-wear-online/women-ethnic-wear/handmade-handloom-sarees,Cotton,1,20.6,2050.0,7.62608275807238
Bengal Handloom Cotton Saree |Teal,indian-womens-wear-online/women-ethnic-wear/handmade-handloom-sarees,Cotton,1,20.6,1025.0,6.933423025730715
Cotton saree with Blouse Piece,indian-womens-wear-online/women-ethnic-wear/handmade-handloom-sarees,Cotton,1,20.6,2320.0,7.749753406274437
Cotton saree with Blouse Piece,indian-womens-wear-online/women-ethnic-wear/handmade-handloom-sarees,Cotton,1,20.6,2320.0,7.749753406274437
Bengal Handloom Cotton Saree with Blouse Piece | Violet,indian-womens-wear-online/women-ethnic-wear/handmade-handloom-sarees,Cotton,1,20.6,2000.0,7.601402334583733
Bengal Handloom Cotton Saree with Blouse Piece | Turquoise,indian-womens-wear-online/women-ethnic-wear/handmade-handloom-sarees,Cotton,1,20.6,1920.0,7.560601162768557
Bengal soft cotton saree,indian-womens-wear-online/women-ethnic-wear/handmade-handloom-sarees,Cotton,1,20.6,2520.0,7.83241092718792
Handloom Bengal Soft Cotton Green Saree,indian-womens-wear-online/women-ethnic-wear/handmade-handloom-sarees,Cotton,1,20.6,2520.0,7.83241092718792
Bengal soft cotton saree,indian-womens-wear-online/women-ethnic-wear/handmade-handloom-sarees,Cotton,1,20.6,2520.0,7.83241092718792
Bengal Gi Tagged Traditional Cotton Santipuri Saree | Purple,indian-womens-wear-online/women-ethnic-wear/handmade-handloom-sarees,Cotton,1,20.6,900.0,6.803505257608338
GI-Tagged Traditional Bengali Cotton Cream Santipuri Saree,indian-womens-wear-online/women-ethnic-wear/handmade-handloom-sarees,Cotton,1,20.6,900.0,6.803505257608338
Bengal Floral Border Beige  Cotton Tangail Saree,indian-womens-wear-online/women-ethnic-wear/handmade-handloom-sarees,Cotton,1,20.6,2255.0,7.721348612617949
Handloom Bengal Cotton Saree | Mustard Yellow,indian-womens-wear-online/women-ethnic-wear/handmade-handloom-sarees,Cotton,1,20.6,1560.0,7.353081920515432
Bengal Mixed Cotton Gas Mercerised Tangail Saree,indian-womens-wear-online/women-ethnic-wear/handmade-handloom-sarees,Cotton,1,20.6,1550.0,7.346655163176539
Bengal Traditional Cotton Tangail Saree,indian-womens-wear-online/women-ethnic-wear/handmade-handloom-sarees,Cotton,1,20.6,1300.0,7.170888478512505
Bengal Traditional Cotton Tangail Saree,indian-womens-wear-online/women-ethnic-wear/handmade-handloom-sarees,Cotton,1,20.6,2000.0,7.601402334583733
Bengal Mix Cotton Jamdani Saree,indian-womens-wear-online/women-ethnic-wear/handmade-handloom-sarees,Cotton,1,20.6,1050.0,6.957497370876951
Pure Cotton Premium Bengal Tangail Saree,indian-womens-wear-online/women-ethnic-wear/handmade-handloom-sarees,Cotton,1,20.6,3000.0,8.006700845440367
Bengal Cotton Traditional Tangail Saree,indian-womens-wear-online/women-ethnic-wear/handmade-handloom-sarees,Cotton,1,20.6,3000.0,8.006700845440367
Bengal Cotton Traditional Tangail Saree,indian-womens-wear-online/women-ethnic-wear/handmade-handloom-sarees,Cotton,1,20.6,3000.0,8.006700845440367
Premium Cotton Bengal Tangail Saree-Bottle Green,indian-womens-wear-online/women-ethnic-wear/handmade-handloom-sarees,Cotton,1,20.6,1600.0,7.3783837129967145
Premium Cotton Bengal Tangail Saree,indian-womens-wear-online/women-ethnic-wear/handmade-handloom-sarees,Cotton,1,20.6,1600.0,7.3783837129967145
Handloom Bengal Cotton Saree | Sage Green,indian-womens-wear-online/women-ethnic-wear/handmade-handloom-sarees,Cotton,1,20.6,1560.0,7.353081920515432
Handloom Bengal Tangail Saree | Off White,indian-womens-wear-online/women-ethnic-wear/handmade-handloom-sarees,Other,1,20.6,1560.0,7.353081920515432
Bengal Tangail Saree,indian-womens-wear-online/women-ethnic-wear/handmade-handloom-sarees,Other,1,20.6,1560.0,7.353081920515432
Handloom Cotton Blue Tangail Saree,indian-womens-wear-online/women-ethnic-wear/handmade-handloom-sarees,Cotton,1,20.6,2080.0,7.640603826393634
Handloom Bengal Tangail Cotton Saree|Red,indian-womens-wear-online/women-ethnic-wear/handmade-handloom-sarees,Cotton,1,20.6,1900.0,7.550135342488429
Bengal Pure Cotton Tangail Saree | Cream,indian-womens-wear-online/women-ethnic-wear/handmade-handloom-sarees,Cotton,1,20.6,1440.0,7.273092595999522
Bengal Pure Cotton Tangail Saree | White,indian-womens-wear-online/women-ethnic-wear/handmade-handloom-sarees,Cotton,1,20.6,1440.0,7.273092595999522
Moslin saree with blouse piece -Green,indian-womens-wear-online/women-ethnic-wear/handmade-handloom-sarees,Other,1,20.6,3680.0,8.210939733379021
Exclusive Bengal Handloom Saree | Cream,indian-womens-wear-online/women-ethnic-wear/handmade-handloom-sarees,Other,1,20.6,900.0,6.803505257608338
Exclusive Bengal Handloom Saree | Grey,indian-womens-wear-online/women-ethnic-wear/handmade-handloom-sarees,Other,1,20.6,900.0,6.803505257608338
Exclusive Bengal Handloom Saree | Yellow,indian-womens-wear-online/women-ethnic-wear/handmade-handloom-sarees,Other,1,20.6,900.0,6.803505257608338
Exclusive Bengal Handloom Saree | Khaki,indian-womens-wear-online/women-ethnic-wear/handmade-handloom-sarees,Other,1,20.6,900.0,6.803505257608338
Pure Handloom Cotton Saree | Turmeric Yellow,indian-womens-wear-online/women-ethnic-wear/handmade-handloom-sarees,Cotton,1,20.6,2320.0,7.749753406274437
Bengal Mixed Cotton Tangail Saree,indian-womens-wear-online/women-ethnic-wear/handmade-handloom-sarees,Cotton,1,20.6,1550.0,7.346655163176539
Cotton saree with Blouse Piece,indian-womens-wear-online/women-ethnic-wear/handmade-handloom-sarees,Cotton,1,20.6,1320.0,7.186144304522325
Cotton saree with Blouse Piece,indian-womens-wear-online/women-ethnic-wear/handmade-handloom-sarees,Cotton,1,20.6,2320.0,7.749753406274437
Cotton saree with Blouse Piece,indian-womens-wear-online/women-ethnic-wear/handmade-handloom-sarees,Cotton,1,20.6,2320.0,7.749753406274437
Handloom Soft Cotton Mustard Saree,indian-womens-wear-online/women-ethnic-wear/handmade-handloom-sarees,Cotton,1,20.6,2000.0,7.601402334583733
Handloom Soft Cotton Maroon Saree,indian-womens-wear-online/women-ethnic-wear/handmade-handloom-sarees,Cotton,1,20.6,1920.0,7.560601162768557
Handloom Soft Cotton Yellow Saree,indian-womens-wear-online/women-ethnic-wear/handmade-handloom-sarees,Cotton,1,20.6,1920.0,7.560601162768557
Handloom Soft Cotton Black Saree,indian-womens-wear-online/women-ethnic-wear/handmade-handloom-sarees,Cotton,1,20.6,1920.0,7.560601162768557
Handloom Soft Cotton Grey Saree,indian-womens-wear-online/women-ethnic-wear/handmade-handloom-sarees,Cotton,1,20.6,2320.0,7.749753406274437
Pure Handloom Cotton Saree | Black,indian-womens-wear-online/women-ethnic-wear/handmade-handloom-sarees,Cotton,1,20.6,2320.0,7.749753406274437
Handloom Soft Cotton Purple Saree | Stripe Pattern,indian-womens-wear-online/women-ethnic-wear/handmade-handloom-sarees,Cotton,1,20.6,2320.0,7.749753406274437
Handloom Paithani Muslin Saree with Blouse Piece | Cream,indian-womens-wear-online/women-ethnic-wear/handmade-handloom-sarees,Other,1,20.6,4500.0,8.412054873292933
Moslin saree with blouse piece,indian-womens-wear-online/women-ethnic-wear/handmade-handloom-sarees,Other,1,20.6,4500.0,8.412054873292933
Tangail cotton saree,indian-womens-wear-online/women-ethnic-wear/handmade-handloom-sarees,Cotton,1,20.6,2520.0,7.83241092718792
Tangail cotton saree,indian-womens-wear-online/women-ethnic-wear/handmade-handloom-sarees,Cotton,1,20.6,2520.0,7.83241092718792
Handloom Tussar Silk Beige Saree,indian-womens-wear-online/women-ethnic-wear/handmade-handloom-sarees,Silk,1,20.6,2600.0,7.8636512654486515
Moslin saree with blouse piece -Off White,indian-womens-wear-online/women-ethnic-wear/handmade-handloom-sarees,Other,1,20.6,3680.0,8.210939733379021
Bengal Cotton  Saree,indian-womens-wear-online/women-ethnic-wear/handmade-handloom-sarees,Cotton,1,20.6,1140.0,7.039660349862076
Handloom Cotton Blue Saree with Blouse Piece,indian-womens-wear-online/women-ethnic-wear/handmade-handloom-sarees,Cotton,1,20.6,1100.0,7.00397413672268
Handloom Cotton Orange Saree with Blouse Piece,indian-womens-wear-online/women-ethnic-wear/handmade-handloom-sarees,Cotton,1,20.6,1100.0,7.00397413672268
Handloom Cotton Grey Saree with Blouse Piece,indian-womens-wear-online/women-ethnic-wear/handmade-handloom-sarees,Cotton,1,20.6,1100.0,7.00397413672268
Handloom Cotton Green Saree with Blouse Piece,indian-womens-wear-online/women-ethnic-wear/handmade-handloom-sarees,Cotton,1,20.6,1200.0,7.0909098220799835
Handloom Dhakai Jamdani Cotton Saree | Sea Green,indian-womens-wear-online/women-ethnic-wear/handmade-handloom-sarees,Cotton,1,20.6,950.0,6.85751406254539
Dhakai jamdani -Brown,indian-womens-wear-online/women-ethnic-wear/handmade-handloom-sarees,Other,1,20.6,950.0,6.85751406254539
Pure Cotton  Saree with blouse piece,indian-womens-wear-online/women-ethnic-wear/handmade-handloom-sarees,Cotton,1,20.6,1100.0,7.00397413672268
Exclusive 100s/100s cotton Handloom Saree,indian-womens-wear-online/women-ethnic-wear/handmade-handloom-sarees,Cotton,1,20.6,2050.0,7.62608275807238
Exclusive 100s/100s cotton Handloom Saree White,indian-womens-wear-online/women-ethnic-wear/handmade-handloom-sarees,Cotton,1,20.6,2050.0,7.62608275807238
Exclusive 100s/100s cotton Handloom Saree | Coffee Brown,indian-womens-wear-online/women-ethnic-wear/handmade-handloom-sarees,Cotton,1,20.6,2050.0,7.62608275807238
Cotton  Saree with Blouse Piece,indian-womens-wear-online/women-ethnic-wear/handmade-handloom-sarees,Cotton,1,20.6,1120.0,7.02197642307216
Exclusive Bengal Handloom Saree -Blue,indian-womens-wear-online/women-ethnic-wear/handmade-handloom-sarees,Other,1,20.6,3400.0,8.131824785007195
Bengal Mix Cotton Jamdani Saree,indian-womens-wear-online/women-ethnic-wear/handmade-handloom-sarees,Cotton,1,20.6,1050.0,6.957497370876951
Bengal Mix Cotton White & Pink Jamdani Saree,indian-womens-wear-online/women-ethnic-wear/handmade-handloom-sarees,Cotton,1,20.6,1300.0,7.170888478512505
Premium Cotton Bengal Tangail Saree-Pink,indian-womens-wear-online/women-ethnic-wear/handmade-handloom-sarees,Cotton,1,20.6,1600.0,7.3783837129967145
Bengal Pure Cotton Tangail Saree | Cream colour,indian-womens-wear-online/women-ethnic-wear/handmade-handloom-sarees,Cotton,1,20.6,3100.0,8.03947991910045
Handloom Cotton Orange Saree,indian-womens-wear-online/women-ethnic-wear/handmade-handloom-sarees,Cotton,1,20.6,1025.0,6.933423025730715
Handloom Cotton Black Saree,indian-womens-wear-online/women-ethnic-wear/handmade-handloom-sarees,Cotton,1,20.6,1025.0,6.933423025730715
Moslin saree with blouse piece -Maroon,indian-womens-wear-online/women-ethnic-wear/handmade-handloom-sarees,Other,1,20.6,3680.0,8.210939733379021
Moslin saree with blouse piece -Mustard,indian-womens-wear-online/women-ethnic-wear/handmade-handloom-sarees,Other,1,20.6,3680.0,8.210939733379021
Moslin saree with blouse piece - Purple,indian-womens-wear-online/women-ethnic-wear/handmade-handloom-sarees,Other,1,20.6,3680.0,8.210939733379021
Exclusive Bengal Handloom Saree | Cream,indian-womens-wear-online/women-ethnic-wear/handmade-handloom-sarees,Other,1,20.6,900.0,6.803505257608338
Bengal Handloom Cotton Yellow Saree,indian-womens-wear-online/women-ethnic-wear/handmade-handloom-sarees,Cotton,1,20.6,900.0,6.803505257608338
Dhakai jamdani -Dark Purple,indian-womens-wear-online/women-ethnic-wear/handmade-handloom-sarees,Other,1,20.6,950.0,6.85751406254539
Original Resham saree  with blouse piece -Blue,indian-womens-wear-online/women-ethnic-wear/handmade-handloom-sarees,Other,1,20.6,2000.0,7.601402334583733
Original Resham saree  with blouse piece -Brown,indian-womens-wear-online/women-ethnic-wear/handmade-handloom-sarees,Other,1,20.6,2000.0,7.601402334583733
Original Resham saree  with blouse piece -Burgundy,indian-womens-wear-online/women-ethnic-wear/handmade-handloom-sarees,Other,1,20.6,2000.0,7.601402334583733
Original Resham saree  with blouse piece -Red,indian-womens-wear-online/women-ethnic-wear/handmade-handloom-sarees,Other,1,20.6,2000.0,7.601402334583733
Exclusive Bengal Handloom Saree with Blouse piece,indian-womens-wear-online/women-ethnic-wear/handmade-handloom-sarees,Other,1,20.6,2070.0,7.635786861395585
"BANGERZ Madhubani Paintings For Wall Decoration - Framed Traditional Painting For Living Room Bedroom - Pichwai Frames For Wall Decor (Set of 6) (10inch x 13inch (Medium), Indian Art 6)",madhubani painting handmade,Other,6,25.4,1499.0,7.313220387090301
PAPER PLANE DESIGN Madhubani paintings for living room. Set of 3 canvas wrapped framed madhubani art for wall decor. 12 x 24 inch x 3 frames. (B),madhubani painting handmade,Other,3,60.96,2495.0,7.822444729489319
AAKARSHAK Handmade Madhubani Painting Lotus Fish Pair Theme Framed 12x16 Inch - Mithila Wall Art for Bedroom Office Living Room Vastu Decor Gift,madhubani painting handmade,Other,1,40.64,999.0,6.907755278982137
"BANGERZ Madhubani Paintings For Wall Decoration - Traditional Wall Painting For Living Room Bedroom - Indian Pichwai Wall Decor Big Size Frames (Set of 6) (Art 5, Medium, 10inch x 13inch)",madhubani painting handmade,Other,6,25.4,1499.0,7.313220387090301
"BANGERZ Madhubani Paintings For Wall Decoration - Pichwai Wall For Painting Living Room Bedroom - Big Size Frames For Office Wall Decor (Set of 6) (Medium (10inch x 13inch), Traditional Indian Art 1)",madhubani painting handmade,Other,6,25.4,1499.0,7.313220387090301
"Rousrie Madhubani Art Framed Painting For Home, Living Room, Hall | Traditional Rajasthani Pichwai Art Paitnings With Frame For Home Decor (Set Of 4)",madhubani painting handmade,Other,4,20.6,280.0,5.638354669333745
"Madhubani Buddha Painting –handmade Traditional Mithila Folk Art Wall Decor for Home, Office & Meditation Room – Serene Lord Buddha Under Bodhi Tree – Spiritual Gift for Housewarmin",madhubani painting handmade,Other,1,20.6,299.0,5.703782474656201
"ArtX Paper Indian Art Madhubani Paintings With Frames For Wall Decor, Wall Painting for Living Room, Bedroom, Office, Painting for Wall Decoration, 10x13 inch, Set of 6",madhubani painting handmade,Other,6,33.02,1424.0,7.261927092702751
AAKARSHAK Handmade Madhubani Fish Painting Framed 8x12 Inch - Small Mithila Wall Art Gift for Living Room Bedroom Office Decor,madhubani painting handmade,Other,1,30.48,699.0,6.551080335043404
"NoWorries Madhubani Art Big Wall Paintings For Living Room, Bedroom/Pichwai frames for wall decor - Traditional Indian Art Framed Paintings For Home Decor and Cafe decor/ Minimal art framed posters for wall decoration",madhubani painting handmade,Other,1,20.6,699.0,6.551080335043404
AAKARSHAK Handmade Madhubani Sun Painting Surya Mandala Vastu Theme Framed 12x16 Inch - Mithila Wall Art for Living Room Wall Decoration Gift,madhubani painting handmade,Other,1,40.64,999.0,6.907755278982137
AAKARSHAK Handmade Madhubani Painting Blue Elephant Tree Theme Framed 12x16 Inch - Mithila Wall Art for Bedroom Office Living Room Vastu Decor Gift,madhubani painting handmade,Other,1,40.64,999.0,6.907755278982137
AAKARSHAK Handmade Madhubani Painting Tree of Life Red Flower Theme Framed 12x16 Inch - Mithila Wall Art for Bedroom Office Living Room Decor Gift,madhubani painting handmade,Other,1,40.64,899.0,6.802394763324311
AAKARSHAK Handmade Madhubani Peacock Painting Fish Tree Theme Framed 12x16 Inch - Mithila Wall Art for Bedroom Office Living Room Vastu Decor Gift,madhubani painting handmade,Other,1,40.64,999.0,6.907755278982137
Rousrie Madhubani Wall Art Painting | Framed Wall Paintings For Home Décor | Wall Decoration Painting | Frames For Home Décor Office Frame Living Room (Design 11),madhubani painting handmade,Other,1,20.6,559.0,6.327936783729195
Livin'luxe Traditional Madhubani Goddess Wall Art with Wooden Frame | Folk Art HD UV Laminated Print on MDF | Indian Cultural Painting for Living Room Bedroom Office Decor 13.5 x 19.5 Inch,madhubani painting handmade,Wood,1,49.53,499.0,6.214608098422191
SAF paintings Madhubani Traditional Black frame painting for Wall Decoration SA-SANFK33359A,madhubani painting handmade,Other,1,20.6,198.0,5.293304824724492
"ArtX Paper Madhubani Paintings with Frame for Home Decor Wall Art, Wall Paintings for Living Room, Multicolor, Natural Wood Color Frames, 12.0x18.0 inch, Set of 3",madhubani painting handmade,Wood,3,45.72,998.0,6.906754778648554
AAKARSHAK Handmade Madhubani Peacock Painting Floral Border Long Vertical Theme Framed 8x23 Inch - Mithila Wall Art for Living Room Bedroom Narrow Wall Decor Gift,madhubani painting handmade,Other,1,58.42,999.0,6.907755278982137
"lord shree krishna Traditional Madhubani Painting of Radha Krishna – Mithila Folk Art Wall Decor for Living Room, Bedroom, and Puja Room – Framed Indian Ethnic Artwork",madhubani painting handmade,Other,1,20.6,299.0,5.703782474656201
"BANGERZ Madhubani Paintings for Wall Decoration, Traditional Living Room Decor - Indian Bedroom Office Wall Art Long Size Frames (Set of 4)(10x19inch) (Art 3, Brown Frame, Framed)",madhubani painting handmade,Other,4,48.26,1499.0,7.313220387090301
HOTHOUSE Madhubani Art Wall Painting Traditional Home Decoration With Frame For Living Room Bed Room Hotel Wall Decor Digital Reprint (14X20 inch),madhubani painting handmade,Other,1,50.8,799.0,6.684611727667927
MINI ART Beautiful Wall Mithila Painting/Madhubani Painting - Fully Handmade (14.5x22.5 Inch) - Unframed,madhubani painting handmade,Other,1,57.15,1499.0,7.313220387090301
AAKARSHAK Doli Kahar Madhubani Painting Handmade Large Framed 24x17 Inch - Mithila Bidai Wedding Wall Art for Living Room Hall Decor Gift,madhubani painting handmade,Other,1,43.18,2499.0,7.824046010856292
AAKARSHAK Handmade Madhubani Ganesha Painting Framed 8x12 Inch - Small Mithila Wall Art Gift for Living Room Bedroom Office Decor,madhubani painting handmade,Other,1,30.48,699.0,6.551080335043404
Artdarshan Set of 2 Handmade Madhubani Paintings | Original Mithila Art on Handmade Sheet | Traditional Fish & Sun Wall Decor | 19 x 9.5 Inch | Indian Folk Art for Living Room & Home Decoration,madhubani painting handmade,Other,2,24.13,1799.0,7.495541943884256
AAKARSHAK Handmade Madhubani Maa Durga Painting Face Theme Framed 12x16 Inch - Mithila Spiritual Wall Art for Living Room Puja Room Wall Decoration Gift,madhubani painting handmade,Other,1,40.64,999.0,6.907755278982137
AAKARSHAK Handmade Madhubani Painting Elephant Pair Tree Theme Framed 12x16 Inch - Mithila Wall Art for Bedroom Office Living Room Vastu Decor Gift,madhubani painting handmade,Other,1,40.64,999.0,6.907755278982137
MINI ART Madhubani Painting - Mithila Painting of Machliraas - Multi Colour - (22.5x15 Inch) - Fully Handmade Canvas Wall Art Without Frame,madhubani painting handmade,Other,1,38.1,1299.0,7.170119543449628
AAKARSHAK Shiv Parvati Painting for Wall Madhubani Handmade Large Framed 17x24 Inch - Mithila Shiv Parivar Religious Art for Puja Room Decor Gift,madhubani painting handmade,Other,1,60.96,2499.0,7.824046010856292
EasyGoods Traditional Madhubani Painting Wall Art for Home Decor | Handcrafted Mithila Art Painting for Living Room & Bedroom | Indian Folk Art Wall DecorPAI-MADHU-09,madhubani painting handmade,Other,1,20.6,199.0,5.298317366548036
AAKARSHAK Handmade Madhubani Painting Single Fish Lotus Mandala Theme Framed 12x16 Inch - Mithila Wall Art for Bedroom Office Living Room Vastu Decor Gift,madhubani painting handmade,Other,1,40.64,999.0,6.907755278982137
kotart Madhubani Art Wall Painting Traditional Home Decoration With Frame For Living Room Bed Room Hotel Wall Decor Digital Reprint (13X17 inch),madhubani painting handmade,Other,1,43.18,499.0,6.214608098422191
"Handmade Madhubani Painting, Traditional Indian Folk Art, Tree of Life, Vibrant Colors, Home Decor Wall Art(unframed)",madhubani painting handmade,Other,1,20.6,599.0,6.396929655216146
PAINTINGMANTRA Elephant Vastu Madhubani Canvas Wall Painting for Living Room | Ethnic Indian Elephant Wall Art for Home Decor | Office Size :41x56 cm Gallary Wraped,madhubani painting handmade,Other,1,56.0,949.0,6.856461984594587
AAKARSHAK Handmade Madhubani Fish Painting Long Vertical Framed 8x23 Inch - Mithila Wall Art for Living Room Bedroom Narrow Wall Decoration Gift,madhubani painting handmade,Other,1,58.42,999.0,6.907755278982137
MINI ART Mithila Madhubani Painting of Fish Fully Handmade Wall Art 15.5x6 Inch Unframed,madhubani painting handmade,Other,1,15.24,259.0,5.560681631015528
AAKARSHAK Handmade Madhubani Fish Painting Half Mandala Long Vertical Theme Framed 8x23 Inch - Mithila Wall Art for Living Room Bedroom Narrow Wall Decor Gift,madhubani painting handmade,Other,1,58.42,999.0,6.907755278982137
AAKARSHAK Handmade Madhubani Tree of Life Painting Bird Kachni Long Vertical Theme Framed 8x23 Inch - Mithila Wall Art for Living Room Bedroom Narrow Wall Decor Gift,madhubani painting handmade,Other,1,58.42,999.0,6.907755278982137
"ArtX Paper Madhubani Art Paintings with Frame for Home Decor, Wall Painting for Living Room, Multicolor, Natural Wood Color Frames, Set of 4",madhubani painting handmade,Wood,4,20.6,848.0,6.744059186311348
MINI ART Beautiful handmade madhubani/mithila painting of Radha & Krishna for living room/bed room/home decor (22 X 15 INCH)-UNFRAMED,madhubani painting handmade,Other,1,38.1,1399.0,7.24422751560335
AAKARSHAK Handmade Madhubani Peacock Painting Long Tail Tree Theme Framed 12x16 Inch - Mithila Wall Art for Bedroom Office Living Room Vastu Decor Gift,madhubani painting handmade,Other,1,40.64,999.0,6.907755278982137
"Handmade Madhubani Painting Traditional Indian Folk Art (unframed) | Vibrant Colors, Intricate Details, Original Artwork, Home Decor, Rolled Packed",madhubani painting handmade,Other,1,20.6,449.0,6.1092475827643655
"Rousrie Aesthetic Floral Madhubani Art Wall Painting for Living Room, Multicolor, Wood, Modern Style, Wall Mount, Pack of 3, 20 by 20 cm",madhubani painting handmade,Wood,3,20.0,399.0,5.991464547107982
EasyGoods Traditional Madhubani Painting Wall Art for Home Decor | Handcrafted Mithila Art Painting for Living Room & Bedroom | Indian Folk Art Wall DecorPAI-MADHU-142,madhubani painting handmade,Other,1,20.6,199.0,5.298317366548036
"Handmade Madhubani Painting Traditional Indian Folk Art (unframed) | Vibrant Colors, Intricate Details, Original Artwork, Home Decor, Rolled Packed",madhubani painting handmade,Other,1,20.6,499.0,6.214608098422191
MINI ART MITHILA PAINTING/MADHUBANI PAINTING OF FISH- FULLY HANDMADE- (16X6.5 INCH)-UNFRAMED,madhubani painting handmade,Other,1,16.51,249.0,5.521460917862246
"Sikhash Madhubani Art Canvas Painting | Lord Shiva and Goddess Parvati | Traditional Indian Folk Art Wall Decor for Living Room, Bedroom 35X29 Inches Unframed.",madhubani painting handmade,Other,1,73.66,1077.84,6.98364166881327
MINI ART Madhubani Painting of Dual Peacock - Fully Handmade (15.8 X 6 INCH)-UNFRAMED,madhubani painting handmade,Other,1,15.24,399.0,5.991464547107982
MINI ART MITHILA PAINTING/MADHUBANI PAINTING OF PEACOCK- FULLY HANDMADE (15.8 X 6 INCH)-UNFRAMED,madhubani painting handmade,Other,1,15.24,399.0,5.991464547107982
MINI ART Beautiful handmade madhubani/mithila painting of fish for living room/bed room/home decor (22 X 15 INCH)-UNFRAMED,madhubani painting handmade,Other,1,38.1,1399.0,7.24422751560335
MINI ART MITHILA PAINTING/MADHUBANI PAINTING OF BIRDS- FULLY HANDMADE(16X6 INCH)-UNFRAMED,madhubani painting handmade,Other,1,15.24,599.0,6.396929655216146
kotart Madhubani Art Wall Painting Traditional Home Decoration With Frame For Living Room Bed Room Hotel Wall Decor Digital Reprint (13X17 inch),madhubani painting handmade,Other,1,43.18,499.0,6.214608098422191
MINI ART MITHILA PAINTING/MADHUBANI PAINTING OF FISH- FULLY HANDMADE (15.5X 6 INCH)-UNFRAMED,madhubani painting handmade,Other,1,15.24,399.0,5.991464547107982
"kotart Traditional Art Home Decoration Painting Indian Madhubani Paintings With Frame For Living Room Bed Room Hotel Wall Decor Digital Reprint Engineered Wood Set of 3 (Art 6, 10x19 inch)",madhubani painting handmade,Wood,3,48.26,1399.0,7.24422751560335
MINI ART MITHILA PAINTING/MADHUBANI PAINTING - FULLY HANDMADE- (22X16) INCH Unframed,madhubani painting handmade,Other,1,20.6,1399.0,7.24422751560335
"kotart Traditional Indian Wall Art Madhubani Paintings for Living Room|Pichwai Art Painting for Wall Decoration|Framed Wall Painting for Home Room Bedroom Office Wall Décor|set of 6 (E, 13x17 inch)",madhubani painting handmade,Other,6,43.18,2374.0,7.772752716468742
MINI ART MITHILA PAINTING MADHUBANI PAINTING OF RADHA-KRISHNA (15 X 22 INCH)-UNFRAMED,madhubani painting handmade,Other,1,55.88,1499.0,7.313220387090301
MINI ART MITHILA PAINTING/MADHUBANI PAINTING OF PEACOCK- FULLY HANDMADE (15X6 INCH)- UNFRAMED,madhubani painting handmade,Other,1,15.24,299.0,5.703782474656201
Kashmiri Pashmina Shawl for Men & Women | Loni Shawl Premium Quality,pashmina shawl handmade,Pashmina/Cashmere,1,20.6,699.0,6.551080335043404
"Women's Soft Ethnic Kunj Metallic Golden Zari Embroidery Shawl, Faux Pashmina Kashmiri Shawl, Extra Soft and Warm Cashmere Feel Pashmina Shawls, Casual, stole, wraps",pashmina shawl handmade,Pashmina/Cashmere,1,20.6,2499.0,7.824046010856292
